datetime,temp_c,wind_speed_knots,wave_height_m,visibility_km,incidents
2023-01-01 00:00:00,6.474322746583051,7.386592,0.9177777777777778,17.861755796241933,0
2023-01-01 01:00:00,4.910832833548496,8.455703999999999,1.0616666666666665,18.108425895000398,0
2023-01-01 02:00:00,5.708862530439473,11.047490666666667,1.3177777777777777,17.600952631350975,0
2023-01-01 03:00:00,4.490587047423712,11.209477333333334,1.5999999999999999,17.19948119967749,0
2023-01-01 04:00:00,6.194345808542569,10.723517333333334,1.556111111111111,17.481113584940733,1
2023-01-01 05:00:00,3.9081642770095364,6.9978240000000005,1.7000000000000002,18.180040644484226,0
2023-01-01 06:00:00,2.8698326392335183,9.622008,1.7777777777777777,17.60782101584463,0
2023-01-01 07:00:00,5.611530309821809,10.140365333333333,1.735,18.063525225780644,0
2023-01-01 08:00:00,5.2095773572420345,12.084205333333335,1.7438888888888888,17.41604362744397,0
2023-01-01 09:00:00,4.958455487707719,13.509687999999999,1.8316666666666668,17.099079557160746,0
2023-01-01 10:00:00,5.975377347013771,13.963250666666667,1.761111111111111,16.710372307604896,1
2023-01-01 11:00:00,5.651674757764034,14.190032,1.7744444444444445,17.405430656269118,0
2023-01-01 12:00:00,6.510764512788896,13.250509333333333,1.8127777777777778,17.70198997016826,0
2023-01-01 13:00:00,5.098609246930305,14.967568,1.6288888888888888,16.026429122721748,0
2023-01-01 14:00:00,4.8530644015060345,14.773184,1.6533333333333333,17.40476849863713,0
2023-01-01 15:00:00,6.29709602235123,15.518322666666668,1.63,17.919911490462738,0
2023-01-01 16:00:00,3.645749509629949,13.736469333333332,1.5744444444444445,17.763678489359744,0
2023-01-01 17:00:00,4.908642958171424,13.153317333333334,1.4827777777777778,17.412244943813114,0
2023-01-01 18:00:00,5.889435772427061,13.833661333333334,1.5361111111111112,17.187170997785188,0
2023-01-01 19:00:00,3.4063139736257657,9.945981333333334,1.511111111111111,18.319335487881354,0
2023-01-01 20:00:00,3.954644474884821,8.164128,1.3633333333333333,17.756148636020722,0
2023-01-01 21:00:00,2.5863438930944884,9.298034666666666,1.241111111111111,18.543782674734203,0
2023-01-01 22:00:00,5.3026653868437865,6.641453333333334,1.235,18.21430374381383,0
2023-01-01 23:00:00,5.377906391462392,4.5356266666666665,1.183888888888889,19.304770169470743,0
2023-01-02 00:00:00,4.800838890206176,7.127413333333333,1.1222222222222222,18.151467514963525,0
2023-01-02 01:00:00,4.8179345422749265,9.427624,1.106111111111111,19.03668016879295,0
2023-01-02 02:00:00,6.359208970370762,8.002141333333332,1.116111111111111,18.387391609008755,0
2023-01-02 03:00:00,5.4163888251472985,7.872551999999999,1.0822222222222222,19.659866150317175,0
2023-01-02 04:00:00,2.7922051768518528,6.609056,1.01,18.454359194342864,0
2023-01-02 05:00:00,5.516423210494474,6.738645333333333,0.9405555555555556,18.282353981349456,0
2023-01-02 06:00:00,4.833557148156063,5.539943999999999,0.9311111111111111,18.391371901772917,0
2023-01-02 07:00:00,5.430669440375728,5.021586666666667,0.9266666666666666,18.485533107623187,0
2023-01-02 08:00:00,6.275170090269384,4.827202666666667,0.8266666666666667,17.55740914755707,0
2023-01-02 09:00:00,3.616043158129704,3.8228853333333332,0.8594444444444443,19.125100603488914,0
2023-01-02 10:00:00,4.19436525625425,4.697613333333334,0.8316666666666667,19.256833301886402,0
2023-01-02 11:00:00,5.421302147801451,4.5032293333333335,0.8216666666666667,19.868280410852766,0
2023-01-02 12:00:00,4.586644292904704,5.248368,0.8088888888888889,19.458601863367868,0
2023-01-02 13:00:00,3.9339605160936952,5.896314666666666,0.7666666666666666,19.82660104566995,0
2023-01-02 14:00:00,4.953405121449047,6.123096,0.7383333333333333,18.569781319170698,0
2023-01-02 15:00:00,6.0900833880450245,5.442752,0.7116666666666666,18.578329648426198,0
2023-01-02 16:00:00,2.087817364890673,5.442752,0.7188888888888889,18.702959825445838,0
2023-01-02 17:00:00,3.865671434610985,5.799122666666666,0.726111111111111,17.739486203385074,0
2023-01-02 18:00:00,5.347787030441151,7.095016,0.7200000000000001,18.286859129560412,0
2023-01-02 19:00:00,4.853989710969317,6.155493333333333,0.6883333333333334,18.561991377300284,0
2023-01-02 20:00:00,2.6786341440548966,6.673850666666667,0.6911111111111111,17.495894826173075,0
2023-01-02 21:00:00,3.9383475949069733,4.730010666666667,0.668888888888889,18.50336014960007,0
2023-01-02 22:00:00,5.031083232614554,4.406037333333334,0.6411111111111111,18.176325751802832,0
2023-01-02 23:00:00,4.4649097090569425,3.790488,0.6594444444444444,18.7300550351389,0
2023-01-03 00:00:00,6.290191395401699,5.669533333333334,0.67,18.67591460626898,0
2023-01-03 01:00:00,3.2117211647137602,5.572341333333334,0.6544444444444445,18.487166432644052,0
2023-01-03 02:00:00,6.0586782243688475,2.8509653333333334,0.6377777777777778,19.34175303892714,0
2023-01-03 03:00:00,5.941287490877002,0.16198666666666667,0.6194444444444445,19.678298281037804,0
2023-01-03 04:00:00,3.837635073242337,3.077746666666666,0.655,18.03137186397242,0
2023-01-03 05:00:00,5.247234637670945,5.34556,0.6522222222222223,18.856933651264836,0
2023-01-03 06:00:00,3.9769871611051806,6.673850666666667,0.6188888888888889,17.9996012371947,0
2023-01-03 07:00:00,4.913364775133064,6.868234666666666,0.585,18.105122311060793,0
2023-01-03 08:00:00,6.577102037299009,7.127413333333333,0.601111111111111,19.198252353164403,0
2023-01-03 09:00:00,4.700058694129413,7.613373333333333,0.5627777777777777,18.53695891223495,0
2023-01-03 10:00:00,6.185714466031346,8.876869333333334,0.5933333333333333,18.42787927263043,0
2023-01-03 11:00:00,4.405013175783069,11.274272000000002,0.5983333333333333,17.206779141062214,0
2023-01-03 12:00:00,4.804703970542961,13.866058666666667,0.6649999999999999,18.079882016473224,0
2023-01-03 13:00:00,4.648022809582645,11.177079999999998,0.7455555555555556,17.39868438387199,0
2023-01-03 14:00:00,4.402068913594867,9.7192,0.755,16.9707277901089,0
2023-01-03 15:00:00,3.842339955683189,13.606879999999999,0.8816666666666667,16.79391941014765,1
2023-01-03 16:00:00,5.081319762291088,14.352018666666666,1.0433333333333332,17.75555149913006,0
2023-01-03 17:00:00,6.646819707766856,11.387662666666666,1.07,17.325161534098573,0
2023-01-03 18:00:00,5.221152013015499,18.984837333333335,1.2655555555555555,17.350212772480397,0
2023-01-03 19:00:00,6.5722087824158395,17.850930666666667,1.36,17.00539736133906,0
2023-01-03 20:00:00,3.240415546620626,17.105791999999997,1.4749999999999999,18.41394122697116,0
2023-01-03 21:00:00,4.824982164383796,17.49456,1.51,14.364285544103602,0
2023-01-03 22:00:00,4.795577363870627,15.874693333333333,1.49,16.400674658819224,0
2023-01-03 23:00:00,5.63045307103705,16.652229333333334,1.5088888888888887,17.37604586881196,0
2023-01-04 00:00:00,5.608305656799374,19.406002666666666,1.7561111111111112,15.789713865706512,0
2023-01-04 01:00:00,6.453130570898616,18.142506666666666,2.0216666666666665,16.589877634116622,0
2023-01-04 02:00:00,5.173357068357333,18.093910666666666,2.0655555555555556,15.658182516744995,1
2023-01-04 03:00:00,4.739043430679023,16.069077333333333,1.9144444444444444,16.32981290217141,0
2023-01-04 04:00:00,3.2128741720861558,15.388733333333333,1.95,16.85485911100556,0
2023-01-04 05:00:00,6.096026853871291,15.161952,1.8872222222222221,17.122700591646698,0
2023-01-04 06:00:00,4.832345041832376,14.935170666666666,1.8,16.401773325184422,0
2023-01-04 07:00:00,6.92007306108817,16.587434666666667,1.8155555555555558,17.386876000880385,0
2023-01-04 08:00:00,4.913611742772165,15.356335999999999,1.8250000000000002,14.592642063886506,1
2023-01-04 09:00:00,5.674559625967361,15.777501333333333,1.7722222222222221,16.662968464903997,0
2023-01-04 10:00:00,5.123525311261148,16.231064,1.8516666666666666,17.375401062430686,0
2023-01-04 11:00:00,6.0966405122345355,14.578800000000001,1.7983333333333336,15.870444819883575,1
2023-01-04 12:00:00,2.4835896378577345,9.362829333333332,1.8027777777777778,17.636093417346228,0
2023-01-04 13:00:00,7.046254027519642,10.399544,1.7700000000000002,16.55835482190451,0
2023-01-04 14:00:00,5.22043686078373,8.358512,1.6577777777777776,17.560696150263478,0
2023-01-04 15:00:00,4.9945704498132395,7.742962666666666,1.482222222222222,18.237511787036837,0
2023-01-04 16:00:00,6.610591665597152,5.637136000000001,1.3922222222222222,18.664397354410486,0
2023-01-04 17:00:00,3.783020492682743,6.025904000000001,1.472222222222222,17.86744466146019,0
2023-01-04 18:00:00,4.226180455426739,7.580976,1.6805555555555554,18.374748347028987,0
2023-01-04 19:00:00,4.460769132677267,7.386592,1.6283333333333332,19.363893169526705,0
2023-01-04 20:00:00,5.074339388760541,7.2894000000000005,1.4744444444444447,18.78349661141112,0
2023-01-04 21:00:00,3.9395528446468693,9.362829333333332,1.4794444444444446,17.92487141693636,0
2023-01-04 22:00:00,6.004151926042826,9.945981333333334,1.5038888888888888,16.81736383807198,0
2023-01-04 23:00:00,4.232852661801884,8.844472,1.4388888888888889,18.080451108337396,0
2023-01-05 00:00:00,8.135808612170402,9.654405333333333,1.4277777777777778,16.757560468761657,0
2023-01-05 01:00:00,5.548581335166555,7.257002666666668,1.2866666666666668,18.510431510388486,0
2023-01-05 02:00:00,5.012195906005672,8.423306666666667,1.222222222222222,18.45468190410748,0
2023-01-05 03:00:00,4.571548239560353,5.7343280000000005,1.1733333333333331,18.250727458619817,1
2023-01-05 04:00:00,4.000061277205353,7.807757333333332,1.1738888888888888,18.163859771880507,0
2023-01-05 05:00:00,3.54045944523017,10.950298666666667,1.1994444444444443,17.207201298590995,0
2023-01-05 06:00:00,4.678821923435,12.699754666666665,1.1844444444444444,17.078636712077294,0
2023-01-05 07:00:00,4.418777355544721,12.602562666666666,1.2249999999999999,17.087042379029395,0
2023-01-05 08:00:00,4.914599221780651,11.533450666666667,1.228888888888889,16.96867836346868,0
2023-01-05 09:00:00,4.270994683695237,11.565848,1.2705555555555554,18.610786901636203,0
2023-01-05 10:00:00,6.036860505394254,6.123096,1.271111111111111,19.562194481981233,0
2023-01-05 11:00:00,3.914546709315608,3.628501333333334,1.323888888888889,18.05834209866055,0
2023-01-05 12:00:00,5.8001058196999296,9.330432,1.3205555555555557,17.23969837063134,0
2023-01-05 13:00:00,4.459939584989239,11.695437333333333,1.3844444444444444,18.363159299195015,0
2023-01-05 14:00:00,7.26626640279504,10.917901333333333,1.402222222222222,17.239551254724287,0
2023-01-05 15:00:00,6.09269159392677,9.945981333333334,1.5016666666666667,17.661001354137586,0
2023-01-05 16:00:00,5.9892304770823195,9.136048,1.478888888888889,17.907919026659737,0
2023-01-05 17:00:00,6.551855932695056,9.006458666666667,1.4727777777777777,17.263194562263013,0
2023-01-05 18:00:00,2.9662277858917405,7.775359999999999,1.4044444444444444,17.86618004726181,0
2023-01-05 19:00:00,5.47125279781014,10.205160000000001,1.3233333333333335,17.857821723581868,0
2023-01-05 20:00:00,4.2534828029104315,11.371464000000001,1.2538888888888888,17.178053217112225,0
2023-01-05 21:00:00,4.8298918722814,11.825026666666666,1.2538888888888888,18.264662232494427,0
2023-01-05 22:00:00,5.057863966977993,10.950298666666667,1.2794444444444444,18.511014563732967,0
2023-01-05 23:00:00,5.214807585683474,6.447069333333334,1.2122222222222223,17.651234553243828,0
2023-01-06 00:00:00,4.310770314665791,8.002141333333334,1.142222222222222,16.187655897151966,0
2023-01-06 01:00:00,4.559171100781658,10.593928,1.201111111111111,17.597467372356643,0
2023-01-06 02:00:00,4.2402618238887095,10.237557333333333,1.1694444444444445,18.460315040250904,0
2023-01-06 03:00:00,5.043771954297965,10.334749333333333,1.1561111111111109,17.000411862005098,0
2023-01-06 04:00:00,7.627390543026319,10.755914666666667,1.1705555555555556,16.175752624559074,0
2023-01-06 05:00:00,4.616598351489331,12.505370666666666,1.1655555555555555,16.54155820316448,1
2023-01-06 06:00:00,3.538812602828683,12.991330666666668,1.1688888888888889,17.45817343562429,1
2023-01-06 07:00:00,4.969728238278143,10.172762666666666,1.18,17.1484488901627,0
2023-01-06 08:00:00,4.164692300652077,6.965426666666666,1.125,19.30897516679852,0
2023-01-06 09:00:00,3.9973663837637545,8.196525333333334,1.1005555555555555,17.73374292295448,0
2023-01-06 10:00:00,6.4631833885169705,8.131730666666668,1.135,18.843560932781035,0
2023-01-06 11:00:00,4.407472479628472,9.686802666666667,1.1505555555555553,18.765405418879805,0
2023-01-06 12:00:00,5.741813660612423,11.403861333333333,1.135,18.383797472241096,0
2023-01-06 13:00:00,4.8381410224255035,8.650088,1.1272222222222223,17.740431605395795,0
2023-01-06 14:00:00,2.956291992906976,10.334749333333333,1.047777777777778,18.32528422461096,1
2023-01-06 15:00:00,3.6826872518455667,9.136048,1.0022222222222223,17.873732093878385,0
2023-01-06 16:00:00,5.534761542906836,7.613373333333333,1.0711111111111111,18.51945879783521,0
2023-01-06 17:00:00,6.036519444835267,7.483784,1.0161111111111112,18.87691411913019,0
2023-01-06 18:00:00,4.72489621533833,7.710565333333334,1.0250000000000001,17.632128561984626,0
2023-01-06 19:00:00,3.1413435921492163,5.896314666666666,1.0266666666666666,17.790019779480435,0
2023-01-06 20:00:00,3.479734102020075,1.1987013333333334,1.0433333333333332,18.43775049369255,0
2023-01-06 21:00:00,5.904440014868755,1.6198666666666668,1.0144444444444445,18.97946740311376,0
2023-01-06 22:00:00,3.6937359487129844,6.252685333333333,1.0038888888888888,18.08398914536957,0
2023-01-06 23:00:00,4.696675369783636,12.051808,0.9311111111111111,18.407034900585398,1
2023-01-07 00:00:00,7.232475653984895,18.239698666666666,1.0361111111111112,16.45459418138561,0
2023-01-07 01:00:00,5.011055649945509,19.60038666666667,1.2738888888888888,15.938512471013041,0
2023-01-07 02:00:00,5.189627450026468,20.377922666666667,1.4766666666666666,14.473380130120953,1
2023-01-07 03:00:00,4.067820290142888,21.252650666666664,1.6077777777777778,16.05534844057411,0
2023-01-07 04:00:00,5.940605078085853,21.706213333333334,1.6083333333333334,15.245868364285386,0
2023-01-07 05:00:00,4.378564955535967,21.447034666666667,1.5122222222222224,16.934859880320406,0
2023-01-07 06:00:00,6.502317664273785,17.81853333333333,1.3172222222222223,16.607353673802105,0
2023-01-07 07:00:00,5.5964475926490245,16.490242666666667,1.271111111111111,17.76284952476901,0
2023-01-07 08:00:00,5.829302571393241,16.198666666666664,1.136111111111111,14.897297798259734,0
2023-01-07 09:00:00,6.160400344453211,16.814216,1.1555555555555554,15.274930532354611,0
2023-01-07 10:00:00,4.690387057361567,16.619832,1.1183333333333334,17.328560040991544,1
2023-01-07 11:00:00,4.50784028844877,16.652229333333334,1.1394444444444445,16.48964994896293,0
2023-01-07 12:00:00,3.253853351512815,16.133872,1.1683333333333332,17.37941026926917,1
2023-01-07 13:00:00,5.082970571745572,15.356335999999999,1.1333333333333333,17.9153992485182,1
2023-01-07 14:00:00,7.071828293431253,15.842296,1.1094444444444445,16.19957811701313,0
2023-01-07 15:00:00,4.742641584178537,15.712706666666667,1.098888888888889,17.161442024326707,0
2023-01-07 16:00:00,4.2207304955649585,15.874693333333333,1.156111111111111,16.330245752870653,0
2023-01-07 17:00:00,1.806099768021842,14.449210666666668,1.0716666666666668,16.41285307957619,0
2023-01-07 18:00:00,5.359657384416468,13.606879999999999,0.9816666666666666,18.37399501031863,0
2023-01-07 19:00:00,6.177845524015299,15.388733333333333,0.935,17.361949178093678,0
2023-01-07 20:00:00,4.907159799002544,15.550719999999998,0.9605555555555556,16.96493351989408,0
2023-01-07 21:00:00,6.162103040260212,15.939487999999999,0.9777777777777777,16.578502560728293,0
2023-01-07 22:00:00,4.425544178109836,15.680309333333334,0.9705555555555555,16.083385617682424,0
2023-01-07 23:00:00,6.312379553465969,15.129554666666666,0.9244444444444445,16.55013112036764,0
2023-01-08 00:00:00,6.286846064743038,17.138189333333333,0.9422222222222222,16.344635239265042,0
2023-01-08 01:00:00,4.664283391379638,18.207301333333334,1.0422222222222224,15.042082087698054,0
2023-01-08 02:00:00,6.473196132407964,17.462162666666668,1.0805555555555555,17.034148622940716,1
2023-01-08 03:00:00,3.3559544889516086,18.401685333333333,1.1127777777777779,16.5884185664536,0
2023-01-08 04:00:00,7.923360316541461,17.397368,1.066111111111111,14.904723741934555,0
2023-01-08 05:00:00,6.092194618400626,17.332573333333332,0.9883333333333333,15.458444351239715,0
2023-01-08 06:00:00,3.342452924306835,17.72134133333333,0.985,16.27032845421073,0
2023-01-08 07:00:00,5.913795734947015,16.004282666666665,0.8911111111111111,16.802100681250966,0
2023-01-08 08:00:00,7.161136172926535,16.263461333333332,0.8344444444444444,16.731847882391897,0
2023-01-08 09:00:00,4.396501431971025,16.749421333333334,0.8644444444444445,16.799733280131818,1
2023-01-08 10:00:00,4.870382009019266,15.226746666666665,0.8588888888888889,15.827338574669156,0
2023-01-08 11:00:00,6.253070698878838,13.866058666666667,0.8288888888888888,17.557973674122447,1
2023-01-08 12:00:00,4.584020094852008,13.444893333333333,0.77,16.9280667747397,0
2023-01-08 13:00:00,5.170940003049344,11.598245333333333,0.8022222222222223,17.423018832761795,0
2023-01-08 14:00:00,5.9308073253753095,10.593928,0.7966666666666667,16.69435182578377,0
2023-01-08 15:00:00,6.385012121416017,7.872552,0.6866666666666666,18.729496885510354,0
2023-01-08 16:00:00,4.546119651419416,6.933029333333334,0.6644444444444444,18.79367803642603,0
2023-01-08 17:00:00,7.442073686351702,7.192208000000001,0.5666666666666667,17.895779055030772,0
2023-01-08 18:00:00,2.610122772145362,3.4665146666666664,0.5038888888888889,19.242964704775158,0
2023-01-08 19:00:00,6.458383024389306,3.7256933333333335,0.4494444444444445,19.08699009619245,0
2023-01-08 20:00:00,4.971041522925119,5.021586666666667,0.3972222222222222,17.497529883015115,0
2023-01-08 21:00:00,5.457849306188152,3.304528,0.385,18.805090389730406,0
2023-01-08 22:00:00,7.27934034954268,6.317480000000001,0.36000000000000004,17.802025074352333,0
2023-01-08 23:00:00,5.377762050635766,6.090698666666667,0.34055555555555556,18.7617251545676,0
2023-01-09 00:00:00,3.9838069859331875,9.136048,0.3333333333333333,18.15579501344479,0
2023-01-09 01:00:00,3.7635668639320308,10.399544,0.3988888888888889,18.453138067046,0
2023-01-09 02:00:00,5.867341945462634,10.237557333333333,0.4633333333333333,17.169371783443843,0
2023-01-09 03:00:00,4.715262550748732,12.602562666666666,0.5133333333333333,17.5331875050022,0
2023-01-09 04:00:00,4.973270255143626,12.796946666666665,0.6172222222222222,18.678972373447213,0
2023-01-09 05:00:00,5.112787755109339,11.144682666666668,0.6838888888888889,17.181012039914183,0
2023-01-09 06:00:00,6.122625024897118,10.658722666666668,0.7138888888888889,18.412969724691305,0
2023-01-09 07:00:00,6.182812113984508,12.440576,0.785,17.208038497244093,0
2023-01-09 08:00:00,3.258689770083068,8.099333333333332,0.785,18.519981356838056,0
2023-01-09 09:00:00,6.330427554834031,5.086381333333334,0.77,18.597809291768012,0
2023-01-09 10:00:00,5.691319342920218,6.025904000000001,0.7372222222222223,19.52408481106625,0
2023-01-09 11:00:00,7.0970728774188485,6.900631999999999,0.7272222222222222,17.979814977977394,0
2023-01-09 12:00:00,3.948220565932434,9.298034666666666,0.7016666666666667,17.069477162400776,0
2023-01-09 13:00:00,4.396725977857739,9.589610666666667,0.7044444444444444,17.519875460367142,0
2023-01-09 14:00:00,4.765912480844885,12.440576,0.7266666666666666,17.826690322821985,0
2023-01-09 15:00:00,4.831927246383135,11.727834666666666,0.7094444444444443,16.427598629819133,1
2023-01-09 16:00:00,3.013825781647417,13.218112,0.7494444444444445,18.373919297683845,0
2023-01-09 17:00:00,6.071668896597657,13.963250666666667,0.7727777777777778,17.250189398975234,0
2023-01-09 18:00:00,5.095696947036205,12.958933333333333,0.79,18.14130601246751,0
2023-01-09 19:00:00,6.569756774702644,14.837978666666666,0.7455555555555556,18.199146647819802,0
2023-01-09 20:00:00,4.524562718008467,17.235381333333333,0.8466666666666667,17.21121886478224,0
2023-01-09 21:00:00,4.806985305525452,17.008599999999998,0.9716666666666667,16.931364990638553,1
2023-01-09 22:00:00,8.017859082840156,17.867129333333335,1.0161111111111112,16.54239524529305,0
2023-01-09 23:00:00,4.053007432719735,19.60038666666667,1.0172222222222222,16.11147538147109,0
2023-01-10 00:00:00,3.6143605369833556,20.15114133333333,1.151111111111111,15.143148532769523,0
2023-01-10 01:00:00,4.930872602955631,17.883328000000002,1.1683333333333332,17.504602714812208,0
2023-01-10 02:00:00,6.411158150692089,16.198666666666664,1.0983333333333334,16.67909382123184,0
2023-01-10 03:00:00,8.046002518144318,16.231064,1.0438888888888889,17.039302923177555,0
2023-01-10 04:00:00,5.411916541571885,16.295858666666664,0.9661111111111111,15.315430035167493,0
2023-01-10 05:00:00,4.47860284634831,17.364970666666665,1.0311111111111113,16.369537714844572,0
2023-01-10 06:00:00,5.087345912519086,16.52264,1.1216666666666668,16.884355974028804,1
2023-01-10 07:00:00,4.896100015940143,16.328256,1.1649999999999998,17.582202649592297,1
2023-01-10 08:00:00,7.253886441114456,15.550719999999998,1.123888888888889,15.742828927812573,0
2023-01-10 09:00:00,3.3043977427803313,18.46648,1.0905555555555557,16.875123420168368,1
2023-01-10 10:00:00,4.3628109407166695,17.364970666666668,1.0644444444444445,17.858087661733535,0
2023-01-10 11:00:00,5.842564203501444,14.514005333333335,0.965,16.942517641025677,0
2023-01-10 12:00:00,4.848263087778265,13.412495999999999,0.9361111111111112,18.063926808774685,0
2023-01-10 13:00:00,5.556293882266778,12.343384,0.8827777777777778,17.99565445110261,1
2023-01-10 14:00:00,5.136584158616244,10.561530666666666,0.815,16.99700734900787,0
2023-01-10 15:00:00,3.6868602504861374,10.334749333333333,0.765,18.63953812329612,0
2023-01-10 16:00:00,6.152533785950728,11.760232,0.7316666666666666,17.656460837023115,1
2023-01-10 17:00:00,4.894687376576436,11.112285333333332,0.7038888888888889,18.114996103277353,0
2023-01-10 18:00:00,4.2326576294292115,11.274272000000002,0.6755555555555556,16.420752160417713,0
2023-01-10 19:00:00,3.7419608846329093,12.602562666666666,0.7433333333333333,16.58891173286401,0
2023-01-10 20:00:00,4.605605921451566,10.982695999999999,0.7155555555555555,17.39882960266888,0
2023-01-10 21:00:00,3.3800280998747163,8.520498666666667,0.706111111111111,18.638715124915063,0
2023-01-10 22:00:00,4.7395559584521125,7.224605333333334,0.6927777777777777,17.23360015251963,0
2023-01-10 23:00:00,4.7391533444695355,7.159810666666666,0.6344444444444445,17.714419331302125,0
2023-01-11 00:00:00,4.260285318465102,6.641453333333334,0.5705555555555555,18.5327747793864,0
2023-01-11 01:00:00,4.750585558478947,6.155493333333333,0.5127777777777778,17.34175035766861,1
2023-01-11 02:00:00,2.563773960110312,6.900631999999999,0.48055555555555557,18.109848387411986,0
2023-01-11 03:00:00,3.009697909676389,9.654405333333335,0.48055555555555557,17.632191060597272,0
2023-01-11 04:00:00,3.6302448734031785,10.269954666666665,0.5044444444444444,18.56646571241082,1
2023-01-11 05:00:00,3.5268663574130357,11.274272000000002,0.5105555555555555,17.683806103078023,0
2023-01-11 06:00:00,4.404454783778313,12.602562666666666,0.5966666666666667,18.274534467277658,0
2023-01-11 07:00:00,4.830491009050255,13.606880000000002,0.7205555555555555,17.550872666128935,0
2023-01-11 08:00:00,5.41328292726799,12.537768,0.7761111111111112,16.77678796544583,0
2023-01-11 09:00:00,7.447386405847612,12.926535999999999,0.775,17.59814675739711,0
2023-01-11 10:00:00,6.610757265675395,13.088522666666668,0.7466666666666667,17.911235361415493,0
2023-01-11 11:00:00,4.540981041614255,14.254826666666666,0.7466666666666667,16.399142697221762,0
2023-01-11 12:00:00,5.584820362637772,14.773184,0.8405555555555555,16.007036971777865,1
2023-01-11 13:00:00,4.053209789168769,13.704072000000002,0.9072222222222223,17.512430192299416,0
2023-01-11 14:00:00,3.492086313874894,12.764549333333335,0.8938888888888888,18.295786151430367,1
2023-01-11 15:00:00,4.147887621367943,11.468656000000001,0.8388888888888889,17.03834629556655,0
2023-01-11 16:00:00,7.4217321527305655,11.241874666666666,0.8383333333333333,17.87777584639336,0
2023-01-11 17:00:00,5.2146291755707335,10.626325333333332,0.8594444444444443,17.112429335242926,0
2023-01-11 18:00:00,7.956702329626293,11.144682666666668,0.8588888888888889,17.40673138798778,0
2023-01-11 19:00:00,4.169715369288089,11.047490666666667,0.8577777777777778,17.041139176031585,0
2023-01-11 20:00:00,4.195515109583639,8.974061333333333,0.846111111111111,17.399688225076208,0
2023-01-11 21:00:00,4.866305943727601,7.678167999999999,0.8338888888888888,17.539912478241696,0
2023-01-11 22:00:00,5.654473528467219,8.617690666666666,0.8155555555555556,17.103966210139745,0
2023-01-11 23:00:00,4.197604563598136,8.650087999999998,0.785,17.8112911393834,0
2023-01-12 00:00:00,3.744771957905025,8.974061333333333,0.7999999999999999,18.178340533913385,0
2023-01-12 01:00:00,5.780593405316598,9.816391999999999,0.7577777777777778,17.938682351884434,0
2023-01-12 02:00:00,6.00196428335962,10.464338666666666,0.7405555555555555,16.159579878211318,0
2023-01-12 03:00:00,4.806257384130384,10.010776,0.7522222222222222,18.617307625957743,0
2023-01-12 04:00:00,6.112985499595518,10.853106666666667,0.7677777777777778,17.238755352789184,1
2023-01-12 05:00:00,4.724052229650816,9.816392,0.795,16.92435512704763,0
2023-01-12 06:00:00,4.489338524443027,11.727834666666666,0.82,18.14582341910938,0
2023-01-12 07:00:00,5.13492259834119,13.963250666666667,0.8711111111111111,17.764775081627395,0
2023-01-12 08:00:00,4.616676227407005,16.781818666666666,0.9711111111111111,17.57803339548995,0
2023-01-12 09:00:00,4.642538895669994,17.688944,1.0822222222222224,16.683471603407742,0
2023-01-12 10:00:00,3.497663213286252,18.110109333333334,1.23,16.212671998195848,0
2023-01-12 11:00:00,5.148460127560876,15.712706666666664,1.327222222222222,16.825009159629513,0
2023-01-12 12:00:00,5.233679096172925,10.820709333333333,1.238888888888889,17.982700284153072,0
2023-01-12 13:00:00,5.197462882198436,8.099333333333334,1.1544444444444444,17.22670263160555,0
2023-01-12 14:00:00,5.92769399928768,6.544261333333334,1.0933333333333335,17.20276734163696,0
2023-01-12 15:00:00,6.25539492330062,6.285082666666667,1.1127777777777779,17.895929407031392,0
2023-01-12 16:00:00,6.588770669396577,4.730010666666667,1.0911111111111111,18.713627359241812,0
2023-01-12 17:00:00,3.5909022312356362,7.257002666666668,1.1116666666666666,16.885211260351166,0
2023-01-12 18:00:00,4.903814960580557,11.760232,1.0533333333333335,18.48900692738358,0
2023-01-12 19:00:00,5.229453477072059,11.079887999999999,1.0983333333333334,17.150726603340587,0
2023-01-12 20:00:00,4.64821374289311,13.315304,1.176111111111111,17.823630232329847,1
2023-01-12 21:00:00,5.213066221980638,15.097157333333334,1.3172222222222223,16.453130827878653,0
2023-01-12 22:00:00,5.058375851601471,16.943805333333334,1.3977777777777778,15.80570381722093,0
2023-01-12 23:00:00,3.384091325622295,12.732152,1.4933333333333334,17.08702639163297,0
2023-01-13 00:00:00,4.2241438943956435,18.498877333333336,1.5888888888888888,15.228332243752552,0
2023-01-13 01:00:00,6.712512997486395,18.790453333333335,1.735,15.581450300653442,0
2023-01-13 02:00:00,3.2067564950619665,23.585258666666665,2.2544444444444447,15.065329578067482,1
2023-01-13 03:00:00,5.337033806683741,22.12737866666667,2.7099999999999995,15.884540730931425,1
2023-01-13 04:00:00,3.469464577191262,24.36279466666667,2.752222222222222,14.966686927252725,0
2023-01-13 05:00:00,4.904336207638793,23.066901333333334,2.9955555555555553,13.513820034910154,1
2023-01-13 06:00:00,5.080958014178182,23.844437333333335,2.8866666666666667,13.540675268057585,1
2023-01-13 07:00:00,4.626732868098579,24.136013333333334,2.896666666666667,16.99918001166189,1
2023-01-13 08:00:00,5.161042064149069,21.090664,2.905,14.403254300124567,0
2023-01-13 09:00:00,4.465369160040395,20.89628,2.7355555555555555,15.480149434085908,1
2023-01-13 10:00:00,5.476760275236763,19.891962666666668,2.603333333333333,16.45610947527779,0
2023-01-13 11:00:00,6.804195073102375,19.30881066666667,2.800555555555556,16.3452951499714,0
2023-01-13 12:00:00,6.58721479286091,18.855248,2.7466666666666666,15.860373554966346,0
2023-01-13 13:00:00,4.962775722480295,15.485925333333332,2.6833333333333336,16.592362331735774,1
2023-01-13 14:00:00,3.972200554375116,16.619832,2.5980555555555553,15.796877288913278,0
2023-01-13 15:00:00,4.120328508317094,17.559354666666668,2.5483333333333333,16.52010209490824,0
2023-01-13 16:00:00,3.5778824880850473,17.62414933333333,2.7027777777777775,17.01558354926148,1
2023-01-13 17:00:00,7.21098605051487,15.421130666666665,2.6205555555555553,15.21498044885125,0
2023-01-13 18:00:00,5.4924502299158595,11.695437333333333,2.76,17.773298240554364,0
2023-01-13 19:00:00,4.819933856370974,12.019410666666667,2.6127777777777776,17.055921921144503,0
2023-01-13 20:00:00,4.270980004697684,11.371464000000001,2.523888888888889,15.983938495828724,1
2023-01-13 21:00:00,6.022486764449277,14.870376,2.5105555555555554,16.537019338658126,1
2023-01-13 22:00:00,7.3512876553398385,16.879010666666666,2.7805555555555554,16.110698840173587,0
2023-01-13 23:00:00,5.764066445370003,17.235381333333333,2.578888888888889,16.056936037124075,0
2023-01-14 00:00:00,3.1644159468153084,18.531274666666665,2.6327777777777777,16.514609817996515,0
2023-01-14 01:00:00,5.118887272886945,19.21161866666667,2.3716666666666666,16.360898816273156,0
2023-01-14 02:00:00,4.376901798310885,19.276413333333334,2.268333333333333,15.180393469360643,0
2023-01-14 03:00:00,4.404111329510774,21.220253333333332,2.1750000000000003,15.966505264180569,0
2023-01-14 04:00:00,4.548488121858173,20.73429333333333,2.056111111111111,16.477668934237673,1
2023-01-14 05:00:00,3.8687124133248703,21.479432,2.2827777777777776,15.499110180371892,1
2023-01-14 06:00:00,5.172758809966255,21.60902133333333,2.045,15.735237162676627,1
2023-01-14 07:00:00,7.6291844497191645,21.285048,2.151666666666667,16.083594676537825,1
2023-01-14 08:00:00,5.342525645320225,22.354159999999997,2.161111111111111,15.398501022179694,0
2023-01-14 09:00:00,3.4447437437779485,21.673816,2.160555555555556,14.244408192379844,1
2023-01-14 10:00:00,3.3359210840934246,21.285048,2.1566666666666667,14.841187116801478,0
2023-01-14 11:00:00,6.322298188907403,21.771008,2.132222222222222,15.250120054876708,1
2023-01-14 12:00:00,5.973739637639675,20.799087999999998,2.0722222222222224,14.481933897555507,0
2023-01-14 13:00:00,4.178339549585264,21.025869333333333,2.0894444444444447,15.979714172878403,0
2023-01-14 14:00:00,2.403528092642054,20.815286666666665,2.056111111111111,16.705409028437632,0
2023-01-14 15:00:00,4.641426721869573,20.799088,2.0594444444444444,14.826585053358635,0
2023-01-14 16:00:00,4.419269431041925,20.44271733333333,1.9922222222222221,14.509113479672045,0
2023-01-14 17:00:00,6.045026513149274,19.762373333333333,1.9294444444444443,17.36973093681324,0
2023-01-14 18:00:00,6.538181759869865,20.993472,1.9594444444444443,15.344805221913907,0
2023-01-14 19:00:00,5.058018509074013,22.386557333333332,2.1205555555555553,16.430952207889376,0
2023-01-14 20:00:00,5.1301763005925265,22.030186666666665,2.0944444444444446,16.092811553307932,1
2023-01-14 21:00:00,7.164591775363981,22.58094133333333,2.155,16.59723730003171,1
2023-01-14 22:00:00,6.582400730354947,22.937312000000002,2.1144444444444446,13.814191590779094,0
2023-01-14 23:00:00,6.266403518424011,24.03882133333333,2.3427777777777776,14.340052658421607,1
2023-01-15 00:00:00,6.4923983630523665,26.306634666666667,2.3016666666666663,13.807485240131387,1
2023-01-15 01:00:00,4.1651618345737615,27.375746666666668,2.3577777777777778,14.012702408723003,1
2023-01-15 02:00:00,4.295396440797448,26.047456,2.526111111111111,14.960578412906465,0
2023-01-15 03:00:00,5.873828196135398,27.440541333333332,2.6644444444444444,15.043330585102664,1
2023-01-15 04:00:00,3.4468107257251224,27.019375999999998,2.705,14.251549631660401,0
2023-01-15 05:00:00,6.383601288262548,25.59389333333333,2.5749999999999997,13.904821525924746,0
2023-01-15 06:00:00,6.671318116323963,25.464304,2.6155555555555554,14.26050477481102,1
2023-01-15 07:00:00,4.8666806292426,24.816357333333332,2.603333333333333,14.737083785230888,0
2023-01-15 08:00:00,3.7736673457678616,24.36279466666667,2.8083333333333336,15.080719863123948,1
2023-01-15 09:00:00,5.575151473149538,26.824991999999998,2.77,13.761560162237936,1
2023-01-15 10:00:00,5.101068659777734,27.764514666666667,2.8627777777777776,13.66880999752596,2
2023-01-15 11:00:00,3.6767272075408237,27.505336,2.7899999999999996,14.871660386248038,0
2023-01-15 12:00:00,5.649447793654499,27.148965333333333,2.77,13.465843213792157,0
2023-01-15 13:00:00,4.738826453793526,26.501018666666667,3.0322222222222224,15.42727740945341,0
2023-01-15 14:00:00,5.736740302315474,25.39950933333333,2.9116666666666666,15.984480791784575,0
2023-01-15 15:00:00,6.40199225480912,25.853071999999997,2.960555555555555,15.917682052385615,0
2023-01-15 16:00:00,5.76082354108087,25.561496,2.9222222222222225,14.813251258234365,0
2023-01-15 17:00:00,5.450512285845295,24.330397333333334,2.8816666666666664,14.363899624142357,1
2023-01-15 18:00:00,6.199067362323351,24.200808,2.8533333333333335,14.927620693212399,1
2023-01-15 19:00:00,6.704330308945598,23.390874666666665,2.832777777777778,16.509948103922053,0
2023-01-15 20:00:00,5.959446541132395,21.609021333333335,2.8905555555555558,14.889800927241607,0
2023-01-15 21:00:00,4.116368558498859,21.641418666666667,2.6416666666666666,16.43001730342433,0
2023-01-15 22:00:00,5.008548698794361,21.900597333333334,2.707222222222222,17.20676220042969,1
2023-01-15 23:00:00,2.9961434438872057,22.256968,2.6761111111111107,15.562569703336626,0
2023-01-16 00:00:00,5.28613509578036,21.511829333333335,2.6816666666666666,15.180325672721729,1
2023-01-16 01:00:00,5.607837423235279,21.41463733333333,2.643333333333333,15.56645840491512,0
2023-01-16 02:00:00,3.547550690973965,21.673816000000002,2.7694444444444444,14.921334392920317,0
2023-01-16 03:00:00,4.058668124573584,19.60038666666667,2.668333333333333,16.016238230200926,1
2023-01-16 04:00:00,4.5916479410745845,20.766690666666666,2.5655555555555556,15.9619817645477,0
2023-01-16 05:00:00,6.1644171599381155,21.38224,2.622777777777778,15.562765767391298,0
2023-01-16 06:00:00,6.726236816111794,20.34552533333333,2.5977777777777775,17.743821352431937,1
2023-01-16 07:00:00,6.025789169868148,19.50319466666667,2.5794444444444444,17.19859701753342,0
2023-01-16 08:00:00,5.624376693970823,19.92436,2.558333333333333,17.16813786456036,0
2023-01-16 09:00:00,7.054550922235066,19.60038666666667,2.428888888888889,15.706921411885938,0
2023-01-16 10:00:00,6.2452056501945075,20.215936,2.3105555555555557,15.238092215331278,1
2023-01-16 11:00:00,5.987274248312403,20.799088,2.2933333333333334,16.3107605266301,1
2023-01-16 12:00:00,3.3073011078130903,20.24833333333333,2.3033333333333332,16.737920704692097,0
2023-01-16 13:00:00,3.2106285124688796,19.049632,2.1816666666666666,16.228946222542216,0
2023-01-16 14:00:00,7.05024400144874,20.24833333333333,2.089444444444444,14.972567196810202,0
2023-01-16 15:00:00,4.865238067449256,17.688944000000003,2.1105555555555555,15.215691099526145,0
2023-01-16 16:00:00,4.681589298928613,15.777501333333333,1.9527777777777777,18.32751327444991,0
2023-01-16 17:00:00,3.781144984007913,17.786136,1.8233333333333333,16.181996674800835,1
2023-01-16 18:00:00,4.708068153243976,18.045314666666666,1.7227777777777777,16.62691490521509,0
2023-01-16 19:00:00,3.223409296913056,19.017234666666667,1.7305555555555554,16.185246592518606,0
2023-01-16 20:00:00,6.127730701421815,20.89628,1.7577777777777779,16.440468625696948,0
2023-01-16 21:00:00,3.9785112888131544,22.807722666666667,1.767777777777778,15.056012858250343,0
2023-01-16 22:00:00,5.67991340448728,16.846613333333334,1.5438888888888889,16.868928047766744,0
2023-01-16 23:00:00,5.1218032089782985,13.671674666666666,1.3644444444444446,16.434315317980644,0
2023-01-17 00:00:00,7.569435200924626,12.116602666666667,1.2622222222222221,18.47945869764668,0
2023-01-17 01:00:00,4.3800102419822355,15.388733333333334,1.1855555555555555,17.117045608783805,0
2023-01-17 02:00:00,6.3245986256916735,17.526957333333332,1.26,16.692866495203578,0
2023-01-17 03:00:00,3.812908668380029,14.773184,1.2361111111111112,16.61279570886127,0
2023-01-17 04:00:00,4.32513686049814,15.874693333333333,1.2644444444444445,16.716000158115538,0
2023-01-17 05:00:00,4.996298136365758,14.935170666666666,1.2466666666666668,16.95547469930086,0
2023-01-17 06:00:00,4.9643693955741135,15.097157333333334,1.198888888888889,14.344765396581517,1
2023-01-17 07:00:00,4.683241298833866,15.161952,1.146111111111111,16.468752411092684,0
2023-01-17 08:00:00,5.821771549209221,15.712706666666667,1.106111111111111,17.710390712468335,0
2023-01-17 09:00:00,2.605952182331136,12.667357333333333,1.1011111111111112,18.153664097982826,1
2023-01-17 10:00:00,5.035548270841315,11.565848,1.0033333333333332,16.95121663242243,0
2023-01-17 11:00:00,5.422299732192491,10.464338666666666,0.9283333333333333,17.73776654605509,0
2023-01-17 12:00:00,4.4233287474911585,8.26132,0.8627777777777778,18.299340030183785,0
2023-01-17 13:00:00,6.777849245584581,10.107968,0.778888888888889,18.16014032829698,0
2023-01-17 14:00:00,2.5390851015403606,9.460021333333334,0.8172222222222222,17.959266940416125,0
2023-01-17 15:00:00,5.730392579652103,8.585293333333334,0.7394444444444445,18.195422783523053,0
2023-01-17 16:00:00,3.6861222556808055,8.293717333333333,0.7272222222222222,17.951105231491464,0
2023-01-17 17:00:00,6.058863481051834,9.816392,0.7022222222222222,17.644277618981352,0
2023-01-17 18:00:00,6.4800074759100825,12.278589333333334,0.7127777777777778,16.73620176811883,0
2023-01-17 19:00:00,4.927905236041577,12.246192,0.7733333333333334,16.43403755513366,0
2023-01-17 20:00:00,4.785466049963237,11.987013333333335,0.7505555555555555,18.445336267171495,0
2023-01-17 21:00:00,6.470790251155279,13.574482666666666,0.8216666666666667,17.353296291341312,0
2023-01-17 22:00:00,6.334159592499488,13.477290666666667,0.9122222222222222,16.8632693769641,0
2023-01-17 23:00:00,3.3933854978572664,13.639277333333334,1.0016666666666667,16.541766005914436,0
2023-01-18 00:00:00,2.591014429282291,14.287224,0.9794444444444445,16.72748949883448,1
2023-01-18 01:00:00,5.179765046066193,15.291541333333333,1.0250000000000001,17.265066101017464,1
2023-01-18 02:00:00,7.426251413784624,13.574482666666666,0.9683333333333333,18.884466964659314,0
2023-01-18 03:00:00,7.229788566924604,13.574482666666666,0.9466666666666667,16.585878793156162,1
2023-01-18 04:00:00,6.176367363248893,13.282906666666667,1.0433333333333332,15.92636055882942,0
2023-01-18 05:00:00,4.413315596008164,14.319621333333336,1.0566666666666666,17.99350982819723,1
2023-01-18 06:00:00,4.805614244579874,13.704071999999998,1.0994444444444444,16.662849408435562,0
2023-01-18 07:00:00,2.146641530136627,13.282906666666667,1.1577777777777778,18.060857060751957,0
2023-01-18 08:00:00,5.000027329687234,14.157634666666667,1.196111111111111,18.009307466569187,0
2023-01-18 09:00:00,5.697921683234839,13.250509333333333,1.28,18.013796539984327,1
2023-01-18 10:00:00,7.818228953125328,15.615514666666664,1.318888888888889,15.90104832675506,0
2023-01-18 11:00:00,4.240865030916832,16.814216,1.2622222222222221,17.17617893700876,0
2023-01-18 12:00:00,3.6510902454284384,16.004282666666665,1.3694444444444445,17.204241034794443,0
2023-01-18 13:00:00,5.095658050593402,18.725658666666668,1.4055555555555557,16.31377161165012,0
2023-01-18 14:00:00,5.540922447546425,17.300176,1.462777777777778,15.960305171866422,1
2023-01-18 15:00:00,6.412960495839154,17.07339466666667,1.526111111111111,18.18223326619884,0
2023-01-18 16:00:00,6.8889433579992,18.434082666666665,1.5494444444444444,16.633750868992063,0
2023-01-18 17:00:00,6.047480614278219,14.319621333333332,1.4288888888888887,17.17437607871323,1
2023-01-18 18:00:00,4.397728546739912,13.477290666666667,1.3927777777777777,17.204877350613646,0
2023-01-18 19:00:00,3.370292252228501,14.870376,1.3816666666666666,16.219756238297432,0
2023-01-18 20:00:00,4.54653020602146,13.315304,1.3233333333333335,17.233743141044048,0
2023-01-18 21:00:00,5.911589522670856,12.181397333333335,1.3072222222222223,17.174399203883038,0
2023-01-18 22:00:00,4.631878425521837,12.375781333333334,1.25,16.64678053558644,0
2023-01-18 23:00:00,2.863357975038421,12.537768,1.2,17.526799858036853,0
2023-01-19 00:00:00,3.8299658897671627,13.768866666666668,1.1538888888888887,16.766490538906176,1
2023-01-19 01:00:00,3.2699706002811855,15.323938666666665,1.1277777777777778,16.289334812160316,0
2023-01-19 02:00:00,6.613161833561332,17.397368,1.1788888888888889,16.039842911237788,1
2023-01-19 03:00:00,4.149198034945407,16.03668,1.175,17.30348070192264,0
2023-01-19 04:00:00,5.491884760326908,15.129554666666666,1.08,17.010719609393533,0
2023-01-19 05:00:00,2.275158111548468,12.796946666666665,1.0922222222222222,18.35525784791903,0
2023-01-19 06:00:00,4.571071160199279,10.367146666666667,1.02,18.777037421245186,0
2023-01-19 07:00:00,3.687083692114079,10.69112,0.9666666666666667,16.911352904398395,0
2023-01-19 08:00:00,6.727738187510968,10.69112,0.9611111111111111,17.643027137657082,0
2023-01-19 09:00:00,3.8227759876897593,9.103650666666667,0.8627777777777778,18.27986504387255,0
2023-01-19 10:00:00,4.876844847511788,7.807757333333334,0.8105555555555556,17.807262130740792,0
2023-01-19 11:00:00,5.165112219387566,8.26132,0.7466666666666667,16.06259372177784,0
2023-01-19 12:00:00,2.350828379230726,8.455703999999999,0.6933333333333334,18.879085525753055,0
2023-01-19 13:00:00,7.362468941039244,7.257002666666666,0.6522222222222223,18.85662216673187,0
2023-01-19 14:00:00,5.37911706190318,4.179256,0.5677777777777778,18.20389178538363,0
2023-01-19 15:00:00,3.11240967225927,6.025904,0.5411111111111112,18.801186728547215,0
2023-01-19 16:00:00,4.415734383812004,5.83152,0.545,17.612085254934456,0
2023-01-19 17:00:00,6.41331208664932,7.580976,0.5183333333333334,16.48810449991936,0
2023-01-19 18:00:00,5.785479539671432,10.820709333333333,0.5038888888888889,18.28999435686946,0
2023-01-19 19:00:00,2.3433137325012168,12.63496,0.5944444444444444,16.702102127731525,1
2023-01-19 20:00:00,4.208090882910683,12.861741333333335,0.6538888888888889,16.967049963031094,0
2023-01-19 21:00:00,4.858550056822286,11.079887999999999,0.7105555555555556,18.18827215796588,0
2023-01-19 22:00:00,5.048818232463197,15.226746666666665,0.7327777777777778,15.987222290345626,0
2023-01-19 23:00:00,5.564149267323873,18.628466666666668,0.9261111111111111,16.4159583294588,0
2023-01-20 00:00:00,4.755682477788947,17.105791999999997,1.1077777777777778,17.463171994559932,0
2023-01-20 01:00:00,4.381234374709021,14.060442666666667,1.2227777777777777,17.11424804988976,0
2023-01-20 02:00:00,5.359234941595925,11.792629333333332,1.1666666666666667,17.628297431697693,0
2023-01-20 03:00:00,4.688425712599432,17.591752,1.1322222222222222,15.862753717450081,0
2023-01-20 04:00:00,5.466927809112878,14.740786666666667,1.1066666666666667,16.68767473079436,0
2023-01-20 05:00:00,5.309802527215771,6.738645333333333,1.05,17.968749292425624,0
2023-01-20 06:00:00,4.713256121100707,6.285082666666667,1.0472222222222223,18.749450029877394,0
2023-01-20 07:00:00,4.113073126042356,12.116602666666665,1.073888888888889,18.01732893621649,0
2023-01-20 08:00:00,5.1151672699269595,10.269954666666665,1.1672222222222224,18.769924723745913,0
2023-01-20 09:00:00,4.15034484994228,7.451386666666667,1.165,18.88358439130492,0
2023-01-20 10:00:00,4.2121142629067325,9.103650666666667,1.1511111111111112,17.901792249156248,0
2023-01-20 11:00:00,3.17197481332292,13.347701333333333,1.1205555555555555,16.188358826974305,1
2023-01-20 12:00:00,4.72956550507691,12.699754666666665,1.126111111111111,17.63562985914246,0
2023-01-20 13:00:00,6.175943127390497,13.218112,1.1183333333333334,17.816088550866553,0
2023-01-20 14:00:00,4.4652604993198795,14.546402666666665,1.3422222222222224,17.714017760901015,0
2023-01-20 15:00:00,5.012997342871597,16.879010666666666,1.4583333333333333,17.2008104870571,0
2023-01-20 16:00:00,6.010036253689282,18.43408266666667,1.6211111111111112,17.42367902101459,0
2023-01-20 17:00:00,3.9286983678839626,19.30881066666667,1.6983333333333333,14.631977009463716,0
2023-01-20 18:00:00,3.880791439295988,19.92436,1.8005555555555555,14.714628265529209,0
2023-01-20 19:00:00,5.819658697652355,22.256968,2.011111111111111,15.30018822336565,0
2023-01-20 20:00:00,3.9079553160979685,21.641418666666667,2.2255555555555557,15.330291727008204,0
2023-01-20 21:00:00,4.99527055329346,21.38224,2.0644444444444443,16.373476909786973,1
2023-01-20 22:00:00,5.068344335374795,22.872517333333334,1.9566666666666668,15.332671182186038,0
2023-01-20 23:00:00,5.593485511854829,21.511829333333335,1.9433333333333334,15.429461061151166,0
2023-01-21 00:00:00,6.093545547272382,21.997789333333333,1.8044444444444443,15.821995235694937,1
2023-01-21 01:00:00,2.3681079135145904,22.030186666666665,1.7805555555555557,15.360401664783561,1
2023-01-21 02:00:00,7.02929833843064,23.066901333333334,1.66,14.881200509035919,0
2023-01-21 03:00:00,6.919712881487534,24.006424,1.7555555555555555,16.504187441098054,0
2023-01-21 04:00:00,4.09366610734649,23.09929866666667,1.7694444444444446,14.112665241601057,1
2023-01-21 05:00:00,5.799373254522185,21.93299466666667,1.8472222222222223,16.563649748798507,0
2023-01-21 06:00:00,5.669187464742643,19.470797333333334,1.7616666666666667,15.57543429632046,0
2023-01-21 07:00:00,3.630858417035603,16.198666666666664,1.4844444444444445,17.44045433367151,0
2023-01-21 08:00:00,2.9689217675224717,18.077712000000002,1.3383333333333332,18.005831538163054,0
2023-01-21 09:00:00,5.768211040822766,19.79477066666667,1.2844444444444445,15.677995515270089,0
2023-01-21 10:00:00,5.9729220222613035,20.215936,1.361111111111111,16.20358502714375,0
2023-01-21 11:00:00,6.2419920968940055,18.239698666666666,1.3005555555555557,15.81569495139235,0
2023-01-21 12:00:00,4.820066972812165,16.619832,1.2127777777777777,17.78407481843487,0
2023-01-21 13:00:00,5.0479539827704825,17.170586666666665,1.15,17.42297460944283,0
2023-01-21 14:00:00,6.777333014417074,18.43408266666667,1.1116666666666666,16.335514412572156,0
2023-01-21 15:00:00,4.856181489539007,17.397368,1.1266666666666667,16.024985671787487,0
2023-01-21 16:00:00,8.315537329713596,16.133872,1.1377777777777778,16.51064066328885,0
2023-01-21 17:00:00,3.0200884072252996,16.295858666666664,1.07,17.896425411522824,0
2023-01-21 18:00:00,6.808231367940483,13.898456000000001,0.9838888888888889,17.299360636498864,0
2023-01-21 19:00:00,6.612262561185162,11.177079999999998,0.8694444444444445,18.021272821289173,0
2023-01-21 20:00:00,4.567131216980588,9.654405333333333,0.7777777777777778,18.512255149027652,0
2023-01-21 21:00:00,3.794551383618016,7.062618666666666,0.6927777777777777,19.249984330812513,0
2023-01-21 22:00:00,4.201866226897351,4.924394666666667,0.6677777777777778,19.640810470024885,0
2023-01-21 23:00:00,3.932887005108205,5.701930666666667,0.6749999999999999,18.929181854403026,0
2023-01-22 00:00:00,2.7499199458636796,7.418989333333333,0.638888888888889,19.10353628367267,0
2023-01-22 01:00:00,6.166851049891121,8.099333333333334,0.6522222222222223,16.841869691125783,0
2023-01-22 02:00:00,4.615952901826323,5.799122666666666,0.6827777777777778,18.793582917722688,0
2023-01-22 03:00:00,6.073409077633613,4.697613333333333,0.6738888888888889,18.65636104050348,0
2023-01-22 04:00:00,3.3057530730508105,5.637136000000001,0.65,18.890474073907665,0
2023-01-22 05:00:00,2.4040496538473834,5.993506666666666,0.6561111111111112,18.192997011254405,0
2023-01-22 06:00:00,3.856280319606846,5.701930666666667,0.5994444444444444,17.03121474890625,0
2023-01-22 07:00:00,3.3464702560713335,7.257002666666668,0.6094444444444445,17.802844076379454,0
2023-01-22 08:00:00,4.608593113092904,8.520498666666667,0.6066666666666666,18.73825367617447,0
2023-01-22 09:00:00,4.529247042084688,7.872552,0.6322222222222222,18.787094043682867,0
2023-01-22 10:00:00,2.484973271608497,6.738645333333333,0.6333333333333333,18.64091292754839,0
2023-01-22 11:00:00,4.587337766117714,6.4146719999999995,0.6066666666666666,19.090577016992373,0
2023-01-22 12:00:00,7.413063588088711,7.710565333333334,0.6038888888888888,18.718044745557453,0
2023-01-22 13:00:00,4.567998481457896,7.548578666666667,0.6394444444444445,18.20751485894827,0
2023-01-22 14:00:00,4.8203652105917305,4.146858666666667,0.6083333333333333,18.65698850808697,0
2023-01-22 15:00:00,4.693607152934612,0.5507546666666666,0.625,19.188883457600337,0
2023-01-22 16:00:00,4.344928215510325,1.2958933333333333,0.6155555555555555,18.593476415960236,0
2023-01-22 17:00:00,4.8335267485549975,2.2354160000000003,0.6094444444444443,18.641356993568554,0
2023-01-22 18:00:00,3.424566476750609,2.235416,0.6277777777777778,18.085266685592853,0
2023-01-22 19:00:00,4.279857814923684,4.794805333333334,0.6405555555555557,19.135938923962915,0
2023-01-22 20:00:00,4.748132666297783,6.511864,0.5866666666666667,18.71278581082591,0
2023-01-22 21:00:00,3.539559622361628,8.974061333333333,0.6144444444444445,18.49373430128397,0
2023-01-22 22:00:00,5.302979316534262,10.529133333333332,0.648888888888889,18.08026776067697,0
2023-01-22 23:00:00,5.238453165355602,12.149,0.75,16.650002412296644,0
2023-01-23 00:00:00,5.3932984698186175,7.6457706666666665,0.7472222222222222,17.232888536854052,0
2023-01-23 01:00:00,3.382801286699106,4.568024,0.7050000000000001,19.358239857291515,0
2023-01-23 02:00:00,4.364593507981335,6.7062479999999995,0.7705555555555555,17.920395746885365,0
2023-01-23 03:00:00,6.971252569728372,12.861741333333333,0.9688888888888889,17.91951506951465,0
2023-01-23 04:00:00,5.011782931566523,9.654405333333333,1.0861111111111112,18.184882378295523,1
2023-01-23 05:00:00,3.9809213720952332,9.945981333333334,1.162222222222222,17.77128853341394,0
2023-01-23 06:00:00,4.174768726243216,14.125237333333333,1.152222222222222,19.114270789956603,0
2023-01-23 07:00:00,7.197009153765575,15.194349333333333,1.1649999999999998,16.195009759541612,0
2023-01-23 08:00:00,4.2740591669316865,15.421130666666668,1.2255555555555555,17.450767807686823,0
2023-01-23 09:00:00,5.697972321805658,16.781818666666666,1.425,16.77254246541136,0
2023-01-23 10:00:00,6.480552738105704,15.388733333333334,1.7444444444444445,17.71744096217273,0
2023-01-23 11:00:00,2.8872997029925034,14.416813333333332,2.4466666666666668,16.683475411327493,0
2023-01-23 12:00:00,5.171828440300588,12.829344,2.985,16.52315552674504,0
2023-01-23 13:00:00,3.3253999337475766,9.136048,3.026666666666667,17.553431160189138,0
2023-01-23 14:00:00,4.384214675623802,6.641453333333334,3.0255555555555556,18.10037425256996,1
2023-01-23 15:00:00,5.020324487732844,10.917901333333333,3.0400000000000005,17.90727806830071,0
2023-01-23 16:00:00,6.159570011706438,16.393050666666667,2.9405555555555556,17.473307210223687,0
2023-01-23 17:00:00,5.2854755878481905,17.364970666666668,2.556111111111111,16.275500746757242,0
2023-01-23 18:00:00,3.282273662135381,22.094981333333333,2.4033333333333333,15.843771577085109,0
2023-01-23 19:00:00,4.5652661759890885,20.993472,2.8033333333333332,15.383169897478284,0
2023-01-23 20:00:00,5.11348486677522,22.224570666666665,2.6655555555555552,14.257412451525026,0
2023-01-23 21:00:00,5.879600277750864,21.965391999999998,2.7861111111111114,15.57789969828419,0
2023-01-23 22:00:00,7.002436668282672,24.816357333333332,2.8194444444444446,16.915681824402146,1
2023-01-23 23:00:00,6.596168071051259,25.367112000000002,2.618888888888889,14.761095484403283,0
2023-01-24 00:00:00,5.1721399185124035,27.019375999999998,2.658333333333333,14.188418140169466,1
2023-01-24 01:00:00,4.589488140011231,27.116568,2.635555555555556,14.118480906915538,0
2023-01-24 02:00:00,5.153349580857053,28.120885333333334,2.637777777777778,14.263474536782384,1
2023-01-24 03:00:00,4.255215091414886,26.436224,2.602222222222222,15.655163852994244,0
2023-01-24 04:00:00,6.101128786046554,25.20512533333333,2.4999999999999996,15.318693051748989,1
2023-01-24 05:00:00,5.128681326748102,25.30231733333333,2.258888888888889,15.771839225499837,0
2023-01-24 06:00:00,8.071902154445484,24.330397333333334,2.168888888888889,15.62879962370422,1
2023-01-24 07:00:00,6.1495781307122135,23.941629333333335,2.0972222222222223,14.176862569931549,1
2023-01-24 08:00:00,5.2311699868027475,23.876834666666667,1.9055555555555557,15.318815740133738,1
2023-01-24 09:00:00,5.024506734630532,21.8682,1.87,15.864290782818893,1
2023-01-24 10:00:00,4.990460096449102,21.090664,1.7438888888888888,15.843912063862996,0
2023-01-24 11:00:00,2.6171492168140906,21.285048,1.646111111111111,17.652449440056895,0
2023-01-24 12:00:00,3.3691460340527883,21.544226666666663,1.6105555555555557,16.77662750123351,0
2023-01-24 13:00:00,5.799758612459921,21.155458666666664,1.7672222222222222,17.824102373451908,1
2023-01-24 14:00:00,4.930717425947386,20.701896,1.7922222222222224,14.930644585688617,0
2023-01-24 15:00:00,5.560364052268394,19.827168,1.655,17.166176211720217,1
2023-01-24 16:00:00,5.734977197517991,20.377922666666667,1.6316666666666666,15.97611725356179,0
2023-01-24 17:00:00,5.729285179890567,19.762373333333333,1.573888888888889,16.524451055444604,0
2023-01-24 18:00:00,3.8342688843688584,18.887645333333335,1.553888888888889,16.767585916160538,0
2023-01-24 19:00:00,6.029513872276504,16.52264,1.471111111111111,16.438711394856487,0
2023-01-24 20:00:00,3.186884287357318,17.850930666666667,1.4755555555555555,14.546510951636366,1
2023-01-24 21:00:00,3.9391146191719018,18.369288,1.4961111111111112,16.377225012850886,0
2023-01-24 22:00:00,5.762978633185448,18.174904,1.4188888888888889,15.265317401216393,1
2023-01-24 23:00:00,6.211761377703631,16.619832,1.3794444444444445,15.971738779691805,0
2023-01-25 00:00:00,3.587115784787662,17.202984,1.3883333333333334,15.643293819688465,0
2023-01-25 01:00:00,3.6835224886250386,17.429765333333332,1.3277777777777777,17.608957042279243,0
2023-01-25 02:00:00,4.6103308754775565,15.291541333333333,1.1733333333333333,18.378620017327815,0
2023-01-25 03:00:00,5.186766110039392,13.963250666666667,1.0422222222222224,18.309207814251938,0
2023-01-25 04:00:00,4.276349358821706,11.468656000000001,0.9883333333333333,16.81025439717084,0
2023-01-25 05:00:00,5.38113667589485,11.015093333333333,0.8911111111111111,18.245238997114246,0
2023-01-25 06:00:00,4.111123943445466,10.820709333333333,0.8094444444444444,18.035240802844587,1
2023-01-25 07:00:00,4.10342800133113,9.460021333333334,0.726111111111111,16.712057830807385,0
2023-01-25 08:00:00,5.269472127766321,8.164128,0.6316666666666667,17.63631220394227,0
2023-01-25 09:00:00,2.2173406441943126,6.576658666666667,0.5711111111111111,19.477772381847796,0
2023-01-25 10:00:00,4.763278857384272,4.730010666666666,0.51,18.437628150843413,0
2023-01-25 11:00:00,5.292707309350951,3.8228853333333332,0.5105555555555555,19.65904367949638,0
2023-01-25 12:00:00,5.775792398746329,4.308845333333333,0.45555555555555555,18.603740327795304,0
2023-01-25 13:00:00,6.193728518020187,8.326114666666667,0.45444444444444443,17.649763347497494,0
2023-01-25 14:00:00,5.445776199296627,7.8531136,0.44733333333333336,17.911264931332276,0
2023-01-25 15:00:00,5.0956799178091,10.561530666666666,0.4488888888888889,17.69876894224463,0
2023-01-25 16:00:00,3.530128432194504,9.751597333333335,0.5038888888888889,17.959036180042407,0
2023-01-25 17:00:00,3.212994754311225,8.585293333333333,0.5177777777777778,17.906628555526954,0
2023-01-25 18:00:00,5.528718646939758,9.751597333333335,0.5083333333333333,17.796320265772348,1
2023-01-25 19:00:00,5.145335636846029,14.773184,0.6077777777777779,16.50015754316586,0
2023-01-25 20:00:00,3.9483314746150455,17.559354666666668,0.755,14.928307215312115,0
2023-01-25 21:00:00,7.631712162320908,21.058266666666665,0.9466666666666667,16.205420302144393,0
2023-01-25 22:00:00,3.714575440423151,21.835802666666666,1.0927777777777778,15.238948470642363,0
2023-01-25 23:00:00,5.48242683278479,23.066901333333334,1.3972222222222221,15.49130111546188,0
2023-01-26 00:00:00,4.973352184267853,24.589576000000005,1.8055555555555554,13.843895599467347,1
2023-01-26 01:00:00,2.541801605043546,22.159775999999997,2.0738888888888884,16.64488134399857,0
2023-01-26 02:00:00,7.637627449777866,24.200808,2.3161111111111112,15.697246559049445,0
2023-01-26 03:00:00,3.3380000735266475,24.071218666666667,2.728888888888889,14.974102009454164,0
2023-01-26 04:00:00,4.477027614345011,29.61116266666667,3.115555555555556,13.625628910525577,1
2023-01-26 05:00:00,5.670542986549375,20.863882666666665,3.285555555555556,13.908919768566337,0
2023-01-26 06:00:00,6.282274289014321,19.567989333333333,3.6822222222222223,14.86382987271245,0
2023-01-26 07:00:00,5.206751590942041,17.62414933333333,3.547222222222222,15.731489079908519,1
2023-01-26 08:00:00,4.467215635171306,17.591752,3.369444444444445,17.89386766943062,0
2023-01-26 09:00:00,6.566654172597585,18.369288,3.1611111111111114,16.772829802985058,1
2023-01-26 10:00:00,6.173184746156572,12.991330666666668,3.363888888888889,17.481995603040676,1
2023-01-26 11:00:00,3.8746533359397675,19.470797333333334,3.5472222222222225,15.84499579340082,0
2023-01-26 12:00:00,5.805718345322668,22.742928000000003,3.366111111111111,15.221906945718471,1
2023-01-26 13:00:00,6.948997429108143,25.302317333333335,3.266666666666667,16.59886250705847,0
2023-01-26 14:00:00,5.99868518571926,25.20512533333333,3.393333333333333,14.261780665377877,0
2023-01-26 15:00:00,6.535857106172788,26.015058666666665,3.328333333333333,16.22773650639225,1
2023-01-26 16:00:00,4.993076648586318,26.177045333333336,3.3427777777777776,14.509780531322084,1
2023-01-26 17:00:00,6.163433069852226,25.39950933333333,3.31,13.76766065347014,1
2023-01-26 18:00:00,5.843843311035864,25.010741333333332,3.1283333333333334,15.214300644332388,0
2023-01-26 19:00:00,4.0309227595672175,24.200808,3.113888888888889,15.573235615912472,1
2023-01-26 20:00:00,3.1225663639903014,21.835802666666666,3.143333333333333,14.543560047909002,1
2023-01-26 21:00:00,3.4697290937290677,21.155458666666664,2.9561111111111114,16.527678290684097,1
2023-01-26 22:00:00,3.581582442912579,22.872517333333334,3.029444444444444,14.081139376328181,1
2023-01-26 23:00:00,3.134115515961414,21.80340533333333,3.0477777777777777,16.2752220642237,1
2023-01-27 00:00:00,3.5125455691988883,22.710530666666667,2.9561111111111114,17.10922684222791,1
2023-01-27 01:00:00,7.549940359986192,22.710530666666667,2.7883333333333336,15.413003126961149,0
2023-01-27 02:00:00,3.8877285665670445,23.650053333333332,2.702222222222222,16.086210677495824,1
2023-01-27 03:00:00,4.92145331374481,24.75156266666667,2.6394444444444445,16.846908216951487,1
2023-01-27 04:00:00,6.908398939522203,23.617656,2.4388888888888887,16.120076593084917,0
2023-01-27 05:00:00,7.623179630274369,24.524781333333333,2.2444444444444445,15.602056542432473,1
2023-01-27 06:00:00,4.500305065836325,22.807722666666667,2.1822222222222223,15.551974500299293,0
2023-01-27 07:00:00,3.810418419860516,22.451352,2.0722222222222224,16.245864722929046,0
2023-01-27 08:00:00,4.057337252251377,21.090664,2.0255555555555556,16.811663838789674,1
2023-01-27 09:00:00,5.8959430624171105,20.63710133333333,1.9894444444444443,14.414200657084224,0
2023-01-27 10:00:00,4.908527780207949,18.207301333333334,1.926111111111111,17.145424303825166,1
2023-01-27 11:00:00,4.181216447288656,15.291541333333333,1.765,17.77969456299942,0
2023-01-27 12:00:00,3.297007669631723,13.768866666666668,1.6277777777777775,16.42814106815454,0
2023-01-27 13:00:00,6.720632612665207,11.889821333333332,1.4772222222222222,17.162052856589725,0
2023-01-27 14:00:00,3.890365032801371,10.982695999999999,1.4694444444444443,16.183884022933473,0
2023-01-27 15:00:00,4.1748355275135225,9.816392,1.3627777777777776,17.825098836316542,1
2023-01-27 16:00:00,5.827114015072513,9.006458666666667,1.3044444444444445,18.169054695751765,0
2023-01-27 17:00:00,4.268416467796686,8.423306666666667,1.2677777777777777,18.395483159890347,0
2023-01-27 18:00:00,4.278803594308036,7.840154666666667,1.2338888888888888,19.394778005994862,0
2023-01-27 19:00:00,5.856216132711796,9.168445333333333,1.1827777777777777,18.71069181529928,0
2023-01-27 20:00:00,6.509640419566047,9.686802666666667,1.1583333333333334,18.046236668127737,0
2023-01-27 21:00:00,4.644725338124746,12.019410666666667,1.103888888888889,16.814838165066373,0
2023-01-27 22:00:00,4.594611802781949,14.352018666666666,1.083888888888889,16.838916576633277,1
2023-01-27 23:00:00,5.23858885758398,11.177079999999998,1.1016666666666668,17.193062845831957,0
2023-01-28 00:00:00,5.446676822358346,9.589610666666667,1.0655555555555556,16.13766668890515,0
2023-01-28 01:00:00,4.081655347752782,11.371464000000001,0.9844444444444443,17.807841731609876,0
2023-01-28 02:00:00,4.950130555334968,15.842296,1.0344444444444445,16.79244066149508,0
2023-01-28 03:00:00,4.52333587466238,14.611197333333331,1.1127777777777779,16.627037280779337,0
2023-01-28 04:00:00,6.38642499928903,13.380098666666667,1.0883333333333332,17.497819847255727,0
2023-01-28 05:00:00,3.8689571372489824,13.347701333333333,1.0894444444444444,18.536022280888023,1
2023-01-28 06:00:00,4.78307158295899,14.09284,1.0755555555555556,17.013752513359858,0
2023-01-28 07:00:00,5.816135703873544,17.559354666666668,1.161111111111111,15.965972267701138,0
2023-01-28 08:00:00,3.730465487482364,17.948122666666666,1.2383333333333333,17.128608073972014,0
2023-01-28 09:00:00,5.109003730734937,19.179221333333334,1.3644444444444446,15.350859422833368,0
2023-01-28 10:00:00,6.986233800898629,19.859565333333332,1.4905555555555556,16.301933476816448,1
2023-01-28 11:00:00,6.176045410883025,20.993472,1.5744444444444445,16.46191729254725,0
2023-01-28 12:00:00,3.942883162341646,20.993472,1.7544444444444445,14.829654872341559,0
2023-01-28 13:00:00,4.777083236582313,21.285048,1.8455555555555556,16.07442112988848,0
2023-01-28 14:00:00,4.875180178412532,20.44271733333333,1.9172222222222224,15.565520860697797,1
2023-01-28 15:00:00,3.553808567742326,18.207301333333334,1.928888888888889,16.72892056356927,0
2023-01-28 16:00:00,3.02848105989518,15.939487999999999,1.7644444444444443,15.52927682709925,1
2023-01-28 17:00:00,6.996858442486464,12.699754666666665,1.6383333333333334,15.944132031159121,0
2023-01-28 18:00:00,5.507990886177371,11.403861333333333,1.4377777777777778,17.29297523788338,0
2023-01-28 19:00:00,5.489999132038065,12.084205333333335,1.3044444444444445,17.646872825072286,0
2023-01-28 20:00:00,3.4554046098781708,10.237557333333333,1.2616666666666667,18.231881903122776,0
2023-01-28 21:00:00,4.936080904321914,11.889821333333332,1.16,18.440584049474065,0
2023-01-28 22:00:00,5.664850234546819,12.181397333333335,1.111111111111111,17.5315307998677,1
2023-01-28 23:00:00,4.969211407075818,10.399544,1.068888888888889,17.823138265650368,0
2023-01-29 00:00:00,3.838400024991658,11.112285333333332,0.9961111111111111,17.213247920746667,0
2023-01-29 01:00:00,6.110309085952367,9.686802666666667,0.9872222222222223,17.536970988756394,0
2023-01-29 02:00:00,5.4013286677414625,10.237557333333333,0.9411111111111111,17.083095630206365,0
2023-01-29 03:00:00,5.430146618714395,10.561530666666666,0.8755555555555555,18.093876292570723,0
2023-01-29 04:00:00,4.901706434908538,10.334749333333333,0.8905555555555557,17.747117072344214,0
2023-01-29 05:00:00,5.04251416654708,9.103650666666667,0.8561111111111112,17.687069157422552,0
2023-01-29 06:00:00,4.8081827497310305,9.848789333333334,0.8305555555555556,17.629162046004364,0
2023-01-29 07:00:00,4.431664906585226,8.552896,0.7994444444444445,18.474014529889256,0
2023-01-29 08:00:00,3.413838436703145,8.196525333333334,0.7844444444444445,17.618437481578095,0
2023-01-29 09:00:00,5.589892765479212,7.9697439999999995,0.7638888888888888,18.04024928720116,0
2023-01-29 10:00:00,5.513129158855133,9.200842666666667,0.71,19.17055215448326,0
2023-01-29 11:00:00,4.4700115026061455,10.237557333333333,0.7177777777777777,17.618589378500516,0
2023-01-29 12:00:00,3.160401521713623,11.630642666666667,0.7111111111111111,17.90161362666297,0
2023-01-29 13:00:00,3.8032084620651223,12.149000000000001,0.735,17.31785486322622,0
2023-01-29 14:00:00,4.524033986057306,11.177079999999998,0.7805555555555556,16.83388681449668,0
2023-01-29 15:00:00,5.153895689558754,11.079887999999999,0.8094444444444444,17.255226355614038,0
2023-01-29 16:00:00,6.31631081936209,13.023728,0.8261111111111111,17.071409615438643,0
2023-01-29 17:00:00,4.897642605827746,11.922218666666666,0.8572222222222222,17.287642937695114,0
2023-01-29 18:00:00,4.77753353333033,15.06476,0.9172222222222223,17.098045107116413,0
2023-01-29 19:00:00,7.185022633766192,17.591752,1.09,17.355131626694227,0
2023-01-29 20:00:00,3.5799461408551863,16.004282666666665,1.265,16.166987371305385,0
2023-01-29 21:00:00,4.65184817890166,14.546402666666667,1.2905555555555557,17.35250540022057,0
2023-01-29 22:00:00,6.359040631535535,15.550719999999998,1.3083333333333333,17.17160381899802,0
2023-01-29 23:00:00,4.15249052104935,16.619832,1.3116666666666668,16.649130176720195,0
2023-01-30 00:00:00,6.142839095779208,15.971885333333333,1.403888888888889,17.102059103423162,0
2023-01-30 01:00:00,7.069494316064368,14.028045333333333,1.3316666666666668,16.9576673630594,0
2023-01-30 02:00:00,4.075540512819517,13.801264000000002,1.2172222222222222,16.39548414419253,0
2023-01-30 03:00:00,5.394160837021135,15.161952,1.1977777777777778,15.806863892046119,1
2023-01-30 04:00:00,6.105136218366354,14.773184,1.1544444444444444,16.238884169991326,0
2023-01-30 05:00:00,5.6496835422837455,13.995648000000001,1.1516666666666666,15.848751007433107,0
2023-01-30 06:00:00,4.414211940966089,13.444893333333333,1.0638888888888889,16.099595314978437,1
2023-01-30 07:00:00,5.769213827211561,12.116602666666665,1.0044444444444445,16.52337903026478,0
2023-01-30 08:00:00,7.720378429400584,10.043173333333334,1.0116666666666667,18.289338116198994,0
2023-01-30 09:00:00,5.983053209544617,8.390909333333333,0.9588888888888888,17.39505998646398,0
2023-01-30 10:00:00,4.869257191350735,7.257002666666666,0.9222222222222222,19.522068369073068,0
2023-01-30 11:00:00,3.9646839764899475,7.807757333333334,0.93,16.900137721595268,0
2023-01-30 12:00:00,4.979556609263345,7.159810666666666,0.883888888888889,17.86719098994618,0
2023-01-30 13:00:00,6.731460147071815,7.030221333333333,0.8344444444444444,18.436224846779258,0
2023-01-30 14:00:00,2.0137559120698634,5.669533333333334,0.8294444444444444,18.303205820032122,0
2023-01-30 15:00:00,2.480830363562303,7.127413333333333,0.7877777777777778,18.262086436057626,0
2023-01-30 16:00:00,6.49361223856238,4.568024,0.7833333333333333,18.669203569591588,0
2023-01-30 17:00:00,4.758059715062493,4.5032293333333335,0.7516666666666666,18.762105786877203,0
2023-01-30 18:00:00,5.178812525738707,5.053984,0.7466666666666667,18.604391701833716,0
2023-01-30 19:00:00,4.161586062485433,4.632818666666666,0.758888888888889,17.775052140891635,0
2023-01-30 20:00:00,5.041567651124786,6.382274666666667,0.7894444444444444,17.953630340800853,0
2023-01-30 21:00:00,4.876498563918281,4.37364,0.7661111111111111,18.914105239261474,0
2023-01-30 22:00:00,2.697345493225377,7.095016,0.7816666666666667,19.110274376974456,0
2023-01-30 23:00:00,4.258760243648928,9.103650666666667,0.7294444444444445,18.067268454442083,0
2023-01-31 00:00:00,7.030858432889157,8.585293333333333,0.7477777777777778,18.685023613779695,0
2023-01-31 01:00:00,3.5223645363081455,9.524816,0.7805555555555556,16.966501391508007,0
2023-01-31 02:00:00,5.588003410018154,9.524816,0.773888888888889,16.73966518652526,0
2023-01-31 03:00:00,4.55139538149415,9.848789333333334,0.7955555555555556,18.64117802123185,0
2023-01-31 04:00:00,3.19667330496385,11.047490666666667,0.7977777777777778,18.189641892765216,0
2023-01-31 05:00:00,4.379352591413025,10.561530666666668,0.773888888888889,17.5695356923003,0
2023-01-31 06:00:00,8.09148115261873,10.788312,0.7794444444444445,17.479731044752096,0
2023-01-31 07:00:00,3.683152153669873,10.626325333333334,0.7683333333333334,18.778505462593685,0
2023-01-31 08:00:00,5.941253403952981,9.881186666666666,0.8027777777777777,18.51894430443522,1
2023-01-31 09:00:00,5.187033145042782,8.099333333333332,0.8322222222222222,17.807246093891496,0
2023-01-31 10:00:00,6.868839006128439,7.613373333333333,0.8288888888888889,17.249564461600944,0
2023-01-31 11:00:00,7.052952155608767,18.207301333333334,0.9033333333333333,17.150089127844325,0
2023-01-31 12:00:00,8.281466539749104,18.110109333333334,1.1005555555555555,18.3217499590179,0
2023-01-31 13:00:00,5.840331102679211,17.202983999999997,1.2516666666666667,15.454325029215035,0
2023-01-31 14:00:00,5.027995840155703,14.546402666666665,1.1866666666666665,16.95138309531088,1
2023-01-31 15:00:00,5.54017471333772,12.570165333333334,1.0955555555555556,18.590648429586206,0
2023-01-31 16:00:00,2.9003195827015156,10.820709333333333,1.0227777777777778,17.556976043588605,0
2023-01-31 17:00:00,4.968427461787072,11.274272000000002,0.9683333333333333,18.22296970329184,0
2023-01-31 18:00:00,4.470527553535365,9.654405333333333,0.9077777777777779,17.10694322867839,1
2023-01-31 19:00:00,5.698340712732183,8.876869333333334,0.8855555555555555,17.996536194995457,0
2023-01-31 20:00:00,4.270490521734221,6.835837333333333,0.8477777777777779,17.619941837117565,0
2023-01-31 21:00:00,4.886506132098049,8.714882666666666,0.7927777777777778,17.761487338725516,0
2023-01-31 22:00:00,4.92559366264394,6.4146719999999995,0.7666666666666666,18.769372238002436,0
2023-01-31 23:00:00,5.187936356823798,3.9848719999999997,0.6933333333333334,18.80938219291239,0
2023-02-01 00:00:00,7.471376021972883,3.110144,0.7205555555555555,18.838609917965734,0
2023-02-01 01:00:00,9.108615570019003,4.568024,0.726111111111111,19.67283983044084,0
2023-02-01 02:00:00,6.697087353418536,3.855282666666667,0.6816666666666666,16.84869241427387,0
2023-02-01 03:00:00,6.12719129163172,3.5961040000000004,0.6594444444444444,19.072592011888613,0
2023-02-01 04:00:00,7.131648227767658,4.891997333333333,0.686111111111111,18.506377863385364,0
2023-02-01 05:00:00,4.528372079524513,12.667357333333333,0.7527777777777778,17.885260725955224,0
2023-02-01 06:00:00,4.3859822732436085,16.198666666666664,0.9238888888888889,15.788251061371747,0
2023-02-01 07:00:00,6.572043591000757,15.323938666666665,1.0238888888888888,17.14316445249084,0
2023-02-01 08:00:00,6.770117542717355,15.259144,1.1177777777777778,17.745468783926224,0
2023-02-01 09:00:00,4.432242953220234,16.069077333333333,1.1927777777777777,18.08927471948927,0
2023-02-01 10:00:00,4.9965874103445325,18.693261333333336,1.3233333333333335,16.20464894764507,1
2023-02-01 11:00:00,5.787336515580158,17.915725333333334,1.3711111111111112,15.47028090978912,0
2023-02-01 12:00:00,7.2258481538552815,17.72134133333333,1.4183333333333332,16.175054110299175,1
2023-02-01 13:00:00,8.341793157450203,18.46648,1.4605555555555556,14.585949010723189,0
2023-02-01 14:00:00,7.443451344649035,15.777501333333333,1.5633333333333332,15.416537149514946,0
2023-02-01 15:00:00,6.983130705619029,13.088522666666668,1.5116666666666667,16.67791340097593,1
2023-02-01 16:00:00,6.0748181700151065,10.561530666666668,1.488888888888889,17.99169641036792,0
2023-02-01 17:00:00,5.222819624266997,7.904949333333334,1.3983333333333332,19.332922607329873,0
2023-02-01 18:00:00,4.932952762835192,7.904949333333334,1.3311111111111111,18.45403569751784,0
2023-02-01 19:00:00,5.401709864702808,8.326114666666667,1.2694444444444446,18.058346837262707,0
2023-02-01 20:00:00,6.51653358592452,9.23324,1.2038888888888888,17.87362630765489,0
2023-02-01 21:00:00,7.475594985503622,11.987013333333332,1.1122222222222222,17.10699711073734,0
2023-02-01 22:00:00,6.369999264464304,9.783994666666667,1.05,18.305137946752918,0
2023-02-01 23:00:00,5.629962087200408,8.909266666666667,0.9777777777777777,18.907821658358483,0
2023-02-02 00:00:00,6.691092848346877,10.172762666666667,0.8966666666666666,18.29636546881481,0
2023-02-02 01:00:00,4.733578559805529,11.760232,0.8594444444444443,17.54721294332099,0
2023-02-02 02:00:00,6.014817044832239,13.023728,0.8569444444444444,16.48360013929685,0
2023-02-02 03:00:00,7.99053981144575,14.254826666666666,0.9044444444444445,17.658461470414558,0
2023-02-02 04:00:00,4.223349417989516,13.671674666666668,0.9633333333333333,17.67930820478519,0
2023-02-02 05:00:00,6.78286628918267,14.222429333333332,1.055,17.77534022529977,1
2023-02-02 06:00:00,8.02961044050736,14.222429333333332,1.0061111111111112,17.027207111296253,1
2023-02-02 07:00:00,4.544555410757497,12.764549333333333,0.9500000000000001,18.204477794370415,0
2023-02-02 08:00:00,7.421629794625107,11.177079999999998,0.9105555555555555,17.62602051362799,0
2023-02-02 09:00:00,5.570465270242271,6.771042666666666,0.8794444444444444,18.393122728027638,0
2023-02-02 10:00:00,4.44781870474255,4.568024,0.7966666666666667,19.456638342266082,0
2023-02-02 11:00:00,5.805691530827873,3.1425413333333334,0.7288888888888888,19.04542995922661,0
2023-02-02 12:00:00,8.492309895454875,1.1015093333333332,0.6627777777777778,19.10578995669832,0
2023-02-02 13:00:00,5.572796722266432,0.583152,0.625,18.8930908536511,0
2023-02-02 14:00:00,6.071104777303588,1.9438399999999998,0.6283333333333333,18.87157136120596,0
2023-02-02 15:00:00,5.486734120357883,4.5356266666666665,0.5661111111111111,19.4035692929284,0
2023-02-02 16:00:00,6.685766386465684,7.451386666666667,0.5677777777777778,17.653238085976767,0
2023-02-02 17:00:00,6.7311990123471555,9.622008,0.5733333333333334,18.187319675313947,0
2023-02-02 18:00:00,7.294939416678183,9.881186666666666,0.5972222222222222,18.52972031174895,0
2023-02-02 19:00:00,6.519260677242745,11.079887999999999,0.6522222222222223,16.085014918515387,0
2023-02-02 20:00:00,5.6278423042473475,11.339066666666668,0.7294444444444445,16.44656533815069,0
2023-02-02 21:00:00,7.921647020754841,12.699754666666669,0.7816666666666667,16.522409061476107,0
2023-02-02 22:00:00,4.579663582426865,14.675992,0.8183333333333334,17.31094948157923,0
2023-02-02 23:00:00,5.875932136946581,16.879010666666666,0.9394444444444444,15.660714380616227,0
2023-02-03 00:00:00,8.114826586984632,17.300176,1.1244444444444446,16.98480576573841,0
2023-02-03 01:00:00,8.7694889193616,19.017234666666667,1.2933333333333332,15.916696481813645,0
2023-02-03 02:00:00,6.008803806729404,19.956757333333332,1.3322222222222224,16.367515360628936,0
2023-02-03 03:00:00,3.880636540631024,21.8682,1.471111111111111,15.172274832035171,0
2023-02-03 04:00:00,6.869806018594725,22.77532533333333,1.6088888888888888,16.084109600758858,0
2023-02-03 05:00:00,3.9267907545846596,23.84443733333333,1.598888888888889,15.21718568141148,0
2023-02-03 06:00:00,7.575762076885243,24.038821333333335,1.7283333333333333,13.843994080564679,1
2023-02-03 07:00:00,7.066141632972105,23.974026666666663,1.8355555555555556,14.468113428421681,1
2023-02-03 08:00:00,6.180788092607663,24.330397333333334,1.7783333333333333,15.700589769000203,0
2023-02-03 09:00:00,5.316264939501581,25.172727999999996,1.7277777777777779,14.7067949582987,0
2023-02-03 10:00:00,5.874667183093901,24.55717866666667,1.7777777777777777,13.704761216706343,1
2023-02-03 11:00:00,3.990696725818116,25.98266133333333,1.9055555555555557,14.405069258153203,1
2023-02-03 12:00:00,5.840142869940309,25.529098666666666,1.9133333333333333,14.214786442907474,1
2023-02-03 13:00:00,3.7162616148205263,27.732117333333335,1.928888888888889,15.029178071735904,0
2023-02-03 14:00:00,7.222101913250235,26.954581333333334,2.156111111111111,14.917026557921316,2
2023-02-03 15:00:00,6.076993489791394,25.626290666666666,2.050555555555556,13.691197063790284,1
2023-02-03 16:00:00,5.0324229751886564,25.853071999999997,1.9255555555555555,13.307714783441602,0
2023-02-03 17:00:00,6.285752042765606,27.375746666666668,1.9527777777777775,15.351698129698477,1
2023-02-03 18:00:00,6.031485920455407,26.922183999999998,1.9799999999999998,14.307922168261205,1
2023-02-03 19:00:00,7.733254477060456,29.157600000000002,2.2377777777777776,13.117219636954593,0
2023-02-03 20:00:00,3.600152478713426,28.218077333333337,2.2972222222222225,14.394715991670678,1
2023-02-03 21:00:00,4.926741733546385,27.926501333333334,2.368888888888889,13.822050679878053,1
2023-02-03 22:00:00,4.353266454972512,28.412461333333336,2.3366666666666664,14.122967579988655,1
2023-02-03 23:00:00,6.9210537672862165,34.600352,2.5766666666666667,13.76702338419326,1
2023-02-04 00:00:00,7.100960077042571,33.40165066666667,2.791111111111111,14.090134197425634,1
2023-02-04 01:00:00,5.400689013961853,32.72130666666667,2.7338888888888886,13.770830856708947,1
2023-02-04 02:00:00,6.506858364713374,30.485890666666666,2.622777777777778,14.27412920506309,1
2023-02-04 03:00:00,6.132553712186801,30.485890666666666,2.5833333333333335,14.414109940916665,1
2023-02-04 04:00:00,7.914454136853535,31.004248,2.6477777777777773,14.508009321438452,0
2023-02-04 05:00:00,7.376696891750026,28.963216000000003,2.682777777777778,13.244376605921657,1
2023-02-04 06:00:00,7.326980670912199,28.120885333333334,2.5205555555555557,15.075712701922674,0
2023-02-04 07:00:00,4.71062004360907,29.967533333333336,2.52,13.491755133845365,0
2023-02-04 08:00:00,7.5446612659074574,30.550685333333334,2.371111111111111,13.600530667386487,1
2023-02-04 09:00:00,9.257859352591197,31.295824,2.4766666666666666,13.780153477946072,1
2023-02-04 10:00:00,6.185370271810389,25.39950933333333,2.32,14.160496798745749,1
2023-02-04 11:00:00,4.741680277708657,21.479432,1.96,14.501899942806888,1
2023-02-04 12:00:00,6.575912155057814,18.920042666666664,1.6272222222222223,16.280320060326602,0
2023-02-04 13:00:00,6.712887850609232,17.72134133333333,1.3733333333333333,15.240869859306855,0
2023-02-04 14:00:00,5.4451628564195635,16.36065333333333,1.2044444444444444,15.501248336771555,0
2023-02-04 15:00:00,4.750112996052614,16.295858666666664,1.1127777777777779,17.434208572815283,0
2023-02-04 16:00:00,6.689549019195094,13.963250666666667,1.0372222222222223,18.5901561990202,0
2023-02-04 17:00:00,4.38871957961008,12.472973333333334,0.9061111111111111,17.432478835866846,0
2023-02-04 18:00:00,5.354065550481444,11.630642666666667,0.7611111111111111,17.387473060439543,0
2023-02-04 19:00:00,6.613710577794695,9.7192,0.6611111111111111,17.686116624415327,1
2023-02-04 20:00:00,5.633237429696817,8.909266666666666,0.6238888888888888,18.565261550321775,0
2023-02-04 21:00:00,7.7589509167912105,9.136048,0.5361111111111111,18.260094705335952,0
2023-02-04 22:00:00,6.710424558862371,10.788312,0.4588888888888889,18.589395736118995,0
2023-02-04 23:00:00,6.337910504613544,14.222429333333332,0.5288888888888889,16.204642803520525,1
2023-02-05 00:00:00,5.309249482270581,17.0086,0.7338888888888889,17.32086616424834,0
2023-02-05 01:00:00,6.571820482962912,19.632784,1.0344444444444445,15.72011573587978,0
2023-02-05 02:00:00,5.72146648018555,20.377922666666667,1.3061111111111112,16.364757999977105,0
2023-02-05 03:00:00,5.270292730326167,20.831485333333333,1.5377777777777777,16.04566131652295,1
2023-02-05 04:00:00,7.7899479920044525,21.447034666666667,1.6233333333333333,16.017243909465368,0
2023-02-05 05:00:00,5.697609914515479,21.349842666666664,1.7883333333333333,17.40727430259306,0
2023-02-05 06:00:00,7.11477726627059,22.030186666666665,1.913888888888889,17.368408309739095,0
2023-02-05 07:00:00,7.351981643841435,21.900597333333334,1.9638888888888888,14.768924363157348,0
2023-02-05 08:00:00,7.991705203434141,21.641418666666667,2.083888888888889,16.604233613464725,0
2023-02-05 09:00:00,6.182744584466509,21.090664,2.0533333333333332,16.854525936375513,1
2023-02-05 10:00:00,5.234629831166218,22.22457066666667,2.0155555555555553,15.844324101953113,0
2023-02-05 11:00:00,6.296920392511088,22.613338666666667,2.220555555555556,15.102893781794622,0
2023-02-05 12:00:00,4.530445154739314,22.807722666666667,2.3672222222222223,14.122853775898191,2
2023-02-05 13:00:00,7.500046318220559,22.159775999999997,2.4094444444444445,14.954275579993585,0
2023-02-05 14:00:00,5.885163166621797,20.572306666666666,2.4633333333333334,15.594747377957786,0
2023-02-05 15:00:00,8.002636945750899,18.563672,2.3494444444444444,15.453544236022099,0
2023-02-05 16:00:00,8.180898452335208,17.526957333333332,2.178888888888889,16.81590654239258,0
2023-02-05 17:00:00,4.399138540576214,18.110109333333334,2.1877777777777783,16.478100016090746,0
2023-02-05 18:00:00,6.004421289743831,19.049632,2.312777777777778,16.198737765021402,0
2023-02-05 19:00:00,7.803500665132664,19.762373333333333,2.2483333333333335,15.99716923395789,0
2023-02-05 20:00:00,8.43153975253569,19.859565333333332,2.4116666666666666,15.52706368445726,1
2023-02-05 21:00:00,2.5920859048989944,18.142506666666666,2.5233333333333334,16.341586253047577,1
2023-02-05 22:00:00,8.4466353879858,17.591752,2.367777777777778,16.401354508794032,0
2023-02-05 23:00:00,7.490476164288495,18.887645333333335,2.2566666666666664,14.703891163406865,0
2023-02-06 00:00:00,6.500931493160429,17.526957333333332,2.242777777777778,17.067717206074406,1
2023-02-06 01:00:00,6.708459256934635,17.786136,2.267777777777778,15.67620182854155,0
2023-02-06 02:00:00,9.187967055420964,15.842296,2.0416666666666665,14.878844045595109,0
2023-02-06 03:00:00,5.552349213247273,13.898456000000001,1.8394444444444444,18.385938632830705,0
2023-02-06 04:00:00,5.755560517020387,12.699754666666665,1.736111111111111,17.22115118391677,0
2023-02-06 05:00:00,6.101835613132224,10.529133333333332,1.5916666666666668,15.653389416000516,0
2023-02-06 06:00:00,7.485779755925932,11.339066666666668,1.5911111111111111,17.880295854320707,0
2023-02-06 07:00:00,7.020902319662619,7.257002666666668,1.4472222222222222,17.482422743649224,0
2023-02-06 08:00:00,6.277031127021577,5.701930666666667,1.3838888888888887,17.47977629546104,0
2023-02-06 09:00:00,4.956771094774727,4.114461333333334,1.3627777777777779,19.57857898943097,0
2023-02-06 10:00:00,5.277921543976844,0.9395226666666666,1.2566666666666666,19.574488284068405,0
2023-02-06 11:00:00,4.668925378914817,3.952474666666667,1.258888888888889,18.97775038479679,0
2023-02-06 12:00:00,5.170999371716713,6.738645333333333,1.3027777777777778,18.567089058342166,0
2023-02-06 13:00:00,6.637731416889223,8.812074666666666,1.3005555555555557,17.863583345006255,0
2023-02-06 14:00:00,6.973451692990207,9.298034666666666,1.3233333333333333,17.444869761757186,0
2023-02-06 15:00:00,6.1438914096583614,12.375781333333334,1.3155555555555556,17.334783768104355,0
2023-02-06 16:00:00,5.802641385927355,14.060442666666667,1.26,17.00583102665347,0
2023-02-06 17:00:00,6.2293238037729575,15.259144000000001,1.2049999999999998,17.120056507181356,0
2023-02-06 18:00:00,6.36505141648648,13.185714666666668,1.1516666666666666,18.039959408661943,1
2023-02-06 19:00:00,5.736115711731526,15.291541333333333,1.0805555555555557,15.3662701978881,0
2023-02-06 20:00:00,4.797788757878238,16.814216,1.1311111111111112,16.333381141083894,0
2023-02-06 21:00:00,4.893079656106212,18.369288,1.211111111111111,15.474580525757963,1
2023-02-06 22:00:00,7.082767385588586,19.373605333333334,1.3972222222222221,15.519931104779596,0
2023-02-06 23:00:00,8.613272544131597,19.859565333333332,1.4377777777777778,16.490832384795546,0
2023-02-07 00:00:00,5.138587536840721,18.110109333333334,1.3972222222222221,16.889129923749795,1
2023-02-07 01:00:00,6.764487741678733,20.73429333333333,1.498888888888889,15.83124967911972,0
2023-02-07 02:00:00,6.461126974565734,20.021552,1.4933333333333334,15.562331578951543,1
2023-02-07 03:00:00,4.993813041334089,20.021552,1.3744444444444444,14.977909379010496,0
2023-02-07 04:00:00,5.508774768960936,20.604703999999998,1.4238888888888888,16.112477143330313,1
2023-02-07 05:00:00,5.412859092637281,20.280730666666667,1.4655555555555555,15.49201422784523,0
2023-02-07 06:00:00,4.33477048491526,19.11442666666667,1.4555555555555555,16.09386793474454,0
2023-02-07 07:00:00,5.459257576431857,18.758056,1.4355555555555555,17.410822813328693,0
2023-02-07 08:00:00,6.906893319264043,18.563672,1.335,16.533638167977703,0
2023-02-07 09:00:00,7.068606208305192,17.49456,1.285,15.581167617582672,0
2023-02-07 10:00:00,6.019127462928068,16.393050666666664,1.2927777777777778,16.531071788087413,0
2023-02-07 11:00:00,6.493644190346745,14.773184,1.2361111111111112,16.039699910592912,0
2023-02-07 12:00:00,7.071250181981033,12.926535999999999,1.3227777777777778,16.516441954926975,0
2023-02-07 13:00:00,5.879693569788643,11.079887999999999,1.4183333333333332,16.917657069733337,0
2023-02-07 14:00:00,6.080665623529825,9.006458666666667,1.47,17.437531981300385,0
2023-02-07 15:00:00,5.261913023172195,7.840154666666667,1.4983333333333333,17.17041003666572,0
2023-02-07 16:00:00,8.189726962152546,7.2894000000000005,1.5488888888888888,19.110160097093253,0
2023-02-07 17:00:00,8.702749463789367,5.248368,1.5222222222222221,19.014009537978023,0
2023-02-07 18:00:00,6.603628946810737,5.410354666666667,1.7466666666666668,19.08427496434552,0
2023-02-07 19:00:00,4.927096578888048,7.9697439999999995,1.8666666666666665,18.775911101624434,0
2023-02-07 20:00:00,6.793032838334567,9.460021333333334,1.7327777777777778,17.409273003649776,0
2023-02-07 21:00:00,6.779733038468763,12.926535999999999,1.8683333333333334,18.471856653015443,0
2023-02-07 22:00:00,8.189094124647092,13.315304,1.9322222222222223,16.475236372757323,0
2023-02-07 23:00:00,5.942878826407021,13.380098666666667,1.9166666666666667,18.440636319001655,0
2023-02-08 00:00:00,6.571993146590629,15.421130666666668,1.848888888888889,15.853138297030549,0
2023-02-08 01:00:00,3.5070404961845694,15.583117333333334,1.8722222222222225,16.999219527241138,0
2023-02-08 02:00:00,4.59396319012446,15.453528,1.8444444444444443,16.606796670032416,0
2023-02-08 03:00:00,6.571158295245383,13.639277333333334,1.8055555555555554,17.736940117820787,0
2023-02-08 04:00:00,6.835933855051219,11.015093333333333,1.7394444444444446,17.776326081711638,0
2023-02-08 05:00:00,6.233344782956,10.917901333333333,1.6094444444444445,17.463045428896695,0
2023-02-08 06:00:00,7.432108695262927,12.440576,1.5127777777777778,16.61522358291005,0
2023-02-08 07:00:00,6.608523844129242,13.380098666666667,1.501111111111111,17.113094878586708,0
2023-02-08 08:00:00,6.2114568597573685,13.444893333333333,1.4361111111111111,18.13229557518791,0
2023-02-08 09:00:00,5.660297698273129,12.116602666666667,1.2983333333333333,18.13205944392062,0
2023-02-08 10:00:00,6.290040707642173,11.695437333333333,1.2205555555555556,17.7343993220403,0
2023-02-08 11:00:00,5.062194591625707,12.472973333333334,1.2694444444444446,17.35596053328119,0
2023-02-08 12:00:00,7.088439521374998,12.926535999999999,1.2383333333333333,17.036835300094285,0
2023-02-08 13:00:00,5.84296250015806,11.501053333333333,1.31,17.63144459578573,0
2023-02-08 14:00:00,7.094917948616453,12.894138666666668,1.2333333333333334,17.463080224559206,1
2023-02-08 15:00:00,7.847647532540285,12.213794666666667,1.2855555555555556,15.783463323116962,0
2023-02-08 16:00:00,4.6688424029229525,12.408178666666666,1.2694444444444446,17.60954522295535,0
2023-02-08 17:00:00,7.616789288769326,14.902773333333334,1.297777777777778,16.004000788633594,0
2023-02-08 18:00:00,7.6868923045234405,12.732152,1.2094444444444443,17.932437851084106,0
2023-02-08 19:00:00,5.751565979008788,13.023728,1.2938888888888889,17.144676879716247,1
2023-02-08 20:00:00,5.952989445483972,11.468656000000001,1.2633333333333334,17.61622034958458,0
2023-02-08 21:00:00,7.207830788865078,11.241874666666666,1.1555555555555554,18.03779708708606,0
2023-02-08 22:00:00,6.468802406244532,8.650088,1.0872222222222223,17.67292707056512,0
2023-02-08 23:00:00,6.065481680504557,7.678168,1.1316666666666666,18.81624145720821,0
2023-02-09 00:00:00,6.410333376095946,7.580976,1.0494444444444444,17.4165107848396,0
2023-02-09 01:00:00,6.348833287810591,8.390909333333333,1.0555555555555556,18.004325452851646,0
2023-02-09 02:00:00,4.79196354555467,9.265637333333334,1.06,18.829317421699088,0
2023-02-09 03:00:00,6.322366826174143,9.881186666666666,1.106111111111111,19.31878055053725,0
2023-02-09 04:00:00,6.817603978083821,9.330432,1.1305555555555555,16.577714501082472,0
2023-02-09 05:00:00,6.707215598644634,8.650088,1.1266666666666667,18.483969842575824,0
2023-02-09 06:00:00,5.48530328653473,6.868234666666667,1.0655555555555556,18.233787203456853,0
2023-02-09 07:00:00,5.306128143319106,3.3369253333333333,1.0811111111111111,18.595205586747714,0
2023-02-09 08:00:00,4.409708438774014,4.276448,1.041111111111111,17.694042239219126,0
2023-02-09 09:00:00,7.972422536393225,3.110144,1.013888888888889,18.59842307505357,0
2023-02-09 10:00:00,3.8348216863319124,3.272130666666667,1.0016666666666667,18.156434150150925,0
2023-02-09 11:00:00,6.091793466886137,4.017269333333333,0.9811111111111112,17.751087832768732,0
2023-02-09 12:00:00,3.6716295799565586,4.049666666666667,0.9372222222222222,17.20909338825116,0
2023-02-09 13:00:00,6.615295429923936,4.2116533333333335,0.9327777777777778,18.65443423189185,0
2023-02-09 14:00:00,7.863426193518703,5.410354666666667,0.9305555555555555,17.411032353116948,0
2023-02-09 15:00:00,8.084501414948312,5.507546666666666,0.9638888888888889,18.427860601388346,0
2023-02-09 16:00:00,6.389699758990667,5.7343280000000005,0.9183333333333333,17.756392985825226,0
2023-02-09 17:00:00,6.834368871904354,8.293717333333333,0.898888888888889,17.254865222198394,0
2023-02-09 18:00:00,7.508525025487573,10.885504,0.8622222222222221,17.613582680478473,0
2023-02-09 19:00:00,5.405369306217718,11.501053333333333,0.8855555555555555,19.054683625990815,0
2023-02-09 20:00:00,6.4683483740168635,13.12092,0.918888888888889,18.826401101662984,0
2023-02-09 21:00:00,6.489275654597043,14.352018666666666,0.9049999999999999,16.78827484471135,0
2023-02-09 22:00:00,5.959653434680978,12.699754666666665,0.9772222222222222,17.672316544205625,0
2023-02-09 23:00:00,6.654719454827834,15.161952,0.9477777777777777,16.39298240620529,0
2023-02-10 00:00:00,5.773266059853335,16.619832,1.0455555555555556,15.574486796188475,0
2023-02-10 01:00:00,6.646931348487816,14.319621333333332,1.0733333333333335,15.553654503159825,0
2023-02-10 02:00:00,8.032963282958704,16.652229333333334,0.9988888888888888,16.041859702491525,0
2023-02-10 03:00:00,7.511882879522131,15.971885333333333,0.9988888888888888,16.41397802177323,0
2023-02-10 04:00:00,7.609780691320251,19.92436,1.05,16.271082540101148,0
2023-02-10 05:00:00,5.776693104168364,22.451352,1.4266666666666667,15.415198501636311,0
2023-02-10 06:00:00,5.123654746338514,21.93299466666667,1.7944444444444445,14.045359623143339,1
2023-02-10 07:00:00,5.352750561836456,20.73429333333333,1.9555555555555557,16.430524959976715,1
2023-02-10 08:00:00,5.876894116990606,20.863882666666665,2.0850000000000004,15.860405940613203,0
2023-02-10 09:00:00,7.516261325591973,19.341207999999998,1.971111111111111,16.632494402049094,1
2023-02-10 10:00:00,7.034101265693386,17.948122666666666,2.073888888888889,15.460022931324838,1
2023-02-10 11:00:00,6.800108819493064,15.226746666666665,2.0611111111111113,16.39824062004685,0
2023-02-10 12:00:00,7.122105450191868,14.708389333333335,2.1233333333333335,16.704167868494554,0
2023-02-10 13:00:00,5.863738587312061,14.319621333333332,2.118888888888889,19.059656788479636,0
2023-02-10 14:00:00,8.563103184304826,14.837978666666666,2.1205555555555553,16.26089241110952,0
2023-02-10 15:00:00,5.1470909285554,17.138189333333333,1.9683333333333335,16.748099589588247,0
2023-02-10 16:00:00,5.47568997311405,15.421130666666668,2.0211111111111113,16.12486129463758,0
2023-02-10 17:00:00,6.163204771366516,15.129554666666666,2.198888888888889,15.795591144985538,0
2023-02-10 18:00:00,8.14351286957311,16.166269333333332,2.1427777777777774,16.882502360560807,0
2023-02-10 19:00:00,5.58740328484841,18.498877333333336,2.105,15.950732471257938,0
2023-02-10 20:00:00,5.193401295244362,16.328256,2.117777777777778,16.24112718594206,0
2023-02-10 21:00:00,6.295637709986255,14.449210666666668,1.9433333333333334,16.585582902371776,0
2023-02-10 22:00:00,8.357568564199097,15.323938666666665,1.893888888888889,15.887449053333091,1
2023-02-10 23:00:00,5.79632259721521,15.194349333333333,1.8755555555555556,16.828702479973938,1
2023-02-11 00:00:00,5.2296407203089155,16.652229333333334,1.8211111111111113,16.454034052330815,1
2023-02-11 01:00:00,5.983010389521219,16.004282666666665,1.7983333333333336,16.252521791081854,0
2023-02-11 02:00:00,6.756701636908577,17.332573333333332,1.7105555555555556,18.265381076114135,1
2023-02-11 03:00:00,7.192808515460083,17.429765333333332,1.6794444444444443,16.985742975154285,0
2023-02-11 04:00:00,6.898608894267096,18.077712000000002,1.6561111111111113,17.690749410220302,0
2023-02-11 05:00:00,6.884856875737625,16.976202666666666,1.5616666666666665,17.13810436300613,0
2023-02-11 06:00:00,4.775367195045125,21.997789333333333,1.46,14.388984468876764,0
2023-02-11 07:00:00,5.477603434161801,25.334714666666667,1.5238888888888888,14.307567738705606,0
2023-02-11 08:00:00,5.711921005276914,23.002106666666666,1.6216666666666668,15.524060332994987,0
2023-02-11 09:00:00,5.889067932062699,19.535591999999998,1.633611111111111,15.693689366658637,0
2023-02-11 10:00:00,7.172288651635941,20.572306666666666,1.4733333333333334,15.837004512407612,0
2023-02-11 11:00:00,4.803006764497629,23.29368266666667,1.4533333333333331,16.79852753994731,0
2023-02-11 12:00:00,5.715799704613904,19.049632000000003,1.515,16.18575906216263,0
2023-02-11 13:00:00,9.864092387517157,18.822850666666668,1.3855555555555554,17.110209142814945,0
2023-02-11 14:00:00,5.4287184182226165,19.79477066666667,1.3411111111111111,16.551059270013287,0
2023-02-11 15:00:00,4.86941966843312,16.619832,1.2472222222222222,17.015248901908638,0
2023-02-11 16:00:00,4.960202795954792,14.190032,1.096111111111111,17.245238528233774,1
2023-02-11 17:00:00,5.32636929238149,12.408178666666666,0.9272222222222223,17.9628059258811,0
2023-02-11 18:00:00,8.076063714892824,11.825026666666666,0.8188888888888889,17.13938522851033,0
2023-02-11 19:00:00,6.781165824538847,10.334749333333333,0.7177777777777777,18.941885268509687,0
2023-02-11 20:00:00,5.768076428293554,9.524816,0.6777777777777777,17.82588900930824,0
2023-02-11 21:00:00,5.455405638881455,9.524816,0.6227777777777778,18.16565524776519,0
2023-02-11 22:00:00,5.72210432114344,7.904949333333334,0.5838888888888889,17.110949841794696,0
2023-02-11 23:00:00,7.473145457234423,5.183573333333333,0.5422222222222223,19.158066529097013,0
2023-02-12 00:00:00,3.841447242599807,2.526992,0.4672222222222222,19.131590344718347,0
2023-02-12 01:00:00,7.428771518044926,4.600421333333333,0.47222222222222227,19.145175012003772,0
2023-02-12 02:00:00,5.828631886973967,9.330432,0.44555555555555554,18.498644759028732,0
2023-02-12 03:00:00,6.429439760239334,10.237557333333333,0.47833333333333333,17.97905703126308,0
2023-02-12 04:00:00,4.863922705456033,9.978378666666666,0.5227777777777778,17.498433444540634,0
2023-02-12 05:00:00,6.183276416083911,10.107968,0.5861111111111111,19.3520987911231,0
2023-02-12 06:00:00,6.908588182595241,11.241874666666666,0.655,16.433354293594686,0
2023-02-12 07:00:00,5.311571445827901,10.723517333333334,0.6294444444444445,18.011793504718728,0
2023-02-12 08:00:00,5.978732926631506,9.492418666666667,0.64,17.528518635008634,0
2023-02-12 09:00:00,6.00328438806826,9.848789333333334,0.58,17.754946386648463,0
2023-02-12 10:00:00,6.750554218832801,8.520498666666667,0.5966666666666667,18.316298416112325,0
2023-02-12 11:00:00,6.487388144094737,7.2894,0.5844444444444444,18.3936654039275,0
2023-02-12 12:00:00,6.002442079852191,4.114461333333334,0.6133333333333334,18.812281214147202,0
2023-02-12 13:00:00,5.804422724205236,3.1425413333333334,0.54,18.749326942645613,0
2023-02-12 14:00:00,5.287457838088708,1.7818533333333333,0.5211111111111111,18.2581052732435,0
2023-02-12 15:00:00,5.543760426621173,0.0,0.5216666666666666,19.600814232769256,0
2023-02-12 16:00:00,8.036564632410336,1.7494560000000001,0.5144444444444445,18.059483824012858,0
2023-02-12 17:00:00,3.765271527877907,2.753773333333333,0.4911111111111111,19.050467571946573,0
2023-02-12 18:00:00,7.185755124989523,2.5593893333333333,0.48444444444444446,17.534169741605634,0
2023-02-12 19:00:00,5.7546827137060035,5.021586666666667,0.4688888888888889,19.319323700487434,0
2023-02-12 20:00:00,4.868908560595031,8.390909333333333,0.45166666666666666,17.56347420221316,0
2023-02-12 21:00:00,8.308385617519429,9.524816,0.47833333333333333,17.600689757932894,0
2023-02-12 22:00:00,6.64826777465705,9.816392,0.5344444444444445,17.5803095714864,0
2023-02-12 23:00:00,5.695350670649506,14.222429333333332,0.6261111111111112,16.520359530864678,0
2023-02-13 00:00:00,6.752328148373241,16.004282666666665,0.7822222222222223,16.09437863296158,0
2023-02-13 01:00:00,5.972114194223522,17.170586666666665,0.96,15.344299712773626,0
2023-02-13 02:00:00,5.431201049765714,18.628466666666668,1.0805555555555555,16.389950567765826,0
2023-02-13 03:00:00,5.789375023631449,21.8682,1.2238888888888888,14.487378376710895,1
2023-02-13 04:00:00,5.276511347070203,22.030186666666665,1.3605555555555557,15.285553884699873,1
2023-02-13 05:00:00,6.91280555899107,23.358477333333337,1.547777777777778,15.715504192653563,0
2023-02-13 06:00:00,8.059935805731,24.103616000000002,1.7577777777777779,14.994959510837704,1
2023-02-13 07:00:00,7.19520650204655,24.36279466666667,1.9344444444444442,14.354934508604304,1
2023-02-13 08:00:00,5.118842206125261,24.524781333333333,2.0977777777777775,14.437345078016138,1
2023-02-13 09:00:00,5.627545604241671,25.561496,2.2744444444444443,15.054547690866547,0
2023-02-13 10:00:00,7.223878420279866,25.367112000000002,2.4877777777777776,14.514656935936507,1
2023-02-13 11:00:00,6.881186291356349,23.293682666666665,2.8294444444444444,14.354116799055719,1
2023-02-13 12:00:00,4.525194871189434,22.84012,2.8305555555555557,17.39195741917558,1
2023-02-13 13:00:00,4.841888898404032,21.058266666666665,2.9388888888888887,14.87030269181251,0
2023-02-13 14:00:00,5.888614487207906,20.183538666666667,3.0083333333333333,14.585341617869823,1
2023-02-13 15:00:00,4.021147840372497,17.656546666666667,3.0194444444444444,17.44740633246844,1
2023-02-13 16:00:00,6.858011086353013,15.161952,2.992777777777778,17.313862075128018,0
2023-02-13 17:00:00,6.2457055963772445,11.015093333333333,2.7605555555555554,18.342683109841236,0
2023-02-13 18:00:00,6.637634639295247,6.965426666666667,2.783333333333333,18.829994512859447,0
2023-02-13 19:00:00,7.791456692326073,3.9848719999999997,2.5144444444444445,19.311690201315503,0
2023-02-13 20:00:00,5.52347099532593,3.7580906666666665,2.527777777777778,18.98388566952243,0
2023-02-13 21:00:00,6.834081677511798,5.637136000000001,2.3555555555555556,18.381836614593514,0
2023-02-13 22:00:00,2.9436471164349016,8.455703999999999,2.1783333333333332,18.899731146853416,0
2023-02-13 23:00:00,6.210978238087737,11.177079999999998,2.1094444444444442,17.044367744276727,0
2023-02-14 00:00:00,7.3053565702917,13.218112,2.033333333333333,16.398370807723676,0
2023-02-14 01:00:00,5.84427335855879,15.226746666666665,2.0722222222222224,17.106379101260806,0
2023-02-14 02:00:00,6.249407098363605,16.943805333333334,2.066666666666667,17.297981553106343,0
2023-02-14 03:00:00,7.912526699586039,16.069077333333336,2.132222222222222,16.78340509801747,0
2023-02-14 04:00:00,5.654636514024882,14.708389333333335,1.9272222222222222,16.06338809447604,1
2023-02-14 05:00:00,6.888924657655179,17.170586666666665,1.863888888888889,16.882342904065624,0
2023-02-14 06:00:00,6.217714435839226,18.822850666666668,1.7750000000000001,14.95449508999574,1
2023-02-14 07:00:00,5.361874494615617,17.49456,1.6166666666666665,16.078959977713726,0
2023-02-14 08:00:00,8.478085334175377,19.373605333333334,1.5644444444444445,13.90427478184187,0
2023-02-14 09:00:00,6.379661460938688,19.373605333333334,1.6533333333333333,14.99807193658431,1
2023-02-14 10:00:00,6.926417223570765,16.814216,1.6205555555555555,17.446511547764203,0
2023-02-14 11:00:00,8.049547834704528,17.26777866666667,1.5522222222222222,16.54927344191429,1
2023-02-14 12:00:00,5.938329223697617,18.95244,1.4622222222222223,15.290325211834189,0
2023-02-14 13:00:00,5.992919449061833,17.397368,1.4105555555555556,16.282713136205412,0
2023-02-14 14:00:00,7.558942278041777,14.611197333333331,1.4233333333333331,17.174622239571068,0
2023-02-14 15:00:00,5.685093711872813,16.231064,1.3566666666666667,15.57921362353506,0
2023-02-14 16:00:00,5.193404589208279,16.55503733333333,1.248888888888889,18.11288674730608,0
2023-02-14 17:00:00,5.398188968865031,15.518322666666668,1.26,15.453438648699942,0
2023-02-14 18:00:00,5.621526413531107,13.056125333333332,1.1744444444444444,17.429408190288665,0
2023-02-14 19:00:00,6.422792644561412,10.107968,1.0777777777777777,18.72622309095502,0
2023-02-14 20:00:00,5.656930147391461,9.913584,1.055,18.272929142802266,0
2023-02-14 21:00:00,6.658463384257914,8.034538666666668,0.94,18.36364965216723,0
2023-02-14 22:00:00,6.592037421792021,8.520498666666667,0.9044444444444445,18.565439579871438,0
2023-02-14 23:00:00,6.440954210887313,10.107968,0.8477777777777779,17.401065813690977,0
2023-02-15 00:00:00,7.792272792817734,11.371464000000001,0.8322222222222222,17.618230550643283,0
2023-02-15 01:00:00,6.9194217279710815,10.237557333333333,0.8227777777777777,18.215633484995944,0
2023-02-15 02:00:00,6.359537046365187,9.686802666666667,0.8422222222222221,18.34649585640205,0
2023-02-15 03:00:00,5.975636237479603,9.751597333333335,0.8255555555555555,18.8727964883423,0
2023-02-15 04:00:00,4.805904598389259,10.20516,0.8233333333333334,18.366117243192143,0
2023-02-15 05:00:00,5.652092331976125,11.274272000000002,0.7988888888888889,18.201755004282656,0
2023-02-15 06:00:00,4.512515556075974,12.63496,0.8883333333333333,16.020731803915115,0
2023-02-15 07:00:00,4.976793335891127,11.079887999999999,0.895,17.62205902760828,0
2023-02-15 08:00:00,5.761936253112246,11.177079999999998,0.9166666666666666,17.523796335431665,0
2023-02-15 09:00:00,6.257998584250115,9.330432,0.9127777777777778,18.684464372915265,1
2023-02-15 10:00:00,3.8468240932868802,9.686802666666667,0.8855555555555555,18.756192594985418,0
2023-02-15 11:00:00,6.843248803800783,8.488101333333333,0.8627777777777778,18.903631001180674,0
2023-02-15 12:00:00,6.394916151374595,10.075570666666666,0.8572222222222222,18.080122871591694,0
2023-02-15 13:00:00,6.205569627783016,13.153317333333334,0.8755555555555555,16.775292219181782,0
2023-02-15 14:00:00,5.6672394314371175,16.231064,0.9566666666666667,15.628775598097333,0
2023-02-15 15:00:00,5.561916752115265,16.166269333333332,1.0866666666666667,17.747091840947565,1
2023-02-15 16:00:00,4.468148351753789,15.680309333333332,1.1427777777777777,16.912189537590127,0
2023-02-15 17:00:00,8.67028157678656,16.587434666666667,1.238888888888889,16.04886621413284,0
2023-02-15 18:00:00,6.215676801301093,16.587434666666667,1.3633333333333333,17.809662528912774,0
2023-02-15 19:00:00,5.601036711685556,19.146824,1.3466666666666667,16.872199837926985,0
2023-02-15 20:00:00,8.246506181867188,21.41463733333333,1.6066666666666667,15.695895074209027,0
2023-02-15 21:00:00,7.007917094232238,23.617656,1.875,13.19253123210297,0
2023-02-15 22:00:00,4.4609126205326435,23.81204,2.0166666666666666,14.71654181214164,0
2023-02-15 23:00:00,5.7178945858526085,22.516146666666668,1.9966666666666664,15.42880576509632,0
2023-02-16 00:00:00,7.889593365411815,20.086346666666667,1.9766666666666666,15.109297868405152,0
2023-02-16 01:00:00,6.659310938933033,18.498877333333336,1.9649999999999999,14.900103969234126,1
2023-02-16 02:00:00,6.6279620548274325,16.52264,1.7983333333333331,16.24730077589661,0
2023-02-16 03:00:00,6.8051416925531605,15.583117333333334,1.708888888888889,16.565310557422574,0
2023-02-16 04:00:00,9.898596792060605,16.328256,1.6705555555555556,15.45269460537274,0
2023-02-16 05:00:00,5.384962795980782,14.935170666666666,1.6888888888888889,17.2143067275779,0
2023-02-16 06:00:00,7.850278062095513,14.222429333333332,1.6094444444444445,16.834093618566072,0
2023-02-16 07:00:00,5.595450165029381,12.764549333333333,1.6327777777777779,18.414501143016505,0
2023-02-16 08:00:00,6.340220378310998,12.310986666666667,1.5938888888888887,18.042164557203467,1
2023-02-16 09:00:00,5.753059428261904,11.339066666666668,1.6294444444444445,18.33469612145578,0
2023-02-16 10:00:00,6.517756577097637,11.274272000000002,1.603888888888889,18.47598705345065,0
2023-02-16 11:00:00,5.552455579952664,8.844472000000001,1.5605555555555555,18.921901975228483,0
2023-02-16 12:00:00,6.976748925321059,8.326114666666667,1.5644444444444445,18.29663151532088,0
2023-02-16 13:00:00,5.610225623823559,7.645770666666667,1.5744444444444445,19.687623167380025,0
2023-02-16 14:00:00,8.05896771856124,8.358512,1.4749999999999999,17.856621095760897,0
2023-02-16 15:00:00,7.838707876541271,10.399544,1.3766666666666667,18.153819890636328,0
2023-02-16 16:00:00,6.820274675760696,9.848789333333334,1.4105555555555556,17.00128795845627,0
2023-02-16 17:00:00,7.467929991043814,9.006458666666667,1.412222222222222,17.496051491985327,0
2023-02-16 18:00:00,9.170591050857588,5.896314666666666,1.366666666666667,18.33981852352858,0
2023-02-16 19:00:00,6.603478462382951,8.196525333333332,1.3772222222222223,17.49979208193541,0
2023-02-16 20:00:00,5.504472985575451,8.812074666666668,1.3461111111111113,18.346133898099826,0
2023-02-16 21:00:00,4.985867269795508,8.812074666666666,1.2877777777777777,18.174669989348214,0
2023-02-16 22:00:00,6.772383939165256,6.123096,1.277777777777778,18.791269885906193,0
2023-02-16 23:00:00,6.345014676372814,8.066936,1.2,18.26431676014909,0
2023-02-17 00:00:00,5.5449057690218835,6.285082666666667,1.2005555555555556,17.992007811862432,0
2023-02-17 01:00:00,4.943524675410419,7.159810666666666,1.098888888888889,18.49841856829737,0
2023-02-17 02:00:00,5.127935169112398,10.140365333333333,1.075,18.283422388396815,0
2023-02-17 03:00:00,6.052284450268366,10.950298666666667,1.0533333333333335,16.350944367020382,0
2023-02-17 04:00:00,7.962619310827571,12.63496,1.0361111111111112,17.986688152739735,0
2023-02-17 05:00:00,6.797142444275228,14.514005333333332,1.1033333333333335,17.16304770735959,0
2023-02-17 06:00:00,5.72978562835048,16.263461333333336,1.1738888888888888,16.255150424160174,1
2023-02-17 07:00:00,5.612551312653333,14.967568,1.2283333333333333,16.446987116702886,1
2023-02-17 08:00:00,4.408650584462719,10.788312,1.323888888888889,17.96990741699228,0
2023-02-17 09:00:00,4.313472295218865,15.06476,1.4866666666666666,17.13781477538387,0
2023-02-17 10:00:00,5.625179277893786,15.680309333333334,1.698888888888889,18.147570062908887,0
2023-02-17 11:00:00,7.866254020547834,16.36065333333333,1.8272222222222225,16.912033538888736,0
2023-02-17 12:00:00,7.451353884708721,19.60038666666667,2.0572222222222223,16.467256536785058,0
2023-02-17 13:00:00,6.189313305160334,18.174904,2.2777777777777777,15.97252695436333,0
2023-02-17 14:00:00,6.804788182375794,16.101474666666665,2.218888888888889,16.33303536671301,0
2023-02-17 15:00:00,6.350280647166332,15.939487999999999,2.0944444444444446,17.13254382176527,0
2023-02-17 16:00:00,5.428664686754718,14.028045333333333,1.9372222222222222,17.332017096798946,0
2023-02-17 17:00:00,5.008338863043464,13.282906666666667,1.9538888888888888,17.367935190580933,0
2023-02-17 18:00:00,7.068554388902683,19.341207999999998,2.11,16.37866086473778,1
2023-02-17 19:00:00,6.692918407340195,19.114426666666667,2.0961111111111115,16.128582308465962,0
2023-02-17 20:00:00,6.350929716292551,15.032362666666666,2.046111111111111,16.12377037135649,0
2023-02-17 21:00:00,6.849475017250845,12.764549333333335,1.8805555555555555,17.14255165828381,0
2023-02-17 22:00:00,4.761409979413709,23.779642666666664,1.9649999999999999,16.788433420173373,1
2023-02-17 23:00:00,6.335860674167037,22.516146666666668,2.1444444444444444,15.324469681805637,0
2023-02-18 00:00:00,7.906884995304375,23.29368266666667,2.09,13.96483039172916,1
2023-02-18 01:00:00,7.54162449780464,25.367112000000002,2.058333333333333,13.715396544237713,0
2023-02-18 02:00:00,7.6822047703612055,27.375746666666668,2.1016666666666666,14.605730133960051,1
2023-02-18 03:00:00,6.6336418518186315,28.282872,2.1999999999999997,14.723270285934184,0
2023-02-18 04:00:00,6.392303026485977,26.922184,2.2322222222222226,13.750124521091953,0
2023-02-18 05:00:00,6.216520132877956,26.889786666666666,2.3338888888888887,13.3009276588922,1
2023-02-18 06:00:00,4.446677454280436,25.982661333333336,2.2583333333333333,15.211861306229101,1
2023-02-18 07:00:00,10.040689521796478,24.589575999999997,2.163888888888889,16.107646213202447,0
2023-02-18 08:00:00,4.523708785927975,22.418954666666668,2.0083333333333333,15.182065923314761,1
2023-02-18 09:00:00,7.032304510769472,21.349842666666664,1.8411111111111111,15.769511713045425,0
2023-02-18 10:00:00,7.310260858692826,21.706213333333334,1.6266666666666667,14.751890430082115,0
2023-02-18 11:00:00,6.024981010048966,18.563672,1.4727777777777777,16.207517333800837,0
2023-02-18 12:00:00,6.110515070317782,14.935170666666666,1.2988888888888888,17.228544271659924,0
2023-02-18 13:00:00,5.450098320288524,13.088522666666668,1.2011111111111112,16.319625826403552,0
2023-02-18 14:00:00,5.330953694275368,12.732152,1.0122222222222221,18.2599839535938,0
2023-02-18 15:00:00,7.803551271731671,12.991330666666668,0.96,16.74311445319279,0
2023-02-18 16:00:00,5.0851923155746315,13.088522666666668,0.9905555555555555,18.438099703308026,0
2023-02-18 17:00:00,8.361834133909177,13.833661333333334,0.9183333333333333,18.311112381433748,0
2023-02-18 18:00:00,6.193533445945911,13.088522666666668,0.9383333333333334,15.90556270746763,0
2023-02-18 19:00:00,8.047055722572365,12.796946666666665,0.8766666666666666,17.184768017124934,0
2023-02-18 20:00:00,4.977129299842612,10.723517333333334,0.831111111111111,16.386266765694184,0
2023-02-18 21:00:00,9.019505082844153,10.885504,0.7466666666666667,18.041074788570707,0
2023-02-18 22:00:00,6.417965373353343,12.343384,0.7033333333333333,16.651707472820608,0
2023-02-18 23:00:00,6.01171653336878,15.194349333333333,0.7594444444444445,16.244858292962316,0
2023-02-19 00:00:00,6.552984814588018,17.07339466666667,0.8716666666666667,15.830260982140503,0
2023-02-19 01:00:00,4.975212006243994,17.818533333333335,1.0155555555555555,16.795345133842456,0
2023-02-19 02:00:00,6.61863214039679,17.429765333333332,1.0794444444444444,16.71501519856646,1
2023-02-19 03:00:00,4.350305658012284,19.211618666666666,1.2655555555555555,15.996977075439593,0
2023-02-19 04:00:00,6.728005220541689,17.72134133333333,1.3705555555555555,15.955381157414593,1
2023-02-19 05:00:00,4.843491854713651,13.768866666666668,1.2672222222222222,17.275593152328028,0
2023-02-19 06:00:00,4.040128894801046,13.347701333333333,1.0916666666666668,16.906387988236414,0
2023-02-19 07:00:00,6.136859983338486,13.736469333333332,1.0416666666666667,17.746439569628667,0
2023-02-19 08:00:00,3.836010541119095,13.833661333333334,0.9977777777777778,17.797016321332993,0
2023-02-19 09:00:00,6.1782965690699525,12.861741333333333,0.9772222222222222,17.700586495974115,0
2023-02-19 10:00:00,7.041422089501094,13.671674666666668,0.9488888888888889,17.46540306699949,1
2023-02-19 11:00:00,5.389231242319163,13.282906666666667,0.9316666666666666,17.461307516997653,0
2023-02-19 12:00:00,8.263930499288287,9.848789333333334,0.8972222222222221,18.03621555050454,0
2023-02-19 13:00:00,5.561030680757431,8.650088,0.8027777777777777,18.176666639037567,0
2023-02-19 14:00:00,5.533938991422457,9.783994666666667,0.7766666666666667,16.655534872875254,0
2023-02-19 15:00:00,6.5644598310978495,10.788312,0.7272222222222222,18.039058923058562,0
2023-02-19 16:00:00,5.902404904996161,13.153317333333334,0.7327777777777778,18.342957568368494,0
2023-02-19 17:00:00,6.436653020497476,15.453528,0.831111111111111,17.61709786428494,0
2023-02-19 18:00:00,6.466736454269853,15.518322666666668,0.9433333333333334,16.679797451275245,0
2023-02-19 19:00:00,6.4101434336000045,16.717024,1.0566666666666666,15.589783920245438,0
2023-02-19 20:00:00,5.855947073658194,13.768866666666668,1.0927777777777778,18.00551072935437,0
2023-02-19 21:00:00,5.852416410099643,13.12092,1.0794444444444444,17.69531975016132,0
2023-02-19 22:00:00,4.205958046955652,15.129554666666666,1.0372222222222223,17.31306089215226,0
2023-02-19 23:00:00,5.9311800400718875,13.671674666666666,1.1616666666666668,17.064679021365595,1
2023-02-20 00:00:00,4.657757707058608,17.105792,1.3883333333333334,18.32863683734086,0
2023-02-20 01:00:00,6.3237788719235395,19.4384,1.695,16.03184512603489,0
2023-02-20 02:00:00,8.105678700339464,16.943805333333334,1.8783333333333332,17.44562373533945,1
2023-02-20 03:00:00,7.486542329396943,17.62414933333333,2.091111111111111,17.117695223489775,0
2023-02-20 04:00:00,7.273263233955169,15.161952,1.9455555555555557,17.056603362887472,1
2023-02-20 05:00:00,5.76021237512871,12.958933333333334,1.8544444444444446,16.25509796795018,0
2023-02-20 06:00:00,6.497718202433531,15.647912,1.7955555555555556,14.841161843227212,0
2023-02-20 07:00:00,7.47085565934362,15.647912,1.8422222222222222,16.244052892852558,1
2023-02-20 08:00:00,7.7078017717554355,13.866058666666667,1.8677777777777778,16.84920074252105,0
2023-02-20 09:00:00,4.606257883731675,13.801264000000002,1.865,18.142756879680167,0
2023-02-20 10:00:00,7.285281884783644,12.764549333333333,1.735,17.86895716432208,0
2023-02-20 11:00:00,4.37760984081428,12.699754666666665,1.68,16.610387347992187,0
2023-02-20 12:00:00,6.110750485280037,12.084205333333335,1.5433333333333332,17.334566678031802,1
2023-02-20 13:00:00,6.564599271850071,11.825026666666666,1.4222222222222223,17.25550911413385,0
2023-02-20 14:00:00,5.199063457582702,11.079887999999999,1.3933333333333333,18.221028076069235,0
2023-02-20 15:00:00,4.70164418200611,11.144682666666668,1.291111111111111,17.47300312247288,0
2023-02-20 16:00:00,5.3001713126882,10.626325333333332,1.2627777777777778,18.59161227812159,0
2023-02-20 17:00:00,7.7365443663890145,9.427624,1.4638888888888888,17.905586450659964,0
2023-02-20 18:00:00,7.243825164861046,8.066936,1.598888888888889,18.158966189550043,0
2023-02-20 19:00:00,6.1813143370282155,8.876869333333334,1.5555555555555556,18.61356055571292,0
2023-02-20 20:00:00,5.7758228266179215,9.783994666666667,1.5366666666666668,17.251370644320165,0
2023-02-20 21:00:00,6.384199291070668,9.395226666666668,1.488888888888889,17.90509936129488,0
2023-02-20 22:00:00,5.417861652128436,10.853106666666667,1.4983333333333333,18.352611503255805,1
2023-02-20 23:00:00,6.992310318343802,9.298034666666668,1.3494444444444447,17.44978989992857,0
2023-02-21 00:00:00,5.401264319607297,8.228922666666667,1.448888888888889,18.68486608670589,0
2023-02-21 01:00:00,5.515959829956334,7.3217973333333335,1.4272222222222222,19.018879600700032,0
2023-02-21 02:00:00,8.106040339563192,7.9697439999999995,1.3805555555555555,19.72837874986175,0
2023-02-21 03:00:00,7.135864409179573,7.904949333333334,1.3061111111111112,18.84286308555815,0
2023-02-21 04:00:00,7.0519906917598005,8.228922666666667,1.3127777777777778,18.10235360320905,0
2023-02-21 05:00:00,6.116725514795067,6.7062479999999995,1.365,16.79012876748177,0
2023-02-21 06:00:00,6.486225992136596,5.475149333333333,1.317777777777778,17.947794698114695,0
2023-02-21 07:00:00,3.7622139172569766,3.0453493333333337,1.325,19.086503695650084,0
2023-02-21 08:00:00,4.928536031969796,5.961109333333333,1.347777777777778,18.175605528631866,0
2023-02-21 09:00:00,10.856535972375857,17.688944,1.3477777777777777,15.444887230683099,1
2023-02-21 10:00:00,5.788629948154146,22.418954666666668,1.45,16.163165458207473,0
2023-02-21 11:00:00,6.61393448775494,22.58094133333333,1.695,16.27868991509962,1
2023-02-21 12:00:00,6.0914879708715395,21.38224,1.806111111111111,14.31255206813323,1
2023-02-21 13:00:00,4.825203987943946,20.475114666666666,1.7744444444444445,15.175359367253959,1
2023-02-21 14:00:00,7.534994582508491,16.619832,1.566111111111111,16.40782268421772,0
2023-02-21 15:00:00,6.646781906244193,14.643594666666667,1.4833333333333334,17.48908007612393,0
2023-02-21 16:00:00,4.856110394141409,9.783994666666667,1.3294444444444444,18.50420322191207,0
2023-02-21 17:00:00,7.843066555880395,6.3822746666666665,1.277777777777778,18.702139101956693,0
2023-02-21 18:00:00,5.974829872921599,4.341242666666666,1.1855555555555555,18.79683303218415,0
2023-02-21 19:00:00,5.615166585971433,2.688978666666667,1.1877777777777778,19.02153000297754,0
2023-02-21 20:00:00,5.511425361755695,1.9762373333333334,1.151111111111111,19.35967234937294,0
2023-02-21 21:00:00,5.37433676298464,1.5874693333333332,1.115,19.801388502318073,0
2023-02-21 22:00:00,9.133384434524855,4.989189333333333,1.0683333333333334,19.499979739657835,0
2023-02-21 23:00:00,5.13513866183681,5.280765333333334,1.053888888888889,18.39287598121283,0
2023-02-22 00:00:00,5.611205447270916,8.909266666666667,1.067777777777778,17.942705219189406,0
2023-02-22 01:00:00,9.03519235837775,9.23324,1.0305555555555557,18.117457986721604,1
2023-02-22 02:00:00,7.956319030507295,10.982695999999999,0.9211111111111112,18.0385742279837,0
2023-02-22 03:00:00,6.462969433156526,11.047490666666667,0.9122222222222223,18.49184358827823,0
2023-02-22 04:00:00,5.2310501065904065,11.792629333333332,0.8694444444444445,18.19481277154832,0
2023-02-22 05:00:00,5.0692912068169695,9.816392,0.895,18.44330598828562,0
2023-02-22 06:00:00,6.4888512777509275,13.639277333333334,0.9255555555555556,15.8824195062792,0
2023-02-22 07:00:00,5.15919684373452,14.643594666666667,0.9061111111111111,16.681734219793096,0
2023-02-22 08:00:00,4.566787265567049,14.060442666666667,0.9116666666666666,14.638238555174581,0
2023-02-22 09:00:00,6.144325335170444,12.116602666666665,0.8627777777777778,17.51068337739976,0
2023-02-22 10:00:00,8.236041038244643,15.291541333333333,0.9216666666666667,17.455121466001078,0
2023-02-22 11:00:00,5.385023662591327,12.246192,0.8966666666666666,17.09220253561587,0
2023-02-22 12:00:00,7.1804873807988505,10.302352,0.8788888888888889,17.413249176136862,0
2023-02-22 13:00:00,6.805566294434733,10.334749333333333,0.8933333333333334,18.47122813842691,0
2023-02-22 14:00:00,4.104179645648124,9.006458666666667,0.875,19.049122031872848,0
2023-02-22 15:00:00,6.7752775955559335,5.442752,0.8316666666666667,18.65390444492132,0
2023-02-22 16:00:00,5.220652077323587,2.4621973333333336,0.7861111111111111,19.243566996322787,0
2023-02-22 17:00:00,5.519774921357533,2.5593893333333333,0.7466666666666667,19.124437636933468,0
2023-02-22 18:00:00,6.75108187600377,1.7170586666666665,0.6722222222222222,19.36076661231728,0
2023-02-22 19:00:00,7.57731025334422,0.97192,0.648888888888889,19.595341944269993,0
2023-02-22 20:00:00,5.581625857578239,2.948157333333333,0.6644444444444444,18.784067256757044,0
2023-02-22 21:00:00,7.668563934107638,10.529133333333332,0.625,16.985763174705543,0
2023-02-22 22:00:00,6.084454758489469,10.69112,0.6222222222222222,18.28556255654231,0
2023-02-22 23:00:00,7.5677039903944525,14.902773333333334,0.7133333333333334,15.990613936858203,0
2023-02-23 00:00:00,5.697480742006214,17.850930666666667,0.8033333333333333,17.062265072424847,1
2023-02-23 01:00:00,6.627582372095657,18.725658666666668,1.0022222222222223,16.555579280208637,0
2023-02-23 02:00:00,6.161298262047805,18.207301333333334,1.1633333333333333,15.881938526605133,0
2023-02-23 03:00:00,4.790190052383099,16.45784533333333,1.2166666666666666,16.315249871164085,0
2023-02-23 04:00:00,6.830991986330908,18.498877333333336,1.2861111111111112,16.713505992634754,0
2023-02-23 05:00:00,6.417252243785009,19.179221333333334,1.3855555555555554,15.759114573595562,1
2023-02-23 06:00:00,5.803791497374892,20.215936,1.5033333333333332,16.33742616061961,1
2023-02-23 07:00:00,4.9702533262007815,20.41032,1.7194444444444443,14.159085420813843,0
2023-02-23 08:00:00,5.230188248066707,17.786136000000003,1.7044444444444444,16.11664795879003,1
2023-02-23 09:00:00,4.954107195316626,19.567989333333333,1.6844444444444442,15.952160062049705,0
2023-02-23 10:00:00,6.3905957980472,19.30881066666667,1.6849999999999998,16.300745523003155,1
2023-02-23 11:00:00,4.129185102209712,17.008599999999998,1.7366666666666666,17.0644179210255,0
2023-02-23 12:00:00,6.47039176674546,15.453528,1.7355555555555557,16.678227260533394,1
2023-02-23 13:00:00,5.550679960356935,14.157634666666667,1.7205555555555556,17.059733693567093,0
2023-02-23 14:00:00,4.523451044825657,16.069077333333333,1.7105555555555556,16.08479838316695,0
2023-02-23 15:00:00,7.488723755245652,15.097157333333334,1.7877777777777777,16.183382282014183,0
2023-02-23 16:00:00,5.4216526695952005,13.866058666666667,1.787222222222222,17.317431051427544,0
2023-02-23 17:00:00,6.3815637507086365,12.699754666666665,1.7644444444444443,18.39637813673718,0
2023-02-23 18:00:00,6.094729647592068,12.732152,1.7755555555555553,16.5905833905114,0
2023-02-23 19:00:00,8.533085508520829,11.144682666666666,1.731111111111111,17.589470684977616,1
2023-02-23 20:00:00,6.051660511698532,11.144682666666666,1.7916666666666667,17.324590594638625,1
2023-02-23 21:00:00,5.650084762228224,10.431941333333333,1.9577777777777776,17.955240747934752,0
2023-02-23 22:00:00,5.793227016245091,9.492418666666667,1.9944444444444445,19.3701327252483,1
2023-02-23 23:00:00,7.63755264424551,13.023728,1.9427777777777777,16.791309959169997,0
2023-02-24 00:00:00,6.884883735211275,14.222429333333332,1.9783333333333335,17.053685103027103,1
2023-02-24 01:00:00,6.117153814927396,11.468656000000001,1.8655555555555556,17.854420438247317,0
2023-02-24 02:00:00,6.659802296012682,11.209477333333332,1.721111111111111,17.41088936850877,0
2023-02-24 03:00:00,7.980858485423844,16.360653333333335,1.683888888888889,15.804896860222755,0
2023-02-24 04:00:00,4.676584295463088,16.101474666666665,1.6544444444444444,17.579300148893864,0
2023-02-24 05:00:00,6.465084028652581,15.097157333333334,1.6772222222222222,16.55027285913997,1
2023-02-24 06:00:00,7.618014802157202,14.287224,1.6638888888888888,17.766415154745275,1
2023-02-24 07:00:00,9.543931693808842,9.654405333333335,1.6011111111111112,17.80916418868451,0
2023-02-24 08:00:00,9.283538474104875,9.589610666666667,1.61,16.857410396709138,0
2023-02-24 09:00:00,7.301319841835621,10.075570666666666,1.5066666666666666,18.315548278180586,0
2023-02-24 10:00:00,8.425472258088769,11.792629333333332,1.388888888888889,16.6363740464256,0
2023-02-24 11:00:00,8.264038580009647,15.518322666666668,1.3605555555555557,17.191946406292534,0
2023-02-24 12:00:00,10.624563643964995,19.30881066666667,1.3433333333333335,16.468445294620636,0
2023-02-24 13:00:00,5.952077061607731,19.114426666666667,1.393888888888889,15.051998716707919,1
2023-02-24 14:00:00,5.9326667241569595,20.993472,1.4083333333333332,15.646910707718073,0
2023-02-24 15:00:00,7.683151802543882,23.261285333333333,1.636111111111111,14.158965625383283,1
2023-02-24 16:00:00,8.308986141519158,24.913549333333332,1.8427777777777778,15.576059501263076,1
2023-02-24 17:00:00,6.1877816017802525,23.974026666666663,1.8549999999999998,14.930448798540704,0
2023-02-24 18:00:00,6.089526633901442,23.358477333333337,1.8438888888888891,14.978244330309971,1
2023-02-24 19:00:00,6.292717220472852,25.075536,1.8283333333333334,15.912350427654195,1
2023-02-24 20:00:00,5.267095355661438,21.447034666666667,1.823888888888889,14.866759188172887,1
2023-02-24 21:00:00,3.8227699070582304,23.552861333333336,1.7466666666666668,13.886147642565206,0
2023-02-24 22:00:00,4.427560838504115,22.224570666666665,1.6927777777777777,15.164188627037936,0
2023-02-24 23:00:00,6.688488723351231,22.321762666666668,1.6866666666666665,15.40862685077329,1
2023-02-25 00:00:00,7.334332695885752,23.390874666666665,1.6122222222222222,15.799852152629832,0
2023-02-25 01:00:00,6.832557903157444,22.710530666666667,1.5555555555555556,14.562581243932383,1
2023-02-25 02:00:00,5.89262446663722,18.628466666666668,1.4388888888888889,16.07148107110361,0
2023-02-25 03:00:00,7.162480424643619,17.397368,1.3366666666666667,16.448060109714042,1
2023-02-25 04:00:00,6.100236300295123,16.425448,1.3683333333333334,16.619708807584512,0
2023-02-25 05:00:00,7.653970855921146,14.999965333333334,1.291111111111111,17.12427564533419,0
2023-02-25 06:00:00,6.196024955190886,13.477290666666667,1.123888888888889,17.494880684309095,0
2023-02-25 07:00:00,7.352382240057622,12.570165333333334,1.0322222222222222,17.014034748445123,0
2023-02-25 08:00:00,5.159046280259352,12.570165333333334,1.03,17.898245614121304,0
2023-02-25 09:00:00,3.309695080806448,11.695437333333333,0.9588888888888888,16.684748999307825,0
2023-02-25 10:00:00,4.502841171571531,11.468656000000001,0.9166666666666666,18.73342902534159,0
2023-02-25 11:00:00,7.414638221255644,11.306669333333332,0.8411111111111111,17.5331229992522,0
2023-02-25 12:00:00,5.656604557554895,9.686802666666667,0.7711111111111112,18.439409672634522,0
2023-02-25 13:00:00,5.892980954784463,6.933029333333334,0.6811111111111111,17.87681637709711,0
2023-02-25 14:00:00,7.155003044890466,7.840154666666666,0.6333333333333333,17.719482170798265,0
2023-02-25 15:00:00,8.947203621165512,7.257002666666666,0.585,17.956622551901543,0
2023-02-25 16:00:00,6.02078456506526,3.9200773333333334,0.5272222222222223,18.773656734525872,0
2023-02-25 17:00:00,6.129458640744564,5.410354666666667,0.52,17.76831471115072,0
2023-02-25 18:00:00,7.204215612934733,5.572341333333334,0.5394444444444445,17.436032694600343,0
2023-02-25 19:00:00,5.306381960798325,9.136048,0.5366666666666667,16.976283725341133,0
2023-02-25 20:00:00,6.5228360954235045,8.002141333333332,0.5327777777777778,18.412807027701295,0
2023-02-25 21:00:00,5.600119576573626,9.200842666666667,0.5355555555555556,17.44247634586633,0
2023-02-25 22:00:00,6.119291226797617,10.302352,0.5588888888888889,17.91373907261543,0
2023-02-25 23:00:00,5.816437044523209,5.993506666666666,0.6211111111111111,19.014231840497168,0
2023-02-26 00:00:00,7.631865420386155,4.082064,0.6294444444444444,18.956049070877114,0
2023-02-26 01:00:00,6.681976005421247,5.215970666666666,0.6672222222222222,18.381747715875054,0
2023-02-26 02:00:00,5.736069003480694,6.382274666666667,0.685,18.579305460878512,0
2023-02-26 03:00:00,5.165924889745546,7.483784,0.7227777777777779,19.040112401026175,0
2023-02-26 04:00:00,8.16017094207397,10.043173333333334,0.7516666666666666,17.064296852572905,0
2023-02-26 05:00:00,7.170314715635153,7.548578666666667,0.7916666666666666,17.59478672824977,0
2023-02-26 06:00:00,4.070290365383663,5.604738666666666,0.7933333333333333,17.832544803085025,0
2023-02-26 07:00:00,6.339323900555288,3.304528,0.8161111111111111,18.91293153900375,0
2023-02-26 08:00:00,6.308418840584442,2.8509653333333334,0.7466666666666666,19.025673706631718,0
2023-02-26 09:00:00,7.257777630947463,3.272130666666667,0.8188888888888889,19.64519754527262,0
2023-02-26 10:00:00,6.868803687850545,4.8596,0.8422222222222221,18.208776053890237,0
2023-02-26 11:00:00,8.265835897102782,6.155493333333333,0.7766666666666667,19.78257694381821,0
2023-02-26 12:00:00,7.1839478132267836,7.645770666666667,0.8688888888888888,19.137145508561634,0
2023-02-26 13:00:00,5.381184357999742,11.565848,0.92,17.82934370516674,0
2023-02-26 14:00:00,6.757930376814294,12.375781333333334,0.9216666666666667,18.08067767300393,1
2023-02-26 15:00:00,8.185543842999069,15.809898666666667,1.0144444444444445,16.314498649102884,0
2023-02-26 16:00:00,6.696685533902374,18.660864,1.192777777777778,16.07491667123605,1
2023-02-26 17:00:00,5.4282645200771205,19.956757333333332,1.3383333333333332,15.551270261758766,0
2023-02-26 18:00:00,4.504453883409187,20.34552533333333,1.498888888888889,15.677043217471706,0
2023-02-26 19:00:00,5.098798771303313,19.049632000000003,1.6711111111111112,15.249833688899065,0
2023-02-26 20:00:00,6.43639224182353,18.984837333333335,1.6944444444444444,14.382154018030848,0
2023-02-26 21:00:00,8.142256240900677,19.276413333333334,1.683888888888889,16.163499661189174,1
2023-02-26 22:00:00,5.8887829500836775,19.21161866666667,1.8066666666666666,16.111023587926642,1
2023-02-26 23:00:00,8.084278767058096,18.855248,1.7583333333333335,17.203304766328483,1
2023-02-27 00:00:00,6.57168023789693,19.114426666666667,1.8138888888888889,15.80025227961199,1
2023-02-27 01:00:00,7.434003425758417,19.017234666666667,1.76,16.39368330722026,0
2023-02-27 02:00:00,7.072122912682079,17.656546666666667,1.7744444444444445,17.84086072040101,0
2023-02-27 03:00:00,5.601442989718863,15.939487999999999,1.586111111111111,15.504780079564432,0
2023-02-27 04:00:00,6.854875676088278,14.481608,1.4677777777777778,17.46487095925942,0
2023-02-27 05:00:00,4.672976686273203,10.820709333333333,1.3872222222222221,17.802836941953597,0
2023-02-27 06:00:00,8.187622113738344,12.958933333333334,1.3016666666666667,17.66781347891114,0
2023-02-27 07:00:00,6.034538206747521,20.475114666666666,1.2416666666666667,16.376743831242045,0
2023-02-27 08:00:00,7.691709169616167,19.92436,1.3,17.053445066016398,0
2023-02-27 09:00:00,6.46454357644738,17.688944,1.413888888888889,15.886672290422197,1
2023-02-27 10:00:00,7.51323717065618,17.040997333333333,1.3244444444444445,14.689077349654907,1
2023-02-27 11:00:00,4.924316459455802,12.213794666666667,1.1922222222222223,16.812883922076047,0
2023-02-27 12:00:00,6.059231128226595,13.12092,1.0472222222222223,17.496553938530884,0
2023-02-27 13:00:00,6.361726608909133,13.509687999999999,1.0133333333333334,19.11310969178571,0
2023-02-27 14:00:00,8.280004173082956,14.708389333333335,1.0572222222222223,17.500863541621026,0
2023-02-27 15:00:00,8.010897992499425,12.796946666666665,0.9822222222222222,17.097187926822865,0
2023-02-27 16:00:00,5.156426846006777,11.727834666666666,0.8966666666666666,16.15944680211093,0
2023-02-27 17:00:00,6.120860632519567,8.585293333333333,0.8627777777777778,18.879355128711936,0
2023-02-27 18:00:00,7.521191384933444,7.127413333333333,0.7461111111111111,19.03155367884937,0
2023-02-27 19:00:00,5.175893909930376,8.844472,0.7000000000000001,17.396059804650477,0
2023-02-27 20:00:00,5.152409277108835,8.714882666666666,0.6638888888888889,17.29459053230175,1
2023-02-27 21:00:00,5.562563582311711,13.995648000000001,0.6372222222222222,18.591782061910397,1
2023-02-27 22:00:00,6.020530739329509,16.52264,0.7333333333333334,18.110328855598322,0
2023-02-27 23:00:00,7.026955557509107,17.786136000000003,0.8722222222222222,16.626160904498224,0
2023-02-28 00:00:00,5.385868551973883,21.025869333333333,1.0855555555555556,15.842329382521813,0
2023-02-28 01:00:00,6.592243749320937,22.759126666666663,1.3038888888888889,14.61537347330311,0
2023-02-28 02:00:00,5.778242963243321,20.669498666666666,1.5322222222222222,15.629731667518854,1
2023-02-28 03:00:00,6.333493048040995,23.034504,1.655,16.31775579591522,0
2023-02-28 04:00:00,4.936557881189567,24.55717866666667,1.9355555555555555,15.189574889929611,0
2023-02-28 05:00:00,2.9832406387879558,27.926501333333334,2.1405555555555553,14.99358829037957,1
2023-02-28 06:00:00,6.145531359062143,26.954581333333334,2.6683333333333334,13.533136441542688,1
2023-02-28 07:00:00,6.027389815676776,24.038821333333335,2.917222222222222,15.875025069839772,0
2023-02-28 08:00:00,7.885465704054419,27.084170666666665,3.236111111111111,15.011416875626624,0
2023-02-28 09:00:00,6.9196932830109175,27.440541333333332,3.731666666666667,13.915830172815589,0
2023-02-28 10:00:00,3.693160771661958,28.995613333333335,3.727222222222222,13.890124219883395,2
2023-02-28 11:00:00,4.669784635866001,28.801229333333335,4.165,14.014584606667299,1
2023-02-28 12:00:00,5.821319302169918,28.995613333333335,4.057777777777778,14.568280229699445,1
2023-02-28 13:00:00,5.452101449530413,24.75156266666667,4.136111111111111,14.434495360665798,1
2023-02-28 14:00:00,5.9607908586162095,23.552861333333336,3.952777777777778,14.615587883645441,0
2023-02-28 15:00:00,7.914611164203893,22.12737866666667,4.022777777777778,15.328981250277506,1
2023-02-28 16:00:00,7.450202122541644,19.827168,3.536111111111111,14.771267304993616,0
2023-02-28 17:00:00,6.781907775023488,11.954616,3.436666666666666,15.501612222666884,0
2023-02-28 18:00:00,4.373635929897206,10.367146666666667,3.1005555555555557,16.845845966177755,0
2023-02-28 19:00:00,5.370070374201929,10.788312,3.23,17.53082769917528,0
2023-02-28 20:00:00,8.559035494931704,12.764549333333335,3.0977777777777775,17.246010841749627,0
2023-02-28 21:00:00,5.342139185112599,14.254826666666666,3.093888888888889,17.643985666070673,0
2023-02-28 22:00:00,6.971294729128608,14.125237333333333,3.098333333333333,16.004949876246112,1
2023-02-28 23:00:00,4.823562315202759,14.09284,3.1061111111111113,17.07948218866468,1
2023-03-01 00:00:00,10.251312727624663,14.352018666666666,3.007222222222222,17.7156579788375,1
2023-03-01 01:00:00,9.41586349571145,13.736469333333334,2.93,16.53219357754956,0
2023-03-01 02:00:00,10.170994656137946,15.259144,2.77,18.03976584534885,0
2023-03-01 03:00:00,6.94349491360795,15.583117333333334,2.767222222222222,16.77335238959944,0
2023-03-01 04:00:00,10.082099916998777,15.907090666666667,2.5155555555555558,17.170326660787563,0
2023-03-01 05:00:00,9.230663270546385,16.393050666666664,2.5172222222222222,16.681272182027726,1
2023-03-01 06:00:00,11.111486249003468,15.097157333333334,2.372777777777778,17.408945936863503,1
2023-03-01 07:00:00,8.51659438504638,13.671674666666668,2.278888888888889,17.678167325080057,0
2023-03-01 08:00:00,10.557776287429279,13.606879999999999,2.2327777777777778,18.635244462752386,0
2023-03-01 09:00:00,10.295456988617946,13.833661333333334,2.2916666666666665,16.547873627473297,0
2023-03-01 10:00:00,10.976339216543613,11.468656000000001,2.063333333333333,17.86011163666444,0
2023-03-01 11:00:00,9.60589613835012,14.740786666666667,2.1483333333333334,15.500517836923038,0
2023-03-01 12:00:00,9.62468818420984,16.814216,2.1861111111111113,17.605113251038446,0
2023-03-01 13:00:00,9.398693171034267,13.606879999999999,2.047222222222222,17.316841882589763,0
2023-03-01 14:00:00,8.996432368705511,14.254826666666666,1.9594444444444445,16.22758093892042,0
2023-03-01 15:00:00,8.762389966770252,9.071253333333333,1.9938888888888888,18.534123250560164,0
2023-03-01 16:00:00,9.961893813977236,9.200842666666667,1.835,18.551394973660965,0
2023-03-01 17:00:00,11.123738275103252,8.358512,1.75,17.81117148454425,0
2023-03-01 18:00:00,10.828377864300608,7.062618666666666,1.5427777777777776,18.428273615972994,0
2023-03-01 19:00:00,8.905867548263268,10.075570666666666,1.5527777777777778,19.081219452961175,0
2023-03-01 20:00:00,9.059200160784535,10.885504,1.4772222222222222,17.539280242369234,0
2023-03-01 21:00:00,9.853378109559362,14.09284,1.573888888888889,16.46049788407385,0
2023-03-01 22:00:00,9.885533044025545,12.019410666666667,1.5566666666666666,16.60629056790367,0
2023-03-01 23:00:00,10.32088237503122,6.511864,1.5622222222222222,18.98197391985556,0
2023-03-02 00:00:00,7.603289346120267,10.269954666666667,1.5494444444444444,17.984210563570656,0
2023-03-02 01:00:00,10.665741912325222,13.185714666666668,1.5644444444444445,18.11348530387407,0
2023-03-02 02:00:00,8.34629561391123,12.537768,1.5594444444444446,17.031193886137533,0
2023-03-02 03:00:00,10.994316769971848,10.626325333333334,1.4188888888888889,16.54704801027823,0
2023-03-02 04:00:00,10.361331250059738,9.427624,1.526111111111111,18.59282516289718,0
2023-03-02 05:00:00,10.242122115639496,7.678167999999999,1.6449999999999998,18.153773534080926,0
2023-03-02 06:00:00,9.604305714630103,7.062618666666666,1.5844444444444445,17.328546399604768,0
2023-03-02 07:00:00,12.241804759030947,3.1425413333333334,1.5755555555555556,18.956149209985977,0
2023-03-02 08:00:00,7.541723259936274,4.114461333333334,1.6183333333333334,18.76619533769465,0
2023-03-02 09:00:00,8.699509685485369,5.118778666666667,1.7149999999999999,18.018279985879563,0
2023-03-02 10:00:00,12.405385108567165,8.066936,1.6588888888888889,18.526737725577423,0
2023-03-02 11:00:00,10.380710157007966,10.723517333333334,1.7555555555555555,17.427405021106,0
2023-03-02 12:00:00,11.147745812972728,8.812074666666668,1.816111111111111,17.130569294529547,0
2023-03-02 13:00:00,10.370999620036836,4.341242666666667,1.791111111111111,18.84716976932184,0
2023-03-02 14:00:00,8.664788344240742,8.520498666666667,1.8294444444444444,18.622909846692462,0
2023-03-02 15:00:00,7.753647049266106,7.030221333333333,1.7850000000000001,18.985353225274448,0
2023-03-02 16:00:00,11.459171091190248,8.941664000000001,1.68,18.230661209635077,0
2023-03-02 17:00:00,9.11213001236439,12.472973333333334,1.7572222222222222,16.442874914667904,0
2023-03-02 18:00:00,11.42370985816728,14.319621333333332,1.6083333333333334,17.169481937019583,0
2023-03-02 19:00:00,9.848577223371292,16.166269333333332,1.6294444444444443,15.082245442102147,0
2023-03-02 20:00:00,10.57976281075505,14.254826666666666,1.5505555555555555,17.302309297210147,0
2023-03-02 21:00:00,9.235003470823584,10.917901333333333,1.5344444444444445,17.113020202899392,0
2023-03-02 22:00:00,10.011096931128089,8.358512,1.4877777777777776,18.616988466620725,0
2023-03-02 23:00:00,8.652451768625165,15.647912,1.4877777777777776,16.85449071517891,0
2023-03-03 00:00:00,12.271562013179343,16.684626666666666,1.5155555555555555,15.635965291959138,0
2023-03-03 01:00:00,11.67939267629169,12.796946666666665,1.4555555555555555,16.769059038819407,0
2023-03-03 02:00:00,11.644879630339192,9.006458666666667,1.4322222222222223,18.07286261459074,0
2023-03-03 03:00:00,8.846904495140615,11.339066666666668,1.4066666666666665,17.000029081966865,0
2023-03-03 04:00:00,11.121400479714332,18.369288,1.39,16.093677695643027,0
2023-03-03 05:00:00,10.205691671685871,16.943805333333334,1.49,16.898710031469623,0
2023-03-03 06:00:00,10.23125619401466,14.352018666666666,1.4155555555555555,16.09718816034668,0
2023-03-03 07:00:00,10.46553335952307,12.505370666666666,1.2661111111111112,16.493134707461326,0
2023-03-03 08:00:00,9.096590251854511,14.837978666666666,1.2527777777777778,17.662516858075765,0
2023-03-03 09:00:00,10.022309897640254,12.213794666666667,1.162222222222222,16.34137473308287,0
2023-03-03 10:00:00,9.520635661822785,13.509687999999999,1.1,16.89338755623951,1
2023-03-03 11:00:00,10.473501129428305,14.675991999999999,1.0172222222222222,17.572510271019834,0
2023-03-03 12:00:00,10.604503996492324,14.384416,1.008888888888889,16.814533065873505,0
2023-03-03 13:00:00,11.297530280636837,13.088522666666668,0.9211111111111111,16.741637076953868,0
2023-03-03 14:00:00,8.806633207351789,9.654405333333333,0.883888888888889,18.344912560891128,0
2023-03-03 15:00:00,10.882057170031528,9.589610666666667,0.8861111111111111,17.384246408737916,0
2023-03-03 16:00:00,9.03649561153206,10.107968,0.8605555555555555,17.565373370901227,0
2023-03-03 17:00:00,9.590527298836731,11.436258666666667,0.8188888888888889,15.948629343718524,0
2023-03-03 18:00:00,9.569061695948152,9.783994666666667,0.8066666666666666,17.33160045494473,0
2023-03-03 19:00:00,11.003095018202194,10.561530666666666,0.7316666666666666,16.596580743964182,0
2023-03-03 20:00:00,11.915904459438218,13.023728,0.7627777777777777,16.92763566671025,0
2023-03-03 21:00:00,9.79300855478816,15.745104,0.8622222222222223,17.478615049115664,0
2023-03-03 22:00:00,11.680867967065174,15.615514666666668,0.94,17.23046430701117,0
2023-03-03 23:00:00,10.0245343841399,17.948122666666666,1.0483333333333333,15.727223740266451,0
2023-03-04 00:00:00,7.391981020148411,20.086346666666667,1.2233333333333334,16.331904433042595,0
2023-03-04 01:00:00,9.80839335668885,19.179221333333334,1.3433333333333335,16.04840201357649,1
2023-03-04 02:00:00,7.559144166225562,21.673816000000002,1.4733333333333334,15.105292914216662,0
2023-03-04 03:00:00,8.41873125351903,22.354159999999997,1.7027777777777777,15.223029007523472,0
2023-03-04 04:00:00,11.41284977568066,27.991296000000002,2.0927777777777776,14.377685814503879,0
2023-03-04 05:00:00,9.159443344014463,29.870341333333332,2.866111111111111,14.415079777560251,1
2023-03-04 06:00:00,11.952429867563017,31.814181333333334,3.4094444444444445,15.106904162028828,1
2023-03-04 07:00:00,10.628605491750793,28.056090666666666,3.615555555555556,14.53413438802592,1
2023-03-04 08:00:00,10.884126074833794,20.766690666666666,3.8011111111111107,14.933690878206555,1
2023-03-04 09:00:00,9.64257046009545,12.310986666666667,3.728888888888889,17.381011617392,0
2023-03-04 10:00:00,10.85776366701315,18.95244,3.382222222222222,16.019882838190167,0
2023-03-04 11:00:00,8.19262041063147,19.017234666666667,3.3205555555555555,16.40123727421261,0
2023-03-04 12:00:00,10.492674651831562,15.745104,3.1088888888888886,15.455012729095172,1
2023-03-04 13:00:00,10.941139384311612,16.425448,3.521111111111111,17.138226326381606,0
2023-03-04 14:00:00,7.152107399065852,21.706213333333334,3.2338888888888886,16.069119393659246,0
2023-03-04 15:00:00,9.280849528901593,20.507512000000002,3.2861111111111114,15.376651340272852,1
2023-03-04 16:00:00,9.43119833250046,18.95244,2.951111111111111,17.006565121199063,1
2023-03-04 17:00:00,8.672222135333465,17.17058666666667,2.891666666666667,18.004581820420075,0
2023-03-04 18:00:00,11.87584539417073,15.259144,2.935,15.569190381663864,0
2023-03-04 19:00:00,11.310666780649576,16.295858666666664,2.3683333333333336,17.930442547426143,0
2023-03-04 20:00:00,8.133636719559918,17.915725333333334,2.2966666666666664,17.48537419269775,0
2023-03-04 21:00:00,12.240459741060958,15.097157333333334,2.1277777777777778,16.373745672151568,1
2023-03-04 22:00:00,10.900006346648176,14.546402666666667,1.9661111111111111,17.085633829113565,0
2023-03-04 23:00:00,11.038477845304302,15.194349333333333,1.8194444444444446,15.305798655483708,0
2023-03-05 00:00:00,9.164940044320964,15.842296,1.751111111111111,16.103865173829696,0
2023-03-05 01:00:00,10.416301205400684,13.282906666666667,1.7061111111111111,17.08706079567062,0
2023-03-05 02:00:00,9.739842316571197,10.593928,1.726111111111111,17.45124306962535,0
2023-03-05 03:00:00,10.77268774069307,9.071253333333333,1.6705555555555556,17.762556678348485,0
2023-03-05 04:00:00,9.444069637659469,7.678167999999999,1.6338888888888887,18.82706334364868,1
2023-03-05 05:00:00,9.958424997861256,5.572341333333333,1.598888888888889,18.934394809303146,0
2023-03-05 06:00:00,11.332357550074489,4.8595999999999995,1.5461111111111112,19.418715127080784,0
2023-03-05 07:00:00,9.149117085761926,9.038856000000001,1.6666666666666667,16.835277964123563,0
2023-03-05 08:00:00,11.311524494337931,13.477290666666667,1.5599999999999998,17.6824959118444,1
2023-03-05 09:00:00,10.68547069043293,12.894138666666668,1.7138888888888888,17.700991694190634,0
2023-03-05 10:00:00,10.59141392884852,11.922218666666668,1.6877777777777778,17.73605229779261,0
2023-03-05 11:00:00,11.107205346629582,10.399544,1.6872222222222222,17.663436829808806,0
2023-03-05 12:00:00,8.798262763323285,13.282906666666667,1.6311111111111112,16.759545883874644,1
2023-03-05 13:00:00,10.326949288155054,13.963250666666667,1.7588888888888887,17.7143418152264,0
2023-03-05 14:00:00,7.131776341270481,13.023728,1.7177777777777778,17.267844828718648,0
2023-03-05 15:00:00,9.782015614207545,15.388733333333334,1.6172222222222221,17.030212385977862,0
2023-03-05 16:00:00,7.570253130679519,16.393050666666667,1.4977777777777777,17.21261691862073,1
2023-03-05 17:00:00,8.192941657944408,14.546402666666665,1.49,17.003532505475565,0
2023-03-05 18:00:00,11.636994850386378,10.950298666666667,1.3499999999999999,17.761839925267715,0
2023-03-05 19:00:00,8.264501393899748,10.464338666666666,1.348888888888889,18.413456996631304,0
2023-03-05 20:00:00,8.525077143535974,10.237557333333333,1.2466666666666668,18.071542989691512,0
2023-03-05 21:00:00,9.267878026471285,12.958933333333334,1.1733333333333331,17.394200800884693,0
2023-03-05 22:00:00,8.524513565207597,17.559354666666668,1.1655555555555557,16.479705713521376,1
2023-03-05 23:00:00,8.967984790810421,21.058266666666665,1.4844444444444445,16.082587229953692,0
2023-03-06 00:00:00,8.810151586648987,19.632784,1.5694444444444446,16.334615823237066,0
2023-03-06 01:00:00,11.568624850453467,15.680309333333332,1.4088888888888889,17.063005558991225,0
2023-03-06 02:00:00,11.382274774463376,15.647912,1.2194444444444443,16.54383582421279,0
2023-03-06 03:00:00,10.647241648909668,20.15114133333333,1.3383333333333336,15.978621649405925,0
2023-03-06 04:00:00,10.583937251746976,18.142506666666666,1.3244444444444445,16.328413467289387,0
2023-03-06 05:00:00,11.399603176161861,17.688944,1.3133333333333335,16.623849422821454,1
2023-03-06 06:00:00,9.025532439266714,16.03668,1.24,16.34308685583258,1
2023-03-06 07:00:00,8.028322448824946,18.758056,1.1955555555555555,15.876150991388243,0
2023-03-06 08:00:00,8.077137706049024,18.855248,1.1677777777777776,17.06237042830331,0
2023-03-06 09:00:00,8.807436532684486,17.49456,1.1616666666666666,15.65300615052375,0
2023-03-06 10:00:00,8.08235285207679,18.110109333333334,1.1455555555555554,15.987449474594015,0
2023-03-06 11:00:00,10.22085765984678,16.36065333333333,1.125,17.269882272832458,0
2023-03-06 12:00:00,12.034498863508356,17.429765333333332,1.0533333333333335,15.731464775203918,0
2023-03-06 13:00:00,9.393313394247699,17.364970666666668,0.9883333333333333,15.972873869620486,0
2023-03-06 14:00:00,10.51961427802538,15.097157333333334,0.9049999999999999,16.893528844518414,0
2023-03-06 15:00:00,8.587921677320209,14.222429333333332,0.898888888888889,17.141186683511574,0
2023-03-06 16:00:00,8.18578731732537,14.352018666666666,0.851111111111111,17.62682730922498,0
2023-03-06 17:00:00,9.95753460762989,14.028045333333333,0.7461111111111111,16.63894739389131,0
2023-03-06 18:00:00,11.571144431663491,13.088522666666668,0.6794444444444445,17.89712129964294,0
2023-03-06 19:00:00,12.231696630246185,14.935170666666666,0.6166666666666667,16.51580971503397,0
2023-03-06 20:00:00,8.003469833952392,13.542085333333333,0.6722222222222222,18.681761253593802,0
2023-03-06 21:00:00,9.672656688887507,13.995648000000001,0.6877777777777778,18.020716718000475,0
2023-03-06 22:00:00,7.722692108522448,13.088522666666668,0.65,16.74333804142848,0
2023-03-06 23:00:00,10.455462629733839,12.181397333333335,0.6033333333333334,17.668074980806526,0
2023-03-07 00:00:00,10.075899346826532,11.695437333333333,0.5466666666666667,17.52535090811279,0
2023-03-07 01:00:00,12.131918544589555,12.63496,0.5522222222222223,16.936902632946403,0
2023-03-07 02:00:00,9.492355922375078,14.578800000000001,0.6027777777777777,17.997750897220612,0
2023-03-07 03:00:00,9.395142488592453,11.306669333333332,0.5983333333333333,18.51378526284157,0
2023-03-07 04:00:00,9.317640468327957,7.580976,0.5166666666666667,18.201496210691676,0
2023-03-07 05:00:00,9.717083233950882,9.103650666666667,0.4366666666666667,17.648258589619356,0
2023-03-07 06:00:00,10.749953760639356,13.347701333333333,0.43111111111111106,17.1223563224363,0
2023-03-07 07:00:00,10.999231503942555,13.218112,0.4872222222222222,18.529160591902667,0
2023-03-07 08:00:00,11.833089726573563,11.598245333333333,0.5011111111111112,16.86525503747993,0
2023-03-07 09:00:00,9.994363430471424,13.963250666666667,0.5766666666666667,16.812562738779146,0
2023-03-07 10:00:00,9.22521977940382,15.939487999999999,0.8227777777777777,16.423060407278253,0
2023-03-07 11:00:00,11.306461300080509,14.481608,0.9044444444444445,17.403062985481245,0
2023-03-07 12:00:00,9.976465090389318,14.384416,0.8194444444444445,15.764223007378291,0
2023-03-07 13:00:00,10.125324681111318,11.954616000000001,0.6888888888888888,18.36855397589483,0
2023-03-07 14:00:00,9.49021403831083,18.174904,0.7505555555555556,16.63129195073385,0
2023-03-07 15:00:00,12.59065539539809,18.660864,0.9733333333333333,16.83474163048294,0
2023-03-07 16:00:00,10.140134366287581,16.425448,1.0005555555555554,17.799712922810222,0
2023-03-07 17:00:00,11.108603256212172,19.373605333333334,0.9905555555555555,15.861821157330532,0
2023-03-07 18:00:00,10.348629289896975,23.714848,1.2188888888888887,14.379166147617553,0
2023-03-07 19:00:00,11.077445760675822,23.97402666666667,1.5205555555555554,16.66333310198993,1
2023-03-07 20:00:00,11.448629651002015,23.779642666666664,1.6561111111111109,14.956532190916091,0
2023-03-07 21:00:00,8.798579202064035,24.298000000000002,1.8005555555555555,15.04787855426643,0
2023-03-07 22:00:00,9.159748476427678,25.529098666666666,1.8227777777777778,15.931409372360974,0
2023-03-07 23:00:00,7.526801869523047,27.796912000000003,1.9949999999999999,13.703480465688378,0
2023-03-08 00:00:00,8.883129053390642,27.991296000000002,2.3249999999999997,14.640805080010571,0
2023-03-08 01:00:00,8.119200404380013,24.913549333333332,2.412777777777778,15.507967007324979,0
2023-03-08 02:00:00,9.660149010707775,23.455669333333333,2.2111111111111112,15.631553289354992,0
2023-03-08 03:00:00,10.96610107391227,22.030186666666665,2.0066666666666664,16.971180908507865,1
2023-03-08 04:00:00,10.298201305363797,25.496701333333334,1.9166666666666667,16.069075608791128,0
2023-03-08 05:00:00,8.962293553594096,25.75588,1.9483333333333333,15.053833926416681,0
2023-03-08 06:00:00,7.677246370812578,25.010741333333332,1.9755555555555555,16.147934657976226,1
2023-03-08 07:00:00,8.51754156559405,24.75156266666666,1.9349999999999998,14.79826889350882,0
2023-03-08 08:00:00,10.88510348619477,24.103616,1.8283333333333331,14.124849062467993,0
2023-03-08 09:00:00,12.205025052075122,24.330397333333334,1.6827777777777777,15.348834158442543,0
2023-03-08 10:00:00,12.157367206057131,24.55717866666667,1.7205555555555556,15.4547485371856,0
2023-03-08 11:00:00,9.604146772210665,27.246157333333333,1.9233333333333331,13.699134937428873,0
2023-03-08 12:00:00,10.471060163352972,25.853071999999997,2.208888888888889,15.262572534703546,0
2023-03-08 13:00:00,10.05424815323554,25.78827733333333,2.1244444444444444,16.673301537923308,1
2023-03-08 14:00:00,8.764485504705178,24.686768,2.087222222222222,15.572797888884168,1
2023-03-08 15:00:00,11.197099694225722,23.552861333333336,1.9616666666666667,16.487305437714017,1
2023-03-08 16:00:00,9.727924640865497,22.742928000000003,1.837777777777778,15.483530647816123,0
2023-03-08 17:00:00,9.739742958395956,21.965391999999998,1.773888888888889,15.416113739999384,0
2023-03-08 18:00:00,9.204149110523042,20.701896,1.6738888888888888,16.894706534146746,0
2023-03-08 19:00:00,9.529365133774908,19.049632,1.5222222222222221,16.151443900761773,0
2023-03-08 20:00:00,9.104885196124275,20.134942666666664,1.3994444444444445,16.326959205440335,0
2023-03-08 21:00:00,11.519723019164758,19.017234666666667,1.3716666666666668,15.400205930943192,1
2023-03-08 22:00:00,10.899390925465028,18.95244,1.2844444444444445,17.690979669829662,0
2023-03-08 23:00:00,9.298419809880462,20.701896,1.2594444444444444,16.406437588212047,1
2023-03-09 00:00:00,7.806059445039203,21.511829333333335,1.3494444444444447,15.771077710897359,0
2023-03-09 01:00:00,10.955449212517225,22.094981333333333,1.4544444444444444,17.37438132165731,1
2023-03-09 02:00:00,10.60768415211625,21.090664,1.4283333333333335,15.926537942960406,0
2023-03-09 03:00:00,9.678516946422814,22.354159999999997,1.583888888888889,15.210213648983236,1
2023-03-09 04:00:00,11.35285569445781,21.771008,1.5777777777777777,15.398301844706586,0
2023-03-09 05:00:00,9.607002046492754,21.80340533333333,1.4083333333333332,16.12140507854304,0
2023-03-09 06:00:00,9.783091545774784,23.066901333333334,1.57,15.48440984682398,0
2023-03-09 07:00:00,9.110281170657471,23.455669333333333,1.6783333333333335,15.363370901682535,0
2023-03-09 08:00:00,9.995611042511868,23.650053333333336,1.6272222222222223,15.087041264001003,0
2023-03-09 09:00:00,9.188491844765373,23.29368266666667,1.6705555555555556,15.763947439840452,0
2023-03-09 10:00:00,9.516724570435992,21.38224,1.6105555555555557,14.51712278569267,0
2023-03-09 11:00:00,10.412533607860723,20.183538666666667,1.6194444444444445,16.387361296629145,0
2023-03-09 12:00:00,9.155126696522453,19.179221333333334,1.58,15.907265377085045,1
2023-03-09 13:00:00,8.766081894098665,18.336890666666665,1.4194444444444443,16.804510694558036,0
2023-03-09 14:00:00,8.355642950310765,16.652229333333334,1.3588888888888888,16.87147059513382,0
2023-03-09 15:00:00,9.447398151279796,15.323938666666665,1.2444444444444445,17.862618491844028,0
2023-03-09 16:00:00,8.612244023614526,13.639277333333332,1.1011111111111112,17.60532545895178,0
2023-03-09 17:00:00,8.656728576001388,11.339066666666668,0.9988888888888888,17.742839484342433,0
2023-03-09 18:00:00,8.831304189525275,9.071253333333333,0.8977777777777778,17.458241856643077,0
2023-03-09 19:00:00,9.531945683068601,11.339066666666668,0.9033333333333333,18.39529766630506,0
2023-03-09 20:00:00,8.692473480758363,10.075570666666666,0.9516666666666667,18.902325004283316,0
2023-03-09 21:00:00,10.345033748600992,9.492418666666667,0.9838888888888889,17.3666366409833,0
2023-03-09 22:00:00,8.024367251483584,7.9373466666666666,1.0966666666666667,17.16778806923381,0
2023-03-09 23:00:00,7.175544377167271,9.492418666666667,1.0827777777777778,17.7695603411921,0
2023-03-10 00:00:00,12.060955774562364,13.088522666666668,1.1683333333333332,17.017519822524594,0
2023-03-10 01:00:00,9.579185830651978,15.097157333333334,1.2744444444444445,17.607837747505975,0
2023-03-10 02:00:00,9.0276699976934,15.939487999999999,1.2572222222222222,14.61344467263225,0
2023-03-10 03:00:00,8.70620544418515,16.911407999999998,1.2855555555555556,15.542100260011773,0
2023-03-10 04:00:00,8.735414550214575,17.235381333333333,1.3505555555555555,17.519048212458767,0
2023-03-10 05:00:00,10.214779457724232,16.587434666666667,1.3555555555555554,18.406852905771398,0
2023-03-10 06:00:00,10.474164806120063,12.343384,1.3555555555555554,16.561285897134564,0
2023-03-10 07:00:00,10.580463448770171,12.667357333333333,1.29,16.938205945331283,1
2023-03-10 08:00:00,9.460059306152008,11.177079999999998,1.2955555555555556,17.070569151100255,0
2023-03-10 09:00:00,7.000598278217634,10.140365333333333,1.2961111111111112,17.65223331279722,0
2023-03-10 10:00:00,9.581815991683527,9.622008,1.258888888888889,17.60572082783654,0
2023-03-10 11:00:00,12.482207649615242,8.066936,1.2561111111111112,17.843690268202682,0
2023-03-10 12:00:00,10.299511263297967,7.159810666666668,1.3211111111111113,19.73643087506623,0
2023-03-10 13:00:00,10.214369467141877,7.2894,1.2483333333333333,18.832051185948774,0
2023-03-10 14:00:00,9.032219161352884,7.791558666666667,1.3083333333333333,17.660697708104582,0
2023-03-10 15:00:00,10.535000017856051,7.095016,1.3044444444444445,17.194187388354464,0
2023-03-10 16:00:00,7.694337442180391,6.4146719999999995,1.4249999999999998,17.451345043075708,0
2023-03-10 17:00:00,11.037825854516006,5.215970666666666,1.42,19.47214230027226,0
2023-03-10 18:00:00,11.45892691047662,5.086381333333333,1.4238888888888888,19.25249948398023,0
2023-03-10 19:00:00,11.077772225995034,5.961109333333333,1.4494444444444445,17.69644138635469,0
2023-03-10 20:00:00,11.146583531111146,5.993506666666666,1.5144444444444443,19.030215632937658,0
2023-03-10 21:00:00,9.760356084860293,7.127413333333333,1.5088888888888887,18.21927107712478,0
2023-03-10 22:00:00,8.544271112272655,8.974061333333333,1.5250000000000001,17.28308293699712,0
2023-03-10 23:00:00,9.77517962276687,10.302352,1.521111111111111,16.904585352324148,0
2023-03-11 00:00:00,10.846002237072225,9.686802666666667,1.4594444444444443,18.023318431113278,0
2023-03-11 01:00:00,9.502064714643423,10.788312,1.335,17.53226367911827,0
2023-03-11 02:00:00,10.07218175710589,10.626325333333334,1.4005555555555558,16.851027657351867,0
2023-03-11 03:00:00,9.569337713591231,9.395226666666668,1.3683333333333334,17.339720848982314,0
2023-03-11 04:00:00,11.868012694598237,6.933029333333334,1.2755555555555556,17.508115122975525,0
2023-03-11 05:00:00,10.970073501223837,9.038856000000001,1.278888888888889,17.346099212332245,0
2023-03-11 06:00:00,12.559834060261673,15.842296,1.4322222222222223,17.285766305532427,0
2023-03-11 07:00:00,8.858722594514356,18.855248,1.606111111111111,16.95468948412672,0
2023-03-11 08:00:00,11.460586411244002,24.686768,1.9633333333333336,16.13438095248698,0
2023-03-11 09:00:00,11.053672573291337,25.885469333333333,2.397777777777778,15.060040511302821,0
2023-03-11 10:00:00,9.459361597979328,23.941629333333335,2.482222222222222,15.695975511963368,0
2023-03-11 11:00:00,10.908996213790013,23.066901333333334,2.6861111111111113,14.510578073292422,1
2023-03-11 12:00:00,10.776607499800091,22.256968,2.701111111111111,16.07026095346445,0
2023-03-11 13:00:00,7.839900217295406,23.228887999999998,2.8111111111111113,15.141093422927254,2
2023-03-11 14:00:00,11.017796631180182,24.136013333333334,2.7016666666666667,13.86455977704525,1
2023-03-11 15:00:00,9.818956805532189,23.585258666666665,2.6333333333333333,12.523714562516842,0
2023-03-11 16:00:00,8.797990433380171,22.192173333333333,2.5661111111111112,16.72624129573233,1
2023-03-11 17:00:00,9.967771521804531,22.613338666666667,2.5805555555555557,14.812397272705438,0
2023-03-11 18:00:00,10.240542974738434,21.511829333333335,2.548888888888889,15.72060643774217,0
2023-03-11 19:00:00,10.26981393640831,20.41032,2.5716666666666668,16.1891882381331,0
2023-03-11 20:00:00,11.208274443931188,20.24833333333333,2.5661111111111112,15.850277199032083,0
2023-03-11 21:00:00,10.68262020565328,18.596069333333336,2.428888888888889,17.182205927942622,0
2023-03-11 22:00:00,8.970889149334948,19.11442666666667,2.4205555555555556,16.09396133613082,0
2023-03-11 23:00:00,7.417668256909813,19.470797333333334,2.452777777777778,16.608361250664032,1
2023-03-12 00:00:00,10.880552684453527,17.980520000000002,2.3344444444444443,15.286153844001456,0
2023-03-12 01:00:00,10.248273228662587,16.263461333333332,2.3494444444444444,16.55692861749313,0
2023-03-12 02:00:00,8.394028246232562,16.976202666666666,2.3983333333333334,15.46536110807867,0
2023-03-12 03:00:00,10.188057652730649,16.490242666666663,2.5500000000000003,16.241953761865798,0
2023-03-12 04:00:00,11.293292627496887,17.49456,2.727777777777778,17.605268956832116,1
2023-03-12 05:00:00,8.653526398117757,17.948122666666666,2.8155555555555556,17.009979676809337,1
2023-03-12 06:00:00,10.009045141935486,17.62414933333333,2.855,16.888281752831805,0
2023-03-12 07:00:00,10.361258791254855,18.531274666666665,2.8911111111111114,15.380589232136112,0
2023-03-12 08:00:00,11.459652821321393,17.753738666666667,2.7466666666666666,17.012791512139945,0
2023-03-12 09:00:00,10.45465988948559,16.717024,2.6705555555555556,17.230511593587355,0
2023-03-12 10:00:00,8.664648597304312,17.235381333333333,2.5811111111111114,16.776150789544158,0
2023-03-12 11:00:00,8.341817218197512,17.818533333333335,2.4899999999999998,15.638243870400546,1
2023-03-12 12:00:00,8.696584882542064,15.323938666666665,2.345,18.14560598544337,1
2023-03-12 13:00:00,9.30047053865511,12.278589333333334,2.2399999999999998,16.477809633605876,0
2023-03-12 14:00:00,8.755422250379068,10.302352,2.111111111111111,17.91569777542911,0
2023-03-12 15:00:00,9.382388507672184,7.710565333333332,2.0994444444444444,18.221788942011234,0
2023-03-12 16:00:00,10.85900363345295,6.187890666666667,1.9430555555555555,19.118347838121718,0
2023-03-12 17:00:00,9.999613409023015,5.799122666666666,1.9844444444444445,18.642102449155484,1
2023-03-12 18:00:00,9.119748110208826,5.086381333333333,1.9244444444444444,18.56082046093561,0
2023-03-12 19:00:00,10.13468911811385,9.265637333333332,1.9533333333333331,16.997214741084473,0
2023-03-12 20:00:00,9.69978095106745,8.131730666666668,1.9327777777777777,19.6428381556892,0
2023-03-12 21:00:00,9.434411432624024,4.794805333333334,2.0977777777777775,19.82626175724113,0
2023-03-12 22:00:00,9.113430160050155,5.248368,2.1205555555555553,19.02170323026004,0
2023-03-12 23:00:00,10.376169878771217,7.742962666666667,2.1461111111111113,18.121692727223866,0
2023-03-13 00:00:00,10.660161138737086,11.727834666666666,2.0683333333333334,18.00149085387412,0
2023-03-13 01:00:00,9.485288411462731,13.250509333333333,2.0466666666666664,15.774090504041126,0
2023-03-13 02:00:00,10.400599538979867,13.412495999999999,1.9716666666666665,15.485085946589711,0
2023-03-13 03:00:00,9.276413553737976,14.287224,1.9744444444444447,16.538553215900272,0
2023-03-13 04:00:00,9.679708739467964,15.291541333333333,1.8455555555555556,17.0534442752808,0
2023-03-13 05:00:00,10.45496620729581,15.518322666666668,1.875,17.029909146342984,0
2023-03-13 06:00:00,10.338363529507658,16.328256,1.9638888888888888,16.311777669938966,0
2023-03-13 07:00:00,10.54145953646624,18.304493333333333,1.9155555555555555,15.667206691403758,0
2023-03-13 08:00:00,11.223052216647856,18.46648,1.9938888888888888,16.2177155116123,1
2023-03-13 09:00:00,8.828043211224697,18.725658666666668,2.1283333333333334,15.865046118985035,0
2023-03-13 10:00:00,10.3225699432976,19.179221333333334,2.063333333333333,15.811789952425526,0
2023-03-13 11:00:00,12.115164949949964,18.304493333333337,2.1033333333333335,16.863988331124848,0
2023-03-13 12:00:00,11.206320292600552,19.082029333333335,2.1816666666666666,16.83552708131633,2
2023-03-13 13:00:00,8.435277436788624,19.179221333333334,2.0977777777777775,17.121643517800234,0
2023-03-13 14:00:00,10.720912399485163,19.341208,2.124444444444445,16.44375806674478,1
2023-03-13 15:00:00,10.531966744632442,19.827168,2.1905555555555556,14.205078782834159,0
2023-03-13 16:00:00,10.549271943512988,20.637101333333334,2.3055555555555554,15.985032714121509,0
2023-03-13 17:00:00,9.444337550624102,20.34552533333333,2.4255555555555555,15.385372874705135,1
2023-03-13 18:00:00,11.149540214354593,20.053949333333332,2.446111111111111,16.43393744816644,0
2023-03-13 19:00:00,11.286677762748312,18.693261333333336,2.3905555555555558,16.776857548775574,0
2023-03-13 20:00:00,9.595294577279093,17.267778666666665,2.3655555555555554,15.462119666633354,0
2023-03-13 21:00:00,11.270864547949083,19.50319466666667,2.4038888888888885,16.588389665748252,1
2023-03-13 22:00:00,7.155016684486768,17.883328000000002,2.3344444444444448,15.451352262654884,0
2023-03-13 23:00:00,9.596410667000194,19.92436,2.3505555555555553,15.594054096563283,1
2023-03-14 00:00:00,10.31559177064819,19.30881066666667,2.366111111111111,16.139150555951566,1
2023-03-14 01:00:00,10.703705249466195,17.040997333333333,2.343888888888889,15.9499795546202,1
2023-03-14 02:00:00,8.308633253435117,13.315304,2.367777777777778,16.77390863359951,1
2023-03-14 03:00:00,9.942563850312373,12.699754666666669,2.4411111111111112,16.32427534103249,1
2023-03-14 04:00:00,8.483329404209732,19.049632,2.5100000000000002,16.726236224927945,0
2023-03-14 05:00:00,10.432164601533948,23.617656,2.6688888888888886,15.284958013171932,1
2023-03-14 06:00:00,12.067764065974748,25.367112000000002,2.822777777777778,15.283394410895832,0
2023-03-14 07:00:00,10.5457535183727,24.621973333333333,2.680555555555556,13.404226829980736,0
2023-03-14 08:00:00,11.327200751133143,23.81204,2.6144444444444446,16.14695394369335,1
2023-03-14 09:00:00,9.278672215777654,26.079853333333332,2.6727777777777777,14.725650879881627,1
2023-03-14 10:00:00,10.153340040219986,27.570130666666667,2.513333333333333,14.225152850294812,1
2023-03-14 11:00:00,9.761985297977146,28.444858666666665,2.6444444444444444,13.304216517175126,1
2023-03-14 12:00:00,9.357242720893238,28.477256,2.5616666666666665,13.56186235401704,1
2023-03-14 13:00:00,9.132511375735975,28.866024,2.602222222222222,14.115305636049676,1
2023-03-14 14:00:00,9.784274041063705,30.518288,2.9411111111111112,14.779252399692687,0
2023-03-14 15:00:00,7.613632837816382,30.939453333333333,2.886111111111111,14.437709256408525,1
2023-03-14 16:00:00,11.506180027858518,32.20294933333333,3.1094444444444442,14.1928952422597,0
2023-03-14 17:00:00,9.970550493261744,33.920008,3.2694444444444444,12.14468877783947,1
2023-03-14 18:00:00,8.537067625778404,34.762338666666665,3.4005555555555556,12.44470087800728,2
2023-03-14 19:00:00,10.617213097024306,35.89624533333333,3.5661111111111112,14.353139604177537,0
2023-03-14 20:00:00,10.017396074870375,35.313093333333335,3.66,14.898216278637655,1
2023-03-14 21:00:00,9.50802552197883,34.50316,3.5622222222222226,12.550138116200706,1
2023-03-14 22:00:00,7.918575157589505,34.665146666666665,3.533888888888889,12.22968691045611,0
2023-03-14 23:00:00,12.798786474891566,35.34549066666667,3.7244444444444444,13.64657043190568,1
2023-03-15 00:00:00,9.376515777289077,34.56795466666667,3.641666666666667,12.168214611636598,0
2023-03-15 01:00:00,10.208052392226302,33.46644533333333,3.3544444444444443,14.146544307310014,1
2023-03-15 02:00:00,10.45466050785578,32.98048533333333,3.035,14.397302198865395,0
2023-03-15 03:00:00,9.23211315444976,31.587400000000002,2.9227777777777777,14.481416060360777,1
2023-03-15 04:00:00,8.221441759256797,31.878975999999998,2.755555555555555,12.91777439240685,2
2023-03-15 05:00:00,10.007147663898552,31.911373333333334,2.8911111111111105,13.966557734409369,0
2023-03-15 06:00:00,8.057995605172755,30.25910933333333,2.6894444444444443,12.765314859789145,1
2023-03-15 07:00:00,13.471334127136167,31.652194666666663,2.7183333333333333,13.590960922745845,0
2023-03-15 08:00:00,9.194287058140151,31.036645333333336,2.5255555555555556,13.628656821938142,1
2023-03-15 09:00:00,10.837954938656893,31.360618666666667,2.5638888888888887,13.827577979459278,1
2023-03-15 10:00:00,11.618692355753476,31.004248,2.612222222222222,13.611525536137114,0
2023-03-15 11:00:00,10.572987887155067,29.773149333333333,2.5194444444444444,13.902808880271044,1
2023-03-15 12:00:00,9.116004705777529,29.967533333333332,2.397777777777778,13.250339397708451,0
2023-03-15 13:00:00,10.216383265221838,29.481573333333333,2.3694444444444445,14.105816728840557,0
2023-03-15 14:00:00,8.851178970625385,29.222394666666663,2.415,13.799154466252832,1
2023-03-15 15:00:00,9.085854915280201,28.34766666666667,2.1783333333333332,14.675403572284536,1
2023-03-15 16:00:00,8.988465309709051,27.310952,2.1750000000000003,14.28456021522225,1
2023-03-15 17:00:00,9.599916889255963,26.274237333333332,2.06,15.330069620647924,1
2023-03-15 18:00:00,11.974431990868958,28.023693333333338,2.046666666666667,12.925527429994778,1
2023-03-15 19:00:00,10.834541325117195,27.82930933333333,2.154444444444444,15.748655657488088,0
2023-03-15 20:00:00,9.486102852553204,25.723482666666666,1.9933333333333334,15.327055786756569,1
2023-03-15 21:00:00,8.610463322013505,24.945946666666668,2.037777777777778,15.162767923894366,0
2023-03-15 22:00:00,9.666241461223251,27.537733333333335,1.985,14.916237524767311,1
2023-03-15 23:00:00,9.325290881584321,25.334714666666667,1.946111111111111,15.68552806037672,0
2023-03-16 00:00:00,9.713937110458057,22.84012,1.9116666666666664,16.364400325824942,1
2023-03-16 01:00:00,10.390612072603917,21.8682,1.7594444444444444,16.197353304120735,1
2023-03-16 02:00:00,8.582574281516566,22.613338666666667,1.698888888888889,14.896959502979529,1
2023-03-16 03:00:00,9.789372401378793,23.164093333333337,1.6455555555555554,14.517538622888862,0
2023-03-16 04:00:00,9.808375968122059,23.390874666666672,1.5555555555555556,15.65630369025988,0
2023-03-16 05:00:00,10.125432603707806,23.455669333333333,1.5216666666666667,15.07728070456961,0
2023-03-16 06:00:00,12.148857744479614,22.256968,1.4344444444444442,17.003700390824843,0
2023-03-16 07:00:00,10.959143533899663,20.766690666666666,1.3588888888888888,17.53376368827143,0
2023-03-16 08:00:00,8.94083742107191,20.118744,1.3577777777777778,15.191451268657055,1
2023-03-16 09:00:00,10.291273727568019,18.790453333333335,1.3544444444444446,16.329176665364557,0
2023-03-16 10:00:00,11.468393211301168,19.567989333333333,1.4027777777777777,16.695258149027914,0
2023-03-16 11:00:00,9.925577237190462,19.827168,1.3994444444444445,15.768638983692178,0
2023-03-16 12:00:00,10.000624614612414,18.012917333333334,1.2338888888888888,16.319697431444073,0
2023-03-16 13:00:00,12.683041335699668,15.356336,1.0783333333333334,17.38258187035605,0
2023-03-16 14:00:00,9.180468796022032,15.097157333333334,1.078888888888889,18.03358795213411,0
2023-03-16 15:00:00,9.329416167961782,13.736469333333334,1.028888888888889,16.80364137540975,0
2023-03-16 16:00:00,9.815713090402983,15.06476,0.9227777777777778,15.274533370030795,0
2023-03-16 17:00:00,10.554047404406726,16.587434666666667,0.9938888888888888,16.560455002675337,0
2023-03-16 18:00:00,11.953966670504746,15.161952,0.9361111111111112,16.17721232955424,0
2023-03-16 19:00:00,10.550675900197703,13.930853333333333,0.7872222222222223,15.591208381670066,0
2023-03-16 20:00:00,8.130910712009191,14.740786666666667,0.7644444444444445,16.455704276509234,0
2023-03-16 21:00:00,9.334491773819456,13.088522666666668,0.7127777777777778,16.402517687735514,0
2023-03-16 22:00:00,10.685933124576273,11.66304,0.6505555555555556,18.052891584445074,0
2023-03-16 23:00:00,8.801526202885544,10.172762666666666,0.7022222222222222,17.35306688266724,0
2023-03-17 00:00:00,8.970657440907646,10.593928,0.7200000000000001,19.254227209789388,0
2023-03-17 01:00:00,9.818627519981893,14.222429333333332,0.7949999999999999,18.47889551737936,0
2023-03-17 02:00:00,11.037373594756106,13.088522666666668,0.956111111111111,18.626713699873317,0
2023-03-17 03:00:00,8.563136200065852,12.63496,0.9638888888888889,16.809210535927317,0
2023-03-17 04:00:00,9.846086660021241,11.954616000000001,0.9866666666666667,18.746822660376314,0
2023-03-17 05:00:00,7.901147974844361,11.306669333333334,0.9411111111111111,17.46240996700817,0
2023-03-17 06:00:00,11.885184038207852,10.107968,0.9194444444444444,18.03689484314904,0
2023-03-17 07:00:00,9.073344245414413,10.982695999999999,0.8866666666666667,18.42068321341733,0
2023-03-17 08:00:00,9.248508618902283,10.723517333333334,0.8866666666666667,16.810505903666556,0
2023-03-17 09:00:00,8.786095269004209,10.950298666666667,0.82,15.934419108376488,0
2023-03-17 10:00:00,10.38983886026151,11.274272000000002,0.81,17.860213220117508,0
2023-03-17 11:00:00,7.555616238271785,12.537768,0.835,16.82299514755322,0
2023-03-17 12:00:00,9.328174199623488,12.570165333333334,0.918888888888889,17.72925443468743,0
2023-03-17 13:00:00,9.067047446383924,12.440576,0.975,17.78579141555128,0
2023-03-17 14:00:00,8.940640735303807,12.051808,1.0727777777777778,16.91849916637289,0
2023-03-17 15:00:00,10.06242765612343,10.464338666666668,1.0644444444444445,17.84296416397355,0
2023-03-17 16:00:00,9.35883675517299,10.626325333333334,1.0916666666666668,17.364179370537695,0
2023-03-17 17:00:00,10.72873901309717,12.63496,1.1333333333333333,18.385861154466806,0
2023-03-17 18:00:00,10.622012625082585,14.028045333333333,1.2316666666666667,18.094567302915575,0
2023-03-17 19:00:00,11.17360724329191,16.911408,1.3366666666666667,16.974291171334148,0
2023-03-17 20:00:00,7.661978235339468,16.231064,1.5305555555555557,16.02855631801901,0
2023-03-17 21:00:00,9.199742637630639,17.49456,1.5599999999999998,15.96350695994584,0
2023-03-17 22:00:00,10.237636064235256,17.429765333333332,1.5783333333333331,16.724774741544547,0
2023-03-17 23:00:00,9.762034614420719,15.971885333333333,1.7016666666666664,17.582171615614964,0
2023-03-18 00:00:00,11.89448963635907,17.202984,1.7883333333333333,16.333626853080393,1
2023-03-18 01:00:00,11.17735327064107,15.745103999999998,1.8894444444444443,17.794778884026325,0
2023-03-18 02:00:00,11.789544755235418,14.157634666666667,1.856111111111111,16.826454010464783,0
2023-03-18 03:00:00,9.42804054287999,12.472973333333334,1.6444444444444446,16.99573501568078,0
2023-03-18 04:00:00,8.983366011827245,11.922218666666666,1.6188888888888888,17.081437054218405,0
2023-03-18 05:00:00,11.133491184368262,12.537768,1.6022222222222222,16.577102716440244,0
2023-03-18 06:00:00,10.53855897697609,11.339066666666668,1.5283333333333333,16.721866649957,0
2023-03-18 07:00:00,12.155389171881934,11.630642666666667,1.4594444444444443,16.52367959855331,0
2023-03-18 08:00:00,9.63519532080572,9.200842666666667,1.3805555555555555,18.372923888160827,0
2023-03-18 09:00:00,8.353727528948726,13.963250666666667,1.3811111111111112,17.467853129386487,1
2023-03-18 10:00:00,10.403980346974576,16.490242666666663,1.4005555555555558,16.911028028964584,0
2023-03-18 11:00:00,10.795983542078444,17.364970666666668,1.4766666666666666,16.50267966039842,0
2023-03-18 12:00:00,8.866270281289138,17.462162666666668,1.5255555555555553,17.65704297099141,0
2023-03-18 13:00:00,9.483036140479395,16.55503733333333,1.5594444444444446,16.04759850391042,0
2023-03-18 14:00:00,10.215123913027313,15.226746666666665,1.5161111111111112,15.260427195921366,0
2023-03-18 15:00:00,11.115108644401365,14.190032,1.5405555555555557,17.669065872673155,0
2023-03-18 16:00:00,11.712517438864994,10.658722666666666,1.5594444444444446,16.03586079365341,0
2023-03-18 17:00:00,9.009509235452219,11.015093333333335,1.347777777777778,18.511244608212348,0
2023-03-18 18:00:00,10.429016662862427,10.496736,1.3372222222222223,19.292796972689796,0
2023-03-18 19:00:00,8.374936991822905,7.6457706666666665,1.1772222222222222,18.989238326897162,0
2023-03-18 20:00:00,8.964329795986844,7.2894000000000005,1.115,19.016806848833415,0
2023-03-18 21:00:00,7.558799343021402,10.69112,1.0266666666666666,17.90056093025218,1
2023-03-18 22:00:00,11.380746926061464,12.343384,1.0472222222222223,16.16171654851033,0
2023-03-18 23:00:00,10.798283628241833,11.760232,1.0661111111111112,17.50841250584313,0
2023-03-19 00:00:00,9.357674962821179,11.954616000000001,1.0583333333333333,17.60893541282518,0
2023-03-19 01:00:00,9.366806168703164,19.989154666666668,1.151111111111111,15.903864620716872,1
2023-03-19 02:00:00,8.812089387245278,14.870376,1.236111111111111,17.765227985656498,0
2023-03-19 03:00:00,9.471636997295816,12.602562666666666,1.2961111111111112,18.144231245399858,0
2023-03-19 04:00:00,9.348979282013714,12.63496,1.265,17.893583308005624,0
2023-03-19 05:00:00,12.086139792121022,17.883328000000002,1.2783333333333333,17.136521856392907,0
2023-03-19 06:00:00,8.932183282307543,21.771008,1.4638888888888888,15.841313566174621,1
2023-03-19 07:00:00,10.677255020993428,22.678133333333335,1.6288888888888888,14.423864650361764,1
2023-03-19 08:00:00,10.695418855620858,24.395191999999998,2.063333333333333,15.190040538814571,1
2023-03-19 09:00:00,8.619643480574007,24.654370666666665,2.1427777777777774,16.501284624512888,1
2023-03-19 10:00:00,7.891610480141449,25.982661333333336,2.16,13.1505152905743,1
2023-03-19 11:00:00,7.051328190307477,22.77532533333333,2.0544444444444445,13.976541445785914,1
2023-03-19 12:00:00,6.569656597336745,20.215936,2.003888888888889,14.54045519425346,1
2023-03-19 13:00:00,9.870390942259293,20.863882666666665,1.8444444444444443,15.404055424254418,0
2023-03-19 14:00:00,10.9314065517404,20.41032,1.7105555555555556,16.363291132705722,0
2023-03-19 15:00:00,10.333967542019328,20.313128,1.6583333333333332,14.095819060179657,1
2023-03-19 16:00:00,11.295346017266818,21.673816000000002,1.6433333333333333,14.918444677085503,1
2023-03-19 17:00:00,10.680492322890137,22.094981333333333,1.6272222222222223,15.438783880216128,0
2023-03-19 18:00:00,9.49345622946974,22.094981333333333,1.6794444444444443,15.116901694630883,1
2023-03-19 19:00:00,8.819764884621536,22.289365333333336,1.6583333333333332,15.794702501998897,1
2023-03-19 20:00:00,10.914928061377248,21.641418666666667,1.638888888888889,16.534699903144446,0
2023-03-19 21:00:00,8.942271732136659,21.54422666666667,1.6222222222222225,16.360765136555234,0
2023-03-19 22:00:00,8.80822075336285,21.252650666666664,1.5905555555555555,16.460027329643278,0
2023-03-19 23:00:00,8.479975312280326,20.928677333333333,1.6266666666666667,15.84164723145678,0
2023-03-20 00:00:00,10.282141672111957,19.891962666666668,1.5038888888888888,16.03802786970922,0
2023-03-20 01:00:00,9.92330136545102,18.43408266666667,1.3694444444444445,15.012425308127357,0
2023-03-20 02:00:00,10.626283179466524,17.81853333333333,1.3555555555555558,15.52958271331005,0
2023-03-20 03:00:00,10.528311170706209,18.531274666666665,1.2938888888888889,17.65702348294634,1
2023-03-20 04:00:00,10.516893984277322,16.976202666666666,1.2238888888888888,17.075002536322305,0
2023-03-20 05:00:00,10.747677578474326,15.323938666666669,1.2177777777777778,16.595136079651418,1
2023-03-20 06:00:00,10.219083099233957,14.837978666666666,1.2127777777777777,17.66893900750895,0
2023-03-20 07:00:00,8.440986774815975,14.416813333333332,1.1211111111111112,15.775261963217261,0
2023-03-20 08:00:00,11.790218547035678,14.384416,1.1205555555555555,16.13609617749759,0
2023-03-20 09:00:00,11.925764325898887,13.801264000000002,1.0883333333333334,17.343053137000833,0
2023-03-20 10:00:00,9.911948398287246,12.926535999999999,1.0366666666666668,16.21432811892957,0
2023-03-20 11:00:00,9.882728095527924,9.816392,0.9822222222222222,17.682276989967693,1
2023-03-20 12:00:00,10.361968551585344,7.224605333333334,0.8261111111111111,18.35766912210116,0
2023-03-20 13:00:00,10.406174627367802,7.257002666666668,0.7694444444444445,18.411366997533793,1
2023-03-20 14:00:00,7.725960505046596,7.807757333333334,0.6877777777777778,17.983379710319156,0
2023-03-20 15:00:00,10.820704306438449,9.200842666666667,0.6138888888888889,18.456392602833475,0
2023-03-20 16:00:00,12.572493571450202,8.812074666666668,0.5605555555555556,16.89778439527403,0
2023-03-20 17:00:00,9.241524258795877,8.876869333333334,0.5305555555555556,17.618155356241115,0
2023-03-20 18:00:00,9.168276172417539,10.269954666666665,0.5161111111111111,18.018056661003687,0
2023-03-20 19:00:00,11.406023115705196,11.792629333333332,0.5805555555555555,16.571673002946877,0
2023-03-20 20:00:00,11.63373091068673,13.671674666666666,0.6561111111111112,15.57836932505166,0
2023-03-20 21:00:00,11.698421639195251,15.453528,0.7155555555555555,16.99672396267661,0
2023-03-20 22:00:00,10.847487766583585,15.939487999999999,0.8722222222222222,17.93449142113608,0
2023-03-20 23:00:00,10.145894736547698,15.06476,0.9327777777777778,17.22367848977734,0
2023-03-21 00:00:00,8.30147219864089,13.542085333333333,0.9844444444444443,17.545833927953467,0
2023-03-21 01:00:00,9.452225004633116,12.991330666666668,0.9466666666666667,17.296071131154264,0
2023-03-21 02:00:00,9.53421610927253,12.667357333333333,0.9249999999999999,17.795626143168572,0
2023-03-21 03:00:00,11.56772783494432,11.403861333333333,0.8444444444444444,18.286710371347876,0
2023-03-21 04:00:00,11.349337493394666,12.667357333333333,0.8277777777777778,17.196249248666817,0
2023-03-21 05:00:00,9.665415053107564,13.153317333333334,0.8233333333333334,18.15796369276241,0
2023-03-21 06:00:00,10.940331419999245,14.09284,0.8244444444444444,16.5532267142867,0
2023-03-21 07:00:00,9.952084815376786,12.343384,0.8594444444444443,17.000198140622587,0
2023-03-21 08:00:00,11.948856014603964,13.250509333333333,0.8783333333333333,17.37476546524148,0
2023-03-21 09:00:00,10.536705684175587,12.505370666666666,0.8638888888888889,17.030278829391136,0
2023-03-21 10:00:00,9.995772002349026,10.399544,0.7983333333333333,18.21027304008512,0
2023-03-21 11:00:00,9.885387417895654,8.74728,0.7844444444444445,17.05782728040924,0
2023-03-21 12:00:00,10.25685334198859,9.23324,0.745,18.367094002455204,0
2023-03-21 13:00:00,10.193215957679556,9.751597333333335,0.6916666666666668,16.982642544342053,0
2023-03-21 14:00:00,11.23348469282503,9.686802666666667,0.635,17.804614820660262,0
2023-03-21 15:00:00,10.320722433608255,9.103650666666667,0.5955555555555555,16.61130272068803,0
2023-03-21 16:00:00,10.48176262199557,8.682485333333334,0.5611111111111111,16.919151053398604,0
2023-03-21 17:00:00,9.395974819770638,8.876869333333334,0.53,18.88977005192888,0
2023-03-21 18:00:00,7.609494207995389,10.885504,0.5105555555555555,17.07306459211361,0
2023-03-21 19:00:00,9.106370367534288,12.63496,0.5527777777777777,17.95799622905607,0
2023-03-21 20:00:00,9.01772116190603,15.194349333333333,0.6655555555555556,17.674242632220018,0
2023-03-21 21:00:00,11.43399358048759,14.935170666666666,0.7366666666666667,17.3776471071645,0
2023-03-21 22:00:00,10.583874927746836,14.384416000000002,0.7594444444444445,17.108602307846258,0
2023-03-21 23:00:00,11.222506189630044,13.056125333333334,0.7783333333333333,17.406543084304257,1
2023-03-22 00:00:00,9.861623350129749,16.328256,0.8383333333333333,16.144429519908027,0
2023-03-22 01:00:00,8.979619627726484,17.138189333333333,1.0127777777777778,16.0794856523006,1
2023-03-22 02:00:00,10.729270591037013,16.52264,1.1272222222222223,16.57734994268515,0
2023-03-22 03:00:00,12.601165938776196,15.809898666666667,1.1055555555555554,16.899730435343006,0
2023-03-22 04:00:00,7.596984487816136,15.032362666666666,1.1411111111111112,15.725447608128624,0
2023-03-22 05:00:00,7.124142018811431,14.319621333333332,1.1116666666666666,17.562714173703345,0
2023-03-22 06:00:00,11.364312903334117,12.278589333333334,1.0533333333333335,17.956765332421806,0
2023-03-22 07:00:00,9.233227896113172,12.149000000000001,0.9550000000000001,16.011634323716915,1
2023-03-22 08:00:00,10.82967057851642,11.501053333333333,0.903888888888889,17.556721518016086,0
2023-03-22 09:00:00,10.210869574037101,9.978378666666666,0.8333333333333334,17.869987062346006,0
2023-03-22 10:00:00,9.886084652587543,7.548578666666667,0.8022222222222223,18.220444891517218,0
2023-03-22 11:00:00,8.677328082707845,5.507546666666666,0.7777777777777778,18.409848862387463,0
2023-03-22 12:00:00,9.492215632872442,5.442752,0.6877777777777778,18.575879989116817,0
2023-03-22 13:00:00,8.369777791245378,4.406037333333334,0.6533333333333333,18.954219638360623,1
2023-03-22 14:00:00,9.423280204346156,5.118778666666667,0.6427777777777778,18.134249104287957,0
2023-03-22 15:00:00,10.655728803603305,7.095016,0.5877777777777777,18.69513701279028,0
2023-03-22 16:00:00,9.978131064404371,7.937346666666667,0.6016666666666667,17.698593824384997,0
2023-03-22 17:00:00,10.655934591821728,10.69112,0.5966666666666667,17.452122087939113,0
2023-03-22 18:00:00,9.5423968187575,10.820709333333333,0.6094444444444445,18.646807254435572,0
2023-03-22 19:00:00,8.751967930791624,12.602562666666666,0.6205555555555555,18.211849864405,0
2023-03-22 20:00:00,13.213295599354886,11.112285333333332,0.6327777777777778,17.358069352268277,0
2023-03-22 21:00:00,10.060531310753433,11.889821333333336,0.5955555555555555,17.76009580735749,0
2023-03-22 22:00:00,9.291420573980353,13.866058666666667,0.6927777777777777,17.719994289186587,0
2023-03-22 23:00:00,9.862294948917297,13.930853333333333,0.7555555555555555,17.58774836484818,0
2023-03-23 00:00:00,10.232498987614887,12.408178666666666,0.7872222222222223,17.098715866258903,0
2023-03-23 01:00:00,9.980097342059121,10.950298666666667,0.7688888888888888,17.407875238798272,0
2023-03-23 02:00:00,9.37156930827683,10.140365333333333,0.726111111111111,17.01456730259107,1
2023-03-23 03:00:00,12.626294041756251,10.820709333333333,0.7177777777777777,17.484617104809004,0
2023-03-23 04:00:00,11.61334302549965,9.038856000000001,0.6855555555555556,19.035006796434782,0
2023-03-23 05:00:00,9.767985508470392,8.520498666666667,0.61,18.469354398696648,0
2023-03-23 06:00:00,10.642940528418896,9.168445333333333,0.5872222222222222,17.680762282267416,0
2023-03-23 07:00:00,8.976473151706566,8.196525333333334,0.5805555555555555,18.087906247633594,0
2023-03-23 08:00:00,9.828915194303212,7.872551999999999,0.5750000000000001,17.51258472629507,0
2023-03-23 09:00:00,9.574480056812549,8.714882666666666,0.55,17.529046269221563,0
2023-03-23 10:00:00,8.217486618142843,9.006458666666667,0.5638888888888889,19.284171380963823,0
2023-03-23 11:00:00,9.944927382776266,10.593928,0.5855555555555555,18.427638506062753,0
2023-03-23 12:00:00,9.693094014275541,12.991330666666665,0.6883333333333334,18.805225692781505,0
2023-03-23 13:00:00,8.5190798496366,12.958933333333334,0.755,17.80289598396207,0
2023-03-23 14:00:00,10.448855636217209,10.367146666666667,0.773888888888889,18.216912588365414,0
2023-03-23 15:00:00,10.399802054327468,10.140365333333333,0.8161111111111111,18.646805270482425,0
2023-03-23 16:00:00,9.01748188772221,9.848789333333334,0.8744444444444444,18.256804198380625,0
2023-03-23 17:00:00,8.39223525165645,15.194349333333333,0.9327777777777778,17.10727693250566,0
2023-03-23 18:00:00,9.684686120095156,13.380098666666667,1.1777777777777778,17.56220149751567,0
2023-03-23 19:00:00,10.13833852503327,11.922218666666666,1.278888888888889,16.488677408654166,0
2023-03-23 20:00:00,10.719275455912731,11.565848,1.4038888888888887,17.963497728139405,0
2023-03-23 21:00:00,8.070447957880702,9.071253333333333,1.3616666666666666,17.909079822748307,0
2023-03-23 22:00:00,10.706787525543595,9.524816,1.3816666666666666,18.54308067239452,0
2023-03-23 23:00:00,10.37710212217963,11.954616,1.4805555555555554,16.69907567759043,0
2023-03-24 00:00:00,11.316246794117214,11.339066666666668,1.4955555555555555,16.99126450446073,0
2023-03-24 01:00:00,10.756228492291713,10.334749333333333,1.3705555555555555,17.49772848245462,0
2023-03-24 02:00:00,10.123778003080597,8.714882666666666,1.316111111111111,18.435648392553137,0
2023-03-24 03:00:00,9.753934893239373,14.611197333333331,1.3116666666666668,16.960658064123823,1
2023-03-24 04:00:00,11.345998857577179,12.764549333333333,1.3911111111111112,16.883370606962263,1
2023-03-24 05:00:00,9.125996716287064,10.302351999999999,1.2966666666666666,17.58586827900308,0
2023-03-24 06:00:00,9.428147799616744,10.885504,1.2761111111111112,17.297958852743324,1
2023-03-24 07:00:00,9.8970321184543,11.630642666666667,1.1766666666666665,18.108549040476944,0
2023-03-24 08:00:00,11.365937613713315,9.589610666666667,1.1188888888888888,16.67571714552712,0
2023-03-24 09:00:00,8.664887594380001,8.844472,1.087777777777778,17.639800396060256,0
2023-03-24 10:00:00,11.109373449541323,9.978378666666666,1.0361111111111112,17.03733647014442,0
2023-03-24 11:00:00,10.249243014556901,9.136048,1.0650000000000002,16.08536689506359,1
2023-03-24 12:00:00,8.999943102099897,10.593928,1.106111111111111,18.061277606881312,0
2023-03-24 13:00:00,9.252449629131299,9.783994666666667,1.1966666666666665,18.652276973849478,0
2023-03-24 14:00:00,9.799060772167238,12.149000000000001,1.2244444444444444,17.407951974954155,1
2023-03-24 15:00:00,11.2680552034559,10.561530666666668,1.1905555555555554,16.778229420616878,0
2023-03-24 16:00:00,10.967137095687562,10.431941333333333,1.248888888888889,17.48345664693706,0
2023-03-24 17:00:00,8.896947610859772,5.475149333333333,1.1649999999999998,18.121078631377397,0
2023-03-24 18:00:00,10.387155464453556,0.7127413333333333,1.1266666666666667,18.881005847429886,0
2023-03-24 19:00:00,10.304417695292964,4.5032293333333335,1.1611111111111112,18.758507527673554,0
2023-03-24 20:00:00,8.386710257534697,5.215970666666666,1.1905555555555556,19.392301941911803,0
2023-03-24 21:00:00,10.180826906284464,7.6457706666666665,1.19,19.051250661063268,0
2023-03-24 22:00:00,8.243702085744987,7.483784,1.106111111111111,19.660405245481744,0
2023-03-24 23:00:00,11.891829035734924,5.863917333333333,1.1466666666666665,18.623515725633663,0
2023-03-25 00:00:00,8.194899588346678,7.2894000000000005,1.2066666666666668,18.34793217007874,0
2023-03-25 01:00:00,11.599082169420766,5.896314666666666,1.1416666666666666,17.944535778156467,0
2023-03-25 02:00:00,10.707481513193967,2.8509653333333334,1.1188888888888888,18.96153900702514,0
2023-03-25 03:00:00,10.923835425108892,3.012952,1.0616666666666665,18.84224638956201,0
2023-03-25 04:00:00,9.04327206633497,3.4989120000000002,0.9705555555555555,18.90013508233276,0
2023-03-25 05:00:00,10.3961350031428,5.637136000000001,0.9005555555555556,20.0,0
2023-03-25 06:00:00,10.536806387967617,5.637136000000001,0.9472222222222223,19.356087207889754,0
2023-03-25 07:00:00,10.643062315439716,9.751597333333335,0.8822222222222221,17.19968026777254,0
2023-03-25 08:00:00,10.576904034733474,12.602562666666666,0.84,16.935390340425112,0
2023-03-25 09:00:00,11.251317182349368,15.129554666666666,0.8188888888888889,17.591532401119128,0
2023-03-25 10:00:00,12.390474682495805,15.583117333333334,0.9938888888888889,16.595834468176292,0
2023-03-25 11:00:00,8.939833733528092,17.688944000000003,1.1344444444444444,16.70747951529256,0
2023-03-25 12:00:00,10.066065261304958,20.24833333333333,1.3644444444444446,17.077590850660737,0
2023-03-25 13:00:00,8.25425673168168,20.572306666666666,1.5677777777777777,15.687373532404642,0
2023-03-25 14:00:00,11.759820226047687,20.637101333333334,1.7355555555555557,15.545912238882147,1
2023-03-25 15:00:00,9.14643679193101,23.520464000000004,1.8783333333333332,13.741894867649783,1
2023-03-25 16:00:00,10.074429591378813,22.094981333333333,2.1594444444444445,14.421925123525526,0
2023-03-25 17:00:00,11.338428459391581,24.265602666666666,2.285,16.64604594265262,0
2023-03-25 18:00:00,10.727611162083333,19.082029333333335,2.4499999999999997,15.555273591808975,0
2023-03-25 19:00:00,11.545757320409031,16.976202666666666,2.5122222222222224,15.860774083313297,1
2023-03-25 20:00:00,11.090860188577011,16.425448,2.8205555555555555,16.857315151881256,0
2023-03-25 21:00:00,12.161075745327402,16.166269333333332,3.1999999999999997,17.184756040396504,0
2023-03-25 22:00:00,8.715333740439313,11.727834666666666,2.9483333333333337,15.986640201159227,1
2023-03-25 23:00:00,9.146499279051223,8.617690666666666,2.9444444444444446,17.86781954834326,0
2023-03-26 00:00:00,8.87491895245693,8.552895999999999,2.8511111111111114,17.508246206113526,1
2023-03-26 01:00:00,11.189611649876518,7.840154666666667,2.757222222222222,18.449139735079253,0
2023-03-26 02:00:00,12.551840183458042,5.669533333333334,2.5044444444444447,18.3851570330548,0
2023-03-26 03:00:00,9.126640122699234,4.341242666666667,2.3855555555555554,19.822804544427065,0
2023-03-26 04:00:00,8.161741365729263,7.2894000000000005,2.4194444444444443,17.819463717230576,0
2023-03-26 05:00:00,10.298483786150104,5.442752,2.1966666666666668,18.615107276713925,0
2023-03-26 06:00:00,10.723950639979043,6.544261333333332,2.0544444444444445,18.145743620703026,0
2023-03-26 07:00:00,8.279825690724037,2.91576,1.948888888888889,19.521494633401474,0
2023-03-26 08:00:00,12.772680746607692,4.146858666666667,1.9277777777777778,19.03146625968088,0
2023-03-26 09:00:00,10.550874992483282,8.909266666666667,1.735,18.3029262393414,0
2023-03-26 10:00:00,12.407752174192945,10.334749333333333,1.8327777777777776,18.34045483024387,0
2023-03-26 11:00:00,6.95034904629215,9.460021333333334,1.7355555555555557,18.836328344020938,0
2023-03-26 12:00:00,9.376479883796572,13.995648000000001,1.6666666666666667,17.195343791471416,0
2023-03-26 13:00:00,9.340080408237016,16.133872,1.646111111111111,15.525264241388276,1
2023-03-26 14:00:00,9.758959827934573,15.097157333333334,1.5283333333333333,15.731527545756757,0
2023-03-26 15:00:00,10.605230865354025,9.395226666666668,1.6177777777777778,18.600777340093256,0
2023-03-26 16:00:00,10.433699613737415,8.844472,1.5822222222222224,18.155309249900153,0
2023-03-26 17:00:00,10.343198145564365,9.589610666666667,1.4983333333333333,17.91867079052812,0
2023-03-26 18:00:00,11.842525396515063,9.460021333333334,1.478888888888889,17.41084903418482,0
2023-03-26 19:00:00,7.6931452797501345,8.26132,1.4938888888888888,17.763053016031016,0
2023-03-26 20:00:00,10.008638984247753,7.095016,1.4433333333333334,18.536186534578874,0
2023-03-26 21:00:00,10.059545030495782,7.386592,1.363888888888889,19.069014928091335,0
2023-03-26 22:00:00,10.510466120740437,11.209477333333334,1.388888888888889,17.640013703645703,0
2023-03-26 23:00:00,8.80338684128599,11.177079999999998,1.348888888888889,18.440477645826576,0
2023-03-27 00:00:00,8.607836119371,9.362829333333332,1.386111111111111,17.84480626099131,0
2023-03-27 01:00:00,9.86903850059125,9.071253333333333,1.27,18.326554362067238,0
2023-03-27 02:00:00,10.197965142483632,8.423306666666667,1.1905555555555554,19.210306769236713,0
2023-03-27 03:00:00,8.985456418937103,7.192208,1.1455555555555554,18.344473559013448,0
2023-03-27 04:00:00,9.980676424615892,8.844472,1.0977777777777777,19.05933004543867,0
2023-03-27 05:00:00,8.853429150155028,8.390909333333333,1.0466666666666666,17.178532201761094,0
2023-03-27 06:00:00,11.810022554946116,8.26132,1.0005555555555554,16.89461694216426,0
2023-03-27 07:00:00,9.481461362255985,6.090698666666667,0.9583333333333334,18.708849370158134,0
2023-03-27 08:00:00,11.032258984928724,4.8272026666666665,0.9777777777777777,18.262732341856747,0
2023-03-27 09:00:00,7.976561001133587,1.5226746666666668,0.9466666666666667,18.163367033459284,0
2023-03-27 10:00:00,9.787919257765692,4.308845333333333,0.915,18.70837174521558,0
2023-03-27 11:00:00,9.94746895304098,7.710565333333332,0.9077777777777779,18.06434683558536,0
2023-03-27 12:00:00,9.2296762795125,8.552895999999999,0.84,18.586962222238565,0
2023-03-27 13:00:00,8.207982478721279,9.330432,0.8333333333333334,18.37828133906494,0
2023-03-27 14:00:00,11.351235014583253,11.825026666666666,0.8188888888888889,17.432559411536207,0
2023-03-27 15:00:00,10.74355686472422,12.278589333333334,0.8172222222222222,17.15504110229118,0
2023-03-27 16:00:00,11.663744668867414,12.570165333333334,0.8577777777777778,17.37406685202512,0
2023-03-27 17:00:00,9.076905854095193,10.853106666666667,0.8327777777777778,18.32005178782514,0
2023-03-27 18:00:00,9.678514014732007,10.237557333333333,0.7905555555555556,17.75795799823545,0
2023-03-27 19:00:00,9.002816875616032,8.390909333333333,0.7727777777777778,16.91767617223884,0
2023-03-27 20:00:00,9.782921915881104,9.265637333333332,0.7455555555555556,18.41386800489338,0
2023-03-27 21:00:00,10.813342689474444,11.306669333333334,0.758888888888889,18.821570546587807,0
2023-03-27 22:00:00,11.517970756277665,13.898456000000001,0.7622222222222222,15.831235266507294,0
2023-03-27 23:00:00,8.6133237070045,17.429765333333332,0.8161111111111111,16.037837841199984,1
2023-03-28 00:00:00,8.830254136592018,18.46648,0.9177777777777778,17.198799238949842,1
2023-03-28 01:00:00,8.400604685691283,16.328256,1.0405555555555557,15.224226410278662,0
2023-03-28 02:00:00,9.392174984067191,17.753738666666667,1.0844444444444445,18.293886310036164,1
2023-03-28 03:00:00,8.95623890283281,18.855248,1.0972222222222223,16.04369231121771,0
2023-03-28 04:00:00,9.806259881209355,17.105791999999997,1.1933333333333334,15.40527765530017,0
2023-03-28 05:00:00,10.812068980332617,16.684626666666666,1.1938888888888888,16.127259598065052,0
2023-03-28 06:00:00,12.158980894305628,14.740786666666667,1.21,15.716439057412737,0
2023-03-28 07:00:00,11.470527821001,12.699754666666665,1.25,18.072486307446486,0
2023-03-28 08:00:00,11.949871441578766,11.015093333333333,1.2305555555555554,18.971706070924665,0
2023-03-28 09:00:00,10.700795715895943,8.034538666666666,1.2577777777777779,17.791551070435997,0
2023-03-28 10:00:00,12.251660078330914,8.293717333333333,1.1716666666666666,18.338382982002596,0
2023-03-28 11:00:00,10.3167944114807,7.516181333333333,1.2605555555555557,18.170118278450733,0
2023-03-28 12:00:00,8.545774661200365,5.34556,1.356111111111111,19.086577539103782,0
2023-03-28 13:00:00,10.30256437996919,4.406037333333333,1.3472222222222223,18.659162975987662,0
2023-03-28 14:00:00,11.763274302506494,2.721376,1.2772222222222223,19.58040712811471,0
2023-03-28 15:00:00,11.458715897017017,4.568024,1.3144444444444445,18.95417175932947,0
2023-03-28 16:00:00,10.198079720667295,6.155493333333333,1.241111111111111,18.28741291866765,0
2023-03-28 17:00:00,9.296899490870613,8.876869333333334,1.162222222222222,17.245980661363088,0
2023-03-28 18:00:00,10.070196103813654,8.876869333333334,1.1627777777777777,16.765610807050148,1
2023-03-28 19:00:00,9.309886399455987,5.215970666666667,1.1488888888888888,18.08360051837143,0
2023-03-28 20:00:00,10.221830138113988,1.4902773333333332,1.0694444444444444,19.66707424372567,0
2023-03-28 21:00:00,10.946820111672379,2.3650053333333334,0.9977777777777778,18.69325659046392,0
2023-03-28 22:00:00,10.092911280667069,6.220288,0.9616666666666666,19.1192709982703,0
2023-03-28 23:00:00,10.649399618270753,7.321797333333333,0.9511111111111111,18.333643728582857,0
2023-03-29 00:00:00,12.222331648525278,4.697613333333334,0.9122222222222223,18.245496849238748,0
2023-03-29 01:00:00,7.48682280314517,2.0734293333333333,0.9055555555555556,18.321983871896524,0
2023-03-29 02:00:00,9.463079587822905,6.7062479999999995,0.9077777777777779,18.38061943863622,0
2023-03-29 03:00:00,10.235246423292464,3.6608986666666667,0.8527777777777777,18.054289805283762,0
2023-03-29 04:00:00,9.974403811372893,1.0043173333333335,0.8361111111111111,19.111991770093127,0
2023-03-29 05:00:00,11.114379584690758,2.203018666666667,0.7494444444444444,19.390840055196453,0
2023-03-29 06:00:00,11.32953061959801,5.053984,0.7344444444444443,18.61216702395274,0
2023-03-29 07:00:00,9.65893146197545,11.727834666666666,0.7172222222222221,16.935136434990028,0
2023-03-29 08:00:00,6.904660928340287,12.246192,0.7583333333333333,17.584769649488866,1
2023-03-29 09:00:00,8.447119417130695,11.66304,0.7683333333333334,17.07679752818524,0
2023-03-29 10:00:00,10.490025307446023,12.116602666666665,0.7922222222222223,17.373280971855912,0
2023-03-29 11:00:00,10.25690787977491,13.023728,0.8083333333333332,16.818695605490287,0
2023-03-29 12:00:00,11.215806734592038,12.408178666666666,0.8733333333333334,18.013912498897565,0
2023-03-29 13:00:00,8.11569600061126,11.209477333333334,0.8977777777777778,17.17495149115871,0
2023-03-29 14:00:00,9.021873808839265,10.561530666666668,0.8861111111111111,17.36761322228226,0
2023-03-29 15:00:00,10.026916652767708,8.650088,0.8466666666666667,17.46648794405048,0
2023-03-29 16:00:00,9.119982880789912,6.025904000000001,0.8361111111111111,18.87382339379487,0
2023-03-29 17:00:00,10.722934060238297,3.1749386666666664,0.8072222222222223,18.124443943903326,0
2023-03-29 18:00:00,11.46100277558117,2.721376,0.7266666666666666,18.95199954365908,0
2023-03-29 19:00:00,6.423114895896496,5.993506666666666,0.7333333333333334,18.603129147350383,0
2023-03-29 20:00:00,9.06813703626892,6.155493333333333,0.7144444444444443,19.53873245118341,0
2023-03-29 21:00:00,8.501536588414453,7.451386666666667,0.6733333333333333,18.108269348223917,0
2023-03-29 22:00:00,9.057723427658788,10.853106666666667,0.6761111111111111,17.44364262134724,0
2023-03-29 23:00:00,9.588791793856384,13.995648000000001,0.7361111111111112,17.315826270378455,0
2023-03-30 00:00:00,10.137807188281668,15.356335999999999,0.7833333333333333,16.714509599454555,0
2023-03-30 01:00:00,10.755230701154339,16.004282666666665,0.8844444444444445,17.455927805796396,0
2023-03-30 02:00:00,8.204393677132268,17.332573333333332,1.0061111111111112,15.65717756207465,1
2023-03-30 03:00:00,7.830274259585496,17.656546666666667,1.0994444444444444,15.929882913296874,0
2023-03-30 04:00:00,9.237543849750493,17.462162666666668,1.2366666666666666,17.682663913038382,0
2023-03-30 05:00:00,8.15775831256351,20.053949333333332,1.3555555555555554,16.384689930750522,1
2023-03-30 06:00:00,8.587206461418745,22.613338666666664,1.4455555555555557,16.599019949559075,1
2023-03-30 07:00:00,9.418706789579101,21.025869333333333,1.587777777777778,15.047758150897772,0
2023-03-30 08:00:00,9.819586937898569,25.010741333333332,1.8038888888888887,16.84906532436607,0
2023-03-30 09:00:00,12.225141721963459,24.654370666666665,1.8216666666666665,14.55700102338438,1
2023-03-30 10:00:00,11.25633284465725,23.617656,1.7805555555555557,15.902304729883454,0
2023-03-30 11:00:00,10.146454650164673,22.90491466666667,1.6900000000000002,14.668755488629172,0
2023-03-30 12:00:00,10.08934632548067,18.304493333333333,1.5144444444444443,16.47634229317308,0
2023-03-30 13:00:00,9.09099744690342,16.198666666666668,1.2955555555555556,16.759689954040294,0
2023-03-30 14:00:00,8.048383734351043,14.416813333333332,1.1319444444444444,15.868113453252425,0
2023-03-30 15:00:00,11.136861778553856,12.602562666666666,1.0394444444444444,17.46661840419236,0
2023-03-30 16:00:00,10.606760069562673,13.866058666666667,0.9838888888888889,17.760355287625938,0
2023-03-30 17:00:00,9.332706356031299,14.740786666666667,0.9716666666666667,18.620264332632278,1
2023-03-30 18:00:00,10.108756898914784,15.259144,0.9205555555555556,16.599046328101455,0
2023-03-30 19:00:00,9.950404175109044,16.004282666666665,0.9944444444444445,17.089414346053168,0
2023-03-30 20:00:00,9.476528728772289,16.198666666666668,0.9594444444444444,15.955441512251484,0
2023-03-30 21:00:00,9.335692208905842,14.967568,0.8772222222222222,18.862266516360265,0
2023-03-30 22:00:00,8.998740001870376,13.768866666666668,0.7761111111111111,17.9688168187095,0
2023-03-30 23:00:00,9.860150731900967,13.639277333333332,0.7761111111111112,17.283131904837376,0
2023-03-31 00:00:00,9.80950176349067,10.464338666666666,0.7694444444444445,18.387612201944254,0
2023-03-31 01:00:00,10.558844992495926,11.112285333333332,0.6955555555555555,15.921173506207923,1
2023-03-31 02:00:00,11.471371272448684,9.136048,0.633888888888889,17.077197154121865,0
2023-03-31 03:00:00,9.816784186865641,6.382274666666667,0.5416666666666666,18.50304558721933,0
2023-03-31 04:00:00,9.33753768362115,3.6608986666666667,0.4811111111111111,18.07979731980721,0
2023-03-31 05:00:00,10.429835790157165,1.555072,0.4366666666666667,18.23987091615232,0
2023-03-31 06:00:00,11.476295695845268,2.1058266666666667,0.43333333333333335,19.203336237945187,0
2023-03-31 07:00:00,7.281305058303633,4.049666666666667,0.4166666666666667,19.116790787230578,0
2023-03-31 08:00:00,9.42109366338383,5.637136000000001,0.4344444444444444,18.402753956666597,0
2023-03-31 09:00:00,12.560263794208774,5.313162666666667,0.38999999999999996,19.76453115936356,0
2023-03-31 10:00:00,10.21321536556084,5.086381333333334,0.43111111111111117,19.04723815516664,0
2023-03-31 11:00:00,11.503206484843856,4.989189333333333,0.4427777777777777,19.437193016482567,0
2023-03-31 12:00:00,12.555422173554694,3.4341173333333335,0.47444444444444445,18.503684628227425,0
2023-03-31 13:00:00,7.73144523144574,5.572341333333333,0.4588888888888889,17.863327886028532,0
2023-03-31 14:00:00,10.597376166515266,6.576658666666667,0.4477777777777778,18.79389036505434,0
2023-03-31 15:00:00,9.580872565497693,8.326114666666667,0.48333333333333334,16.74927515741357,0
2023-03-31 16:00:00,9.712096671031151,11.339066666666668,0.4872222222222222,16.5066590853015,0
2023-03-31 17:00:00,9.125552535156997,13.185714666666668,0.555,16.391482161829188,0
2023-03-31 18:00:00,12.425801143516935,12.926535999999999,0.6583333333333333,16.70496575015267,0
2023-03-31 19:00:00,8.876095509734748,11.209477333333334,0.7727777777777778,18.671316199419973,0
2023-03-31 20:00:00,10.04371737257798,13.768866666666668,0.8188888888888889,16.280522483427013,0
2023-03-31 21:00:00,9.857245675011443,14.870376,1.0155555555555555,15.912269534577092,0
2023-03-31 22:00:00,9.686857614219116,16.328256,1.4305555555555556,15.482512681928862,0
2023-03-31 23:00:00,8.824575951506175,15.485925333333334,1.7561111111111112,17.717149277260887,0
2023-04-01 00:00:00,14.959208030639402,16.295858666666664,1.7522222222222223,17.216919106798926,0
2023-04-01 01:00:00,14.297598875285486,18.207301333333334,1.832222222222222,17.58930332332604,0
2023-04-01 02:00:00,13.589194990954207,18.628466666666668,1.9055555555555557,17.477405049472193,0
2023-04-01 03:00:00,15.093749811803503,18.628466666666668,1.9283333333333335,17.74429955169842,0
2023-04-01 04:00:00,15.6712078099417,17.81853333333333,1.9838888888888888,15.90541310762445,1
2023-04-01 05:00:00,13.824297464617151,15.161952,2.1416666666666666,16.73120268959124,1
2023-04-01 06:00:00,13.434116380619551,13.315304,2.225,17.21691453727517,0
2023-04-01 07:00:00,15.651833817356554,13.477290666666667,2.0644444444444443,16.956277531683718,1
2023-04-01 08:00:00,15.426792277785333,18.498877333333333,1.9749999999999999,15.859636597265956,0
2023-04-01 09:00:00,13.24142990425999,20.86388266666667,2.2105555555555556,15.405283181552276,0
2023-04-01 10:00:00,11.575008095124558,21.058266666666665,2.4405555555555556,16.12356478890679,0
2023-04-01 11:00:00,15.833235098795159,20.53990933333333,2.547222222222222,16.58123134766303,0
2023-04-01 12:00:00,14.631463992883043,18.563672,2.401666666666667,16.89305575226159,0
2023-04-01 13:00:00,15.805630202586032,19.470797333333334,2.312222222222222,15.701771254652556,1
2023-04-01 14:00:00,12.029698994779338,24.16841066666667,2.532777777777778,17.387039533298182,0
2023-04-01 15:00:00,16.58046694154591,26.46862133333333,3.0733333333333337,15.269704968015974,1
2023-04-01 16:00:00,15.143862290217024,25.59389333333333,3.4455555555555555,14.474743811076314,1
2023-04-01 17:00:00,14.397477145615099,23.520464,3.395,13.61326591382266,2
2023-04-01 18:00:00,15.487588942518789,21.090664,3.3772222222222226,15.609443234129733,0
2023-04-01 19:00:00,13.387286483332872,21.479432,3.5011111111111113,16.43503553098075,0
2023-04-01 20:00:00,15.49455125301513,20.961074666666665,3.39,15.871215550584843,1
2023-04-01 21:00:00,14.877183094267785,19.373605333333334,3.268333333333333,18.096929253842735,0
2023-04-01 22:00:00,16.273799984883738,17.397368,2.9716666666666662,17.062629180759114,1
2023-04-01 23:00:00,14.75503558134121,15.259144,2.851111111111111,16.97078847469051,1
2023-04-02 00:00:00,13.209759710471024,18.304493333333333,2.8127777777777774,15.470089231273088,0
2023-04-02 01:00:00,15.336053965666407,13.477290666666669,2.6366666666666667,17.605214044254673,0
2023-04-02 02:00:00,14.12790686395247,5.475149333333333,2.4972222222222222,19.2872062148848,0
2023-04-02 03:00:00,15.541217009916382,10.820709333333333,2.58,17.709814044128958,0
2023-04-02 04:00:00,17.015410647878845,19.146824,2.701111111111111,16.498493307500713,1
2023-04-02 05:00:00,13.193929749107967,21.187856,2.7311111111111113,15.515411903439377,0
2023-04-02 06:00:00,16.784599127451894,23.390874666666665,2.778333333333333,15.12402928930441,1
2023-04-02 07:00:00,13.953677513322077,22.904914666666667,2.9266666666666663,15.672377034433225,1
2023-04-02 08:00:00,16.54726197423401,24.881152,3.273888888888889,16.500640551504375,1
2023-04-02 09:00:00,13.74517253149351,28.412461333333336,3.2322222222222217,13.713744031821724,0
2023-04-02 10:00:00,14.465938766084419,28.02369333333333,3.055555555555556,15.630348600908512,0
2023-04-02 11:00:00,15.501475316247953,28.639242666666664,2.8983333333333334,14.293023114834808,0
2023-04-02 12:00:00,14.488737173461196,27.440541333333332,2.811666666666667,14.877700866458133,1
2023-04-02 13:00:00,15.239303352012849,25.334714666666667,2.6655555555555557,14.809352937880737,1
2023-04-02 14:00:00,15.520421641811959,21.673816,2.3833333333333333,17.40223791839897,1
2023-04-02 15:00:00,15.339509371403702,19.049632000000003,2.156111111111111,16.87034658965449,1
2023-04-02 16:00:00,15.029073503629833,17.429765333333332,1.9133333333333333,16.25084181886407,0
2023-04-02 17:00:00,16.159924586017002,14.190032,1.6561111111111113,17.960705883740726,0
2023-04-02 18:00:00,15.213137296360857,11.889821333333336,1.518888888888889,16.22801567930593,0
2023-04-02 19:00:00,15.55684777702828,11.630642666666667,1.426111111111111,18.754535501873473,0
2023-04-02 20:00:00,15.524971613474536,12.894138666666668,1.2655555555555555,15.831483490196101,1
2023-04-02 21:00:00,15.048471732821113,12.958933333333334,1.2127777777777777,17.62902260624801,0
2023-04-02 22:00:00,16.724782975261757,10.69112,1.1672222222222224,18.641878755152362,0
2023-04-02 23:00:00,15.512931907775966,9.006458666666667,1.0361111111111112,18.705961046422768,0
2023-04-03 00:00:00,15.906571169593976,3.272130666666667,0.9538888888888889,19.564057467853647,0
2023-04-03 01:00:00,15.133915427949661,4.438434666666667,0.8883333333333333,19.862621710078574,0
2023-04-03 02:00:00,15.09783104839645,8.066936,0.8144444444444444,19.359221349011353,0
2023-04-03 03:00:00,16.895942463534137,10.496736,0.7677777777777778,18.088175031126784,0
2023-04-03 04:00:00,15.03998642382376,9.751597333333335,0.7983333333333333,19.009099286693345,0
2023-04-03 05:00:00,16.92106012421726,8.552895999999999,0.8477777777777779,18.471395837484685,0
2023-04-03 06:00:00,14.553387130414231,9.362829333333334,0.8122222222222222,16.595769385929177,0
2023-04-03 07:00:00,16.478849514814634,9.330432,0.8477777777777779,18.05870026792829,0
2023-04-03 08:00:00,15.019199892851029,10.237557333333333,0.8138888888888888,17.577398088823546,0
2023-04-03 09:00:00,15.42002438580186,9.945981333333334,0.8316666666666667,17.364527463100288,0
2023-04-03 10:00:00,16.144721443755227,9.848789333333334,0.8355555555555556,18.846757037798387,0
2023-04-03 11:00:00,18.04719998646843,7.613373333333333,0.8794444444444444,16.46554847988437,0
2023-04-03 12:00:00,16.133300762283273,6.900632000000001,0.8083333333333332,17.55977187846115,0
2023-04-03 13:00:00,14.061173390979034,8.617690666666666,0.8116666666666666,18.86767538335702,0
2023-04-03 14:00:00,14.693456684392656,8.455703999999999,0.7438888888888888,19.3139978337904,0
2023-04-03 15:00:00,14.792658444095816,7.904949333333334,0.7933333333333333,19.398904970680388,0
2023-04-03 16:00:00,16.3009605625107,9.071253333333333,0.8416666666666667,18.029575872416007,0
2023-04-03 17:00:00,16.531511898035205,10.982695999999999,0.8844444444444445,17.289041431333306,0
2023-04-03 18:00:00,14.352762364275941,13.056125333333332,0.8811111111111112,17.899003363625177,0
2023-04-03 19:00:00,18.787880980382806,13.768866666666668,0.8861111111111111,16.227189794525323,0
2023-04-03 20:00:00,15.425796639225503,14.675992,1.0033333333333332,17.73017549893005,0
2023-04-03 21:00:00,14.850614065939872,15.874693333333333,0.9966666666666667,16.331609572843323,0
2023-04-03 22:00:00,15.383446599494073,14.773184,1.0566666666666666,16.66661579298971,0
2023-04-03 23:00:00,15.834847513137852,13.736469333333334,1.087777777777778,16.543895807758254,0
2023-04-04 00:00:00,14.778810607820683,15.55072,1.1488888888888888,16.490208112033326,0
2023-04-04 01:00:00,15.668991508216694,14.287224,1.2433333333333334,15.871799876700983,0
2023-04-04 02:00:00,16.73270366771948,14.967568,1.2950000000000002,17.388554846244478,0
2023-04-04 03:00:00,15.08443553240273,12.63496,1.278888888888889,16.184911914253863,0
2023-04-04 04:00:00,15.096258182171669,13.250509333333333,1.291111111111111,18.293625789385572,0
2023-04-04 05:00:00,15.71121786222018,15.453528,1.3077777777777777,17.956861353634288,1
2023-04-04 06:00:00,16.662935583404444,15.06476,1.3283333333333334,17.59478623018821,1
2023-04-04 07:00:00,16.028912018555157,14.514005333333335,1.3283333333333334,17.238023417553595,0
2023-04-04 08:00:00,15.411597945277707,14.546402666666667,1.4377777777777778,17.313360946809112,0
2023-04-04 09:00:00,16.496356358052996,15.032362666666666,1.4494444444444445,17.83723412460053,0
2023-04-04 10:00:00,15.424754776471326,13.930853333333333,1.3716666666666668,17.413341197665215,0
2023-04-04 11:00:00,15.532674140069668,14.028045333333333,1.3544444444444446,18.243650740466553,0
2023-04-04 12:00:00,17.049025525198022,12.375781333333334,1.3327777777777778,16.069919629475795,1
2023-04-04 13:00:00,14.385902970683745,11.339066666666668,1.2661111111111112,17.02542239567859,0
2023-04-04 14:00:00,14.0669302052734,10.269954666666667,1.196111111111111,17.2987243806635,1
2023-04-04 15:00:00,14.935952024197169,5.961109333333333,1.143888888888889,17.366374368154208,0
2023-04-04 16:00:00,12.438771507861054,6.835837333333333,1.1194444444444445,17.967635800344443,0
2023-04-04 17:00:00,15.60783585355712,12.408178666666666,1.1188888888888888,17.11608078565088,0
2023-04-04 18:00:00,12.976087867291264,13.412495999999999,1.0783333333333334,16.793403549998924,0
2023-04-04 19:00:00,16.628784742477162,13.023728,1.1205555555555555,17.37680916332149,0
2023-04-04 20:00:00,15.016740714342816,13.380098666666667,1.088888888888889,17.308279287064327,0
2023-04-04 21:00:00,15.686854733405283,14.416813333333332,1.0505555555555557,16.99060235244946,0
2023-04-04 22:00:00,15.055441256942116,12.084205333333331,1.015,16.922345478235027,1
2023-04-04 23:00:00,15.753075753371386,8.844472000000001,0.9472222222222223,18.655738431324075,0
2023-04-05 00:00:00,15.643865083279588,9.945981333333334,0.898888888888889,17.144520301233204,0
2023-04-05 01:00:00,14.345091898447071,10.431941333333333,0.8850000000000001,15.500769391037418,1
2023-04-05 02:00:00,13.723407188220342,10.367146666666667,0.826111111111111,16.56070348011508,0
2023-04-05 03:00:00,14.360798893860832,9.622008000000001,0.8338888888888888,17.785457433702714,0
2023-04-05 04:00:00,15.786753204957868,8.488101333333333,0.7994444444444445,18.32763667699484,0
2023-04-05 05:00:00,15.000617564968927,6.349877333333333,0.7511111111111112,18.11811489924055,0
2023-04-05 06:00:00,18.019981366136314,3.6608986666666667,0.77,18.2290563431119,0
2023-04-05 07:00:00,14.951263978178048,5.7667253333333335,0.7522222222222222,18.393553230048205,0
2023-04-05 08:00:00,13.818052590336888,6.9978240000000005,0.7466666666666667,18.446668151708334,0
2023-04-05 09:00:00,16.053636418702613,7.516181333333333,0.7388888888888889,16.97821079565036,0
2023-04-05 10:00:00,15.983862527970047,11.792629333333332,0.725,17.2155835114834,0
2023-04-05 11:00:00,16.328875969900093,12.019410666666666,0.7538888888888889,17.180924110526046,0
2023-04-05 12:00:00,15.703565132927174,12.602562666666666,0.8677777777777779,16.521425789569644,1
2023-04-05 13:00:00,15.24525677701982,16.425448,0.9461111111111111,18.005903772428123,0
2023-04-05 14:00:00,17.521229703656335,18.239698666666666,1.0844444444444445,16.36205437407149,1
2023-04-05 15:00:00,15.675105046470996,18.174904,1.2272222222222222,17.12193951682917,1
2023-04-05 16:00:00,17.330799832485663,18.272096,1.4511111111111112,16.505875723934942,0
2023-04-05 17:00:00,16.17854475037151,17.138189333333333,1.6205555555555555,17.804739542245752,0
2023-04-05 18:00:00,12.746967154251836,17.72134133333333,1.6738888888888888,18.132501038110785,0
2023-04-05 19:00:00,15.358971336384196,17.883328000000002,1.7316666666666667,16.190221107057052,0
2023-04-05 20:00:00,12.159867099356406,14.125237333333333,1.6555555555555557,17.67793595819338,0
2023-04-05 21:00:00,15.429029695980065,12.278589333333334,1.7005555555555556,17.875420803093693,0
2023-04-05 22:00:00,14.698843074686827,9.395226666666666,1.6588888888888889,17.551948556453514,1
2023-04-05 23:00:00,16.723566409454616,9.816392,1.651111111111111,15.964928954858976,0
2023-04-06 00:00:00,16.405841902254185,8.74728,1.6244444444444444,17.882730756606076,0
2023-04-06 01:00:00,14.870532992779724,6.544261333333334,1.4827777777777778,19.14085087711441,1
2023-04-06 02:00:00,15.207483418909526,10.788312,1.363888888888889,19.061389020396135,0
2023-04-06 03:00:00,12.977661411711665,10.658722666666668,1.3022222222222222,18.141923672295462,0
2023-04-06 04:00:00,15.248608771200855,11.241874666666668,1.3005555555555557,16.211705284982813,0
2023-04-06 05:00:00,14.255989109097762,10.755914666666667,1.2449999999999999,17.13402526668344,0
2023-04-06 06:00:00,15.923327544334265,12.278589333333334,1.2555555555555555,17.308487298751082,0
2023-04-06 07:00:00,16.589705767919458,14.384416,1.2838888888888889,17.14371812703966,0
2023-04-06 08:00:00,16.898428600994166,12.246192,1.398888888888889,17.440392009976772,0
2023-04-06 09:00:00,16.577618712230738,8.228922666666667,1.3911111111111112,18.355974863733696,0
2023-04-06 10:00:00,15.143599479608056,6.933029333333334,1.3666666666666665,18.249772413735105,0
2023-04-06 11:00:00,16.216756645825978,7.904949333333334,1.3022222222222222,18.21576424860032,0
2023-04-06 12:00:00,13.400110013292016,8.099333333333332,1.3566666666666667,18.003837171545097,0
2023-04-06 13:00:00,15.236225803021549,5.604738666666667,1.3733333333333333,19.336159046215297,0
2023-04-06 14:00:00,15.660235200646,6.576658666666667,1.31,19.339387552389933,0
2023-04-06 15:00:00,15.559981182491505,6.155493333333333,1.2594444444444444,19.34811830627037,0
2023-04-06 16:00:00,15.383280400961652,5.896314666666666,1.1955555555555555,17.45090924810295,0
2023-04-06 17:00:00,14.419203585651436,7.159810666666666,1.135,18.814890652887126,0
2023-04-06 18:00:00,15.172686397448944,8.585293333333334,1.176111111111111,18.78336741656663,0
2023-04-06 19:00:00,14.171000469386556,9.265637333333332,1.1277777777777778,17.670434190967615,0
2023-04-06 20:00:00,14.717614827749765,9.978378666666666,1.1155555555555556,18.288841556523224,0
2023-04-06 21:00:00,15.291206686439901,8.650088,1.0516666666666667,19.219939081422826,0
2023-04-06 22:00:00,16.120674574320276,7.224605333333333,1.0727777777777778,18.83250250136359,0
2023-04-06 23:00:00,14.41108723875312,6.414672,1.0444444444444445,18.656338800264553,0
2023-04-07 00:00:00,14.75593402996567,6.090698666666667,1.0566666666666666,18.579307998273805,0
2023-04-07 01:00:00,13.250506886003228,6.576658666666667,1.01,18.250172498692987,0
2023-04-07 02:00:00,14.613928650137836,6.641453333333334,1.0577777777777777,16.8757977124635,0
2023-04-07 03:00:00,13.883110954093752,8.844472000000001,0.9744444444444444,18.47758231282575,0
2023-04-07 04:00:00,13.601853254727134,10.302352,0.9055555555555556,17.67953533397069,0
2023-04-07 05:00:00,15.707572624013856,12.505370666666666,0.875,17.585674498732235,0
2023-04-07 06:00:00,15.91169499701389,7.257002666666668,0.8405555555555555,18.827341421088914,0
2023-04-07 07:00:00,15.631499556245053,1.9762373333333334,0.785,18.676936082193013,1
2023-04-07 08:00:00,14.129940202823192,5.993506666666666,0.7799999999999999,17.524525614156627,0
2023-04-07 09:00:00,14.126986302492453,10.431941333333333,0.7533333333333333,18.309378950876205,0
2023-04-07 10:00:00,15.624526413301668,7.030221333333333,0.7833333333333333,17.618031274481,0
2023-04-07 11:00:00,14.597027540125945,9.492418666666667,0.7661111111111111,18.29511638877138,0
2023-04-07 12:00:00,17.142356366814386,12.861741333333335,0.7672222222222222,17.65889037179602,0
2023-04-07 13:00:00,15.150424923504017,14.190032,0.8361111111111111,16.82611507905079,0
2023-04-07 14:00:00,15.436299344132534,11.565848,0.835,18.91368439720107,0
2023-04-07 15:00:00,13.435514914673314,7.030221333333333,0.7805555555555556,18.57067963736151,0
2023-04-07 16:00:00,14.89246420890413,7.516181333333333,0.7288888888888888,18.99692616076965,0
2023-04-07 17:00:00,14.217526814254812,10.172762666666666,0.67,18.28318525841785,0
2023-04-07 18:00:00,13.554707943110811,9.978378666666666,0.6594444444444444,18.07657922354142,0
2023-04-07 19:00:00,14.086728426401194,9.298034666666666,0.6238888888888888,18.715472018997904,0
2023-04-07 20:00:00,15.651760977397435,10.69112,0.6127777777777778,17.199322435199694,0
2023-04-07 21:00:00,14.715997388951044,9.881186666666666,0.5988888888888889,18.03855470255137,0
2023-04-07 22:00:00,15.096401909042603,9.978378666666666,0.6472222222222223,17.73423099012115,0
2023-04-07 23:00:00,15.039672679682512,10.334749333333333,0.655,18.180643883293865,1
2023-04-08 00:00:00,12.671818250604973,12.440576,0.6555555555555556,17.004262410912226,0
2023-04-08 01:00:00,16.54579753111288,16.182468,0.7333333333333334,15.960813867741512,0
2023-04-08 02:00:00,17.124031951577425,13.639277333333334,0.7744444444444444,17.351883004351457,1
2023-04-08 03:00:00,13.95556386033544,14.870376,0.7594444444444445,15.704667211019649,0
2023-04-08 04:00:00,14.957905396335056,15.032362666666666,0.8088888888888889,16.868048556510875,0
2023-04-08 05:00:00,13.864716671651905,14.643594666666667,0.8227777777777777,16.370875188717008,0
2023-04-08 06:00:00,11.946497385307874,15.777501333333333,0.8583333333333334,16.693853015517863,0
2023-04-08 07:00:00,15.613080273265325,17.397368,0.9755555555555556,16.20186149787835,0
2023-04-08 08:00:00,16.950973912710246,17.138189333333333,1.0561111111111112,17.471318607736077,0
2023-04-08 09:00:00,14.639290594522512,16.393050666666664,1.0433333333333332,17.11047005892519,0
2023-04-08 10:00:00,15.12865130386016,16.295858666666664,1.123888888888889,15.350116990431681,0
2023-04-08 11:00:00,13.1856839055786,16.03668,1.0233333333333334,16.39963802526566,0
2023-04-08 12:00:00,14.7234087314542,15.421130666666665,0.995,17.542015249722144,0
2023-04-08 13:00:00,15.737754740337566,13.833661333333334,0.9327777777777778,17.662457673124106,0
2023-04-08 14:00:00,14.528413946787998,12.472973333333334,0.8622222222222223,16.736558748575742,0
2023-04-08 15:00:00,15.84287496194832,10.917901333333333,0.69,18.725790316565202,0
2023-04-08 16:00:00,16.056321959569395,8.747279999999998,0.6261111111111112,18.39581340450175,0
2023-04-08 17:00:00,14.867982208087142,7.2894000000000005,0.5344444444444445,17.95958581532432,0
2023-04-08 18:00:00,15.90430168857499,3.434117333333333,0.5033333333333333,19.11720411602961,0
2023-04-08 19:00:00,14.26343222008847,1.360688,0.47055555555555556,19.120177034084424,0
2023-04-08 20:00:00,14.305875239051181,3.1749386666666664,0.4405555555555556,19.745514972115537,0
2023-04-08 21:00:00,12.283139379742485,6.738645333333333,0.3955555555555555,17.68548362859172,0
2023-04-08 22:00:00,15.524773215418051,8.552895999999999,0.3666666666666667,17.888634986887634,0
2023-04-08 23:00:00,13.326291773439275,9.816392,0.4083333333333334,18.011095310093875,0
2023-04-09 00:00:00,13.529735275285006,9.945981333333334,0.43222222222222223,18.339480456416016,0
2023-04-09 01:00:00,14.28480776709157,9.395226666666668,0.46888888888888886,18.325046143747098,0
2023-04-09 02:00:00,15.466287281790565,8.390909333333333,0.4777777777777778,19.642856853849377,0
2023-04-09 03:00:00,14.082255787814782,6.965426666666667,0.4494444444444445,18.375880592878442,0
2023-04-09 04:00:00,15.945265365955931,6.31748,0.4161111111111111,18.76419700466024,0
2023-04-09 05:00:00,15.294401499571945,5.280765333333334,0.3955555555555556,18.854700108084284,0
2023-04-09 06:00:00,13.123539311368377,5.507546666666666,0.3788888888888889,18.383849240190035,0
2023-04-09 07:00:00,17.142047483528845,7.030221333333333,0.3605555555555555,18.08028314653044,0
2023-04-09 08:00:00,14.581844352423259,8.423306666666667,0.36944444444444446,16.874639020390926,0
2023-04-09 09:00:00,15.35626459406582,7.192208,0.3755555555555556,18.897609363623697,0
2023-04-09 10:00:00,14.152571899604844,6.933029333333334,0.3961111111111111,18.865859234992012,0
2023-04-09 11:00:00,15.752663567078768,7.6457706666666665,0.405,18.069972929200702,0
2023-04-09 12:00:00,13.585084578583874,10.593928,0.4177777777777778,18.012013599603534,0
2023-04-09 13:00:00,14.762695353885954,13.963250666666667,0.5122222222222222,16.74442032712719,0
2023-04-09 14:00:00,15.151547493132712,14.416813333333335,0.6694444444444444,16.715060035117297,0
2023-04-09 15:00:00,14.086343409875845,15.323938666666669,0.8516666666666667,16.11863656142926,0
2023-04-09 16:00:00,15.949962617084344,15.323938666666665,0.9183333333333333,18.173346242076946,0
2023-04-09 17:00:00,14.758211174391922,14.352018666666666,0.9700000000000001,16.134602525942604,0
2023-04-09 18:00:00,14.673186784936647,12.63496,1.0027777777777778,17.493566129937772,0
2023-04-09 19:00:00,14.086695195652844,11.889821333333336,1.0094444444444444,18.31195503624691,0
2023-04-09 20:00:00,15.653246352521206,10.561530666666666,0.9694444444444444,17.905430460267528,0
2023-04-09 21:00:00,15.287906688816513,9.7192,0.9211111111111112,18.541919176557595,0
2023-04-09 22:00:00,14.345575188135811,9.622008000000001,0.8927777777777778,17.48566270013459,0
2023-04-09 23:00:00,14.106229421915083,8.941664000000001,0.8577777777777778,18.77613573414347,0
2023-04-10 00:00:00,15.11302059482653,9.913584,0.8644444444444445,18.0967591342951,0
2023-04-10 01:00:00,14.583452435245832,11.241874666666668,0.8972222222222223,18.174799209343984,0
2023-04-10 02:00:00,15.500859259090262,9.686802666666667,0.9122222222222223,18.553671719592863,0
2023-04-10 03:00:00,16.3144183638496,7.548578666666667,0.9172222222222222,17.945879427450585,0
2023-04-10 04:00:00,16.125825127415215,6.382274666666667,0.9172222222222223,18.49925921352859,0
2023-04-10 05:00:00,12.536204658222635,5.928712000000001,0.9166666666666666,19.32157022779204,0
2023-04-10 06:00:00,15.693186055065999,5.313162666666667,0.8794444444444444,18.026833749111788,0
2023-04-10 07:00:00,13.699952895035409,5.799122666666666,0.8622222222222221,19.158332706501692,0
2023-04-10 08:00:00,15.177807088123174,6.835837333333333,0.8972222222222223,17.43893724494573,0
2023-04-10 09:00:00,11.824345438582796,7.030221333333333,0.8727777777777778,17.6266137290598,0
2023-04-10 10:00:00,15.28374856253859,7.872552,0.8677777777777779,19.19415526103658,0
2023-04-10 11:00:00,14.615648727602297,7.742962666666666,0.8522222222222222,18.645013592582185,0
2023-04-10 12:00:00,15.348038462461814,8.585293333333333,0.875,18.11173462691354,0
2023-04-10 13:00:00,16.290006304716638,9.654405333333333,0.915,16.884288702747856,0
2023-04-10 14:00:00,15.219196189144354,9.913584,0.8911111111111111,17.320197328121,0
2023-04-10 15:00:00,14.576599763495702,10.075570666666666,0.9550000000000001,18.531788066096095,0
2023-04-10 16:00:00,16.519755241747756,11.047490666666667,0.9361111111111112,17.91668691071516,0
2023-04-10 17:00:00,15.434299298676939,11.598245333333333,0.9500000000000001,16.794172964959493,0
2023-04-10 18:00:00,14.622992119360156,12.213794666666667,0.9833333333333334,18.108396952956838,0
2023-04-10 19:00:00,14.311648973437954,12.764549333333333,1.0327777777777778,18.519270344656178,0
2023-04-10 20:00:00,15.77299101754602,13.930853333333333,1.0444444444444445,17.258823699148724,0
2023-04-10 21:00:00,16.741068047529545,14.481608000000001,1.1244444444444446,17.262928456303538,0
2023-04-10 22:00:00,15.975587525939657,14.870376,1.1655555555555555,17.253353052913667,1
2023-04-10 23:00:00,14.47809631179958,14.870376,1.1788888888888889,18.150295904427555,0
2023-04-11 00:00:00,15.026211640466201,15.259144,1.2527777777777778,16.794607881547297,0
2023-04-11 01:00:00,15.967204090486002,14.999965333333334,1.2827777777777778,17.719537383807896,0
2023-04-11 02:00:00,15.19536687558967,15.874693333333333,1.358888888888889,17.34971552350578,0
2023-04-11 03:00:00,14.131437961340668,15.745104,1.3811111111111112,14.701410308804752,0
2023-04-11 04:00:00,15.734126485266193,14.675992,1.4511111111111112,16.216368833429488,1
2023-04-11 05:00:00,15.401946876894014,14.254826666666668,1.3966666666666667,16.562572176996593,0
2023-04-11 06:00:00,15.223918055823608,14.190032,1.3216666666666668,18.180751381563514,0
2023-04-11 07:00:00,13.876657036733349,13.963250666666667,1.2833333333333334,16.882865826217895,0
2023-04-11 08:00:00,14.339632846789177,14.125237333333333,1.1944444444444444,17.255570952299838,0
2023-04-11 09:00:00,15.852922544393946,14.028045333333333,1.2555555555555555,17.157354478853925,0
2023-04-11 10:00:00,13.536455183852624,13.315304,1.2616666666666667,18.373656798330234,0
2023-04-11 11:00:00,14.075845053861164,12.796946666666665,1.2044444444444444,17.660524671505602,0
2023-04-11 12:00:00,13.992197776686858,12.861741333333333,1.2283333333333333,18.750021616423286,0
2023-04-11 13:00:00,14.314094915566065,12.019410666666667,1.1733333333333333,17.48544177204919,1
2023-04-11 14:00:00,15.092759836926872,10.496736,1.0972222222222223,17.628923324572714,0
2023-04-11 15:00:00,14.34874844702184,11.177079999999998,1.1055555555555554,17.36426998116298,1
2023-04-11 16:00:00,14.699273128052042,13.153317333333334,1.1116666666666666,18.232985038502925,0
2023-04-11 17:00:00,14.3787847814418,13.12092,1.1094444444444445,17.923149749380766,0
2023-04-11 18:00:00,16.86709627451116,13.606879999999999,1.0577777777777777,16.732037890077965,0
2023-04-11 19:00:00,15.690599998203773,15.939487999999999,1.105,16.960764924867018,1
2023-04-11 20:00:00,14.49703306801982,17.332573333333332,1.263888888888889,15.177136059707422,0
2023-04-11 21:00:00,14.743901434663867,18.369288,1.3205555555555557,16.389577721161164,0
2023-04-11 22:00:00,14.67155283488899,19.276413333333334,1.4544444444444444,16.74211706100664,0
2023-04-11 23:00:00,15.761289709515351,19.30881066666667,1.5555555555555556,17.158605516907738,0
2023-04-12 00:00:00,14.376419398673415,19.179221333333334,1.6222222222222225,16.357242516228364,0
2023-04-12 01:00:00,14.901298019594686,18.110109333333334,1.7077777777777776,15.552141980638089,1
2023-04-12 02:00:00,16.523588186786423,18.498877333333333,1.6283333333333332,16.105821138986737,0
2023-04-12 03:00:00,16.709537964611158,18.660864,1.547777777777778,16.3228602664095,1
2023-04-12 04:00:00,16.69717637544329,18.174904,1.6088888888888888,16.631699429140486,0
2023-04-12 05:00:00,14.995096067131476,17.26777866666667,1.501111111111111,16.569361184664103,1
2023-04-12 06:00:00,16.04746936090344,16.587434666666667,1.5066666666666666,15.335859745588865,0
2023-04-12 07:00:00,15.759990537045553,16.263461333333332,1.4905555555555556,16.190897571896667,1
2023-04-12 08:00:00,19.254314076366665,15.647912,1.4566666666666668,16.499005425871072,1
2023-04-12 09:00:00,16.274908818835527,14.805581333333334,1.4766666666666666,16.725374913473903,0
2023-04-12 10:00:00,15.473285223260028,15.583117333333334,1.43,16.013662373201388,0
2023-04-12 11:00:00,14.476410440904019,15.032362666666666,1.405,18.337048340840415,0
2023-04-12 12:00:00,13.064111631210524,13.282906666666667,1.3911111111111112,15.123498959868249,0
2023-04-12 13:00:00,14.930227190421489,13.509687999999999,1.3394444444444444,15.285913185474021,0
2023-04-12 14:00:00,14.464877055204957,13.023728,1.2905555555555557,16.50934464638645,0
2023-04-12 15:00:00,15.197002911130845,12.084205333333335,1.2577777777777779,18.03630684387195,0
2023-04-12 16:00:00,14.691260507969638,9.492418666666667,1.125,18.55752560261133,0
2023-04-12 17:00:00,16.54234376880229,11.112285333333332,1.1416666666666666,18.63759551883925,0
2023-04-12 18:00:00,15.185601958269167,12.667357333333333,1.0705555555555557,17.284192588807468,0
2023-04-12 19:00:00,14.580241048514344,14.967568,1.0516666666666667,15.683954401422334,0
2023-04-12 20:00:00,15.767558530144589,14.514005333333335,1.0450000000000002,16.27152179993307,0
2023-04-12 21:00:00,13.2689729731324,13.704072000000002,1.02,17.486652092952657,0
2023-04-12 22:00:00,15.704162550248242,11.987013333333335,0.9961111111111111,19.033717873147335,0
2023-04-12 23:00:00,14.677273767459633,12.796946666666665,0.9994444444444444,17.707351912485716,0
2023-04-13 00:00:00,15.254812967586005,12.408178666666666,1.0127777777777778,17.322505930853882,0
2023-04-13 01:00:00,15.266364496745593,10.302352,0.9888888888888889,18.199535879962013,0
2023-04-13 02:00:00,15.519526941626587,9.362829333333332,0.9916666666666667,19.343906112285122,0
2023-04-13 03:00:00,16.1038108774551,9.848789333333334,0.9788888888888888,18.96318518224523,0
2023-04-13 04:00:00,14.4759615964597,11.468656000000001,0.9688888888888889,16.723801240643574,1
2023-04-13 05:00:00,17.83812302880366,10.626325333333334,0.9055555555555556,18.296995608627256,0
2023-04-13 06:00:00,13.749195917216534,9.23324,0.8994444444444444,18.17421386693796,0
2023-04-13 07:00:00,14.987080527056543,7.807757333333334,0.8994444444444444,18.10370015202778,0
2023-04-13 08:00:00,16.145885477610175,6.965426666666667,0.9283333333333333,17.147694197954063,0
2023-04-13 09:00:00,16.354600433587994,6.933029333333334,0.8966666666666666,18.218547318669703,0
2023-04-13 10:00:00,14.63752615014724,6.576658666666667,0.8905555555555557,19.201427208936714,0
2023-04-13 11:00:00,13.327935826203285,6.933029333333334,0.855,18.300136226724916,0
2023-04-13 12:00:00,14.153004211685216,7.354194666666667,0.8416666666666667,18.561665474767675,0
2023-04-13 13:00:00,14.750635607032079,7.904949333333334,0.8155555555555556,17.80391950625277,0
2023-04-13 14:00:00,14.073365022494487,8.423306666666667,0.8338888888888888,18.35765032439151,0
2023-04-13 15:00:00,15.23920027022134,7.710565333333332,0.8155555555555556,17.19060311791367,0
2023-04-13 16:00:00,16.022795925477897,8.682485333333334,0.8194444444444445,18.234946207904724,0
2023-04-13 17:00:00,15.47108666050282,9.298034666666666,0.79,16.77812063532477,0
2023-04-13 18:00:00,14.905051355462781,10.529133333333334,0.8155555555555556,19.141676406777766,1
2023-04-13 19:00:00,12.469006276773015,11.177079999999998,0.7533333333333333,18.461980316410003,0
2023-04-13 20:00:00,15.494518021426183,11.954616000000001,0.7216666666666667,16.657600260534153,0
2023-04-13 21:00:00,14.4128852852971,12.991330666666665,0.7477777777777778,17.234689744959162,0
2023-04-13 22:00:00,14.136389435384835,13.833661333333332,0.7661111111111111,17.765076752343116,0
2023-04-13 23:00:00,14.322418398774872,16.069077333333333,0.8316666666666667,16.515877805689854,0
2023-04-14 00:00:00,15.867616983896447,17.300176,0.9527777777777778,16.69590433321899,1
2023-04-14 01:00:00,14.117938145155376,15.453528,0.976111111111111,16.48661001763455,1
2023-04-14 02:00:00,14.945009592995566,14.222429333333332,1.0,17.419772484260847,0
2023-04-14 03:00:00,14.659144777179847,12.764549333333333,1.0527777777777778,17.596971117792375,0
2023-04-14 04:00:00,18.05697387527381,11.177079999999998,1.006111111111111,16.40664448118276,0
2023-04-14 05:00:00,15.569006798298838,11.015093333333333,0.9538888888888889,18.625594262506784,0
2023-04-14 06:00:00,15.836542921868109,10.950298666666667,0.9500000000000001,17.54920885762957,0
2023-04-14 07:00:00,13.393390488356482,9.881186666666666,0.9194444444444444,17.261645782168813,0
2023-04-14 08:00:00,15.69445145914031,9.362829333333334,0.8372222222222222,18.04724415812291,0
2023-04-14 09:00:00,14.267076837878996,10.075570666666666,0.8116666666666666,17.859001503284066,0
2023-04-14 10:00:00,14.155883280853965,10.853106666666667,0.7577777777777778,17.190261766008444,0
2023-04-14 11:00:00,15.392759522558025,10.269954666666665,0.75,17.96140551716695,0
2023-04-14 12:00:00,14.576640819978573,10.237557333333333,0.7866666666666666,16.613496404949114,1
2023-04-14 13:00:00,16.30390314753274,9.006458666666667,0.7661111111111111,18.39066301032986,0
2023-04-14 14:00:00,13.914568371634019,7.9697439999999995,0.7766666666666667,18.03194748647726,0
2023-04-14 15:00:00,14.613394438181496,8.034538666666666,0.7944444444444444,18.754139786392457,0
2023-04-14 16:00:00,14.465652121611553,8.682485333333334,0.8711111111111111,18.248163383909056,0
2023-04-14 17:00:00,13.318756912831182,10.010776,0.8444444444444444,17.21615897771815,0
2023-04-14 18:00:00,14.43907817812835,11.954616000000001,0.8911111111111111,17.484902935085838,0
2023-04-14 19:00:00,15.74912191993768,13.056125333333334,0.9888888888888889,17.911771803264255,1
2023-04-14 20:00:00,17.343565796735444,12.116602666666667,0.9966666666666667,16.655537167391923,0
2023-04-14 21:00:00,15.093359502071138,13.768866666666668,1.0427777777777778,17.08616014387611,0
2023-04-14 22:00:00,16.4421606842204,14.578800000000001,1.0683333333333334,16.88999319394996,0
2023-04-14 23:00:00,15.501360998071734,14.416813333333332,1.1272222222222223,18.068992430429606,0
2023-04-15 00:00:00,15.865166980921472,13.704072000000002,1.16,17.770380173610015,0
2023-04-15 01:00:00,16.58825005509802,14.319621333333332,1.2205555555555556,18.137784198813094,0
2023-04-15 02:00:00,15.44621703465778,14.643594666666667,1.2366666666666666,16.414852484683976,1
2023-04-15 03:00:00,15.812532718920453,15.161952,1.301111111111111,17.49723214745917,0
2023-04-15 04:00:00,13.335494414186106,12.310986666666667,1.2216666666666667,17.421427818027812,0
2023-04-15 05:00:00,13.411484782134549,10.982695999999999,1.0711111111111111,18.52652029517476,0
2023-04-15 06:00:00,16.635382534580778,14.190032,1.0655555555555556,18.03213334257384,0
2023-04-15 07:00:00,15.961806913470397,10.269954666666667,0.9783333333333334,17.57698121261643,0
2023-04-15 08:00:00,15.345769651950604,7.030221333333333,0.9066666666666667,19.031522603305593,0
2023-04-15 09:00:00,13.004615808991154,3.3693226666666667,0.8505555555555556,19.472515949368827,0
2023-04-15 10:00:00,15.402867725619915,4.600421333333333,0.8055555555555555,18.039001089619557,0
2023-04-15 11:00:00,14.712751003002909,6.025904000000001,0.7194444444444444,18.51103072654998,0
2023-04-15 12:00:00,15.78544957993789,4.827202666666667,0.6933333333333334,18.067932204379996,0
2023-04-15 13:00:00,17.23392006724302,4.891997333333333,0.6516666666666667,18.70728521406549,0
2023-04-15 14:00:00,19.732099595434637,6.609056,0.6022222222222222,17.50698885497162,0
2023-04-15 15:00:00,13.837982719777832,7.3217973333333335,0.5822222222222222,18.145669711875478,0
2023-04-15 16:00:00,13.881732909497053,8.390909333333333,0.5727777777777777,17.114174199438246,0
2023-04-15 17:00:00,15.218616121702853,7.775359999999999,0.5544444444444445,18.080611334650907,0
2023-04-15 18:00:00,14.233798006757928,7.6457706666666665,0.5461111111111111,18.197262335715777,0
2023-04-15 19:00:00,16.515013456010795,7.030221333333333,0.5411111111111112,17.806173588080934,1
2023-04-15 20:00:00,16.1819096809343,8.876869333333334,0.548888888888889,17.83472292684696,0
2023-04-15 21:00:00,14.388710053805582,9.913584,0.5911111111111111,18.64448951339809,0
2023-04-15 22:00:00,13.2264139689312,7.386592,0.6605555555555556,18.641177423368035,0
2023-04-15 23:00:00,15.643763923544652,2.8509653333333334,0.7105555555555556,18.75994779375365,0
2023-04-16 00:00:00,15.793802426141404,2.656581333333333,0.7677777777777778,19.601490428418646,0
2023-04-16 01:00:00,14.642671838524642,5.83152,0.8355555555555556,19.076188713324324,0
2023-04-16 02:00:00,14.447996818655843,6.835837333333333,0.9088888888888889,18.381593215211836,0
2023-04-16 03:00:00,15.251487625428659,4.989189333333333,0.9361111111111112,17.803326104709317,0
2023-04-16 04:00:00,16.183067526317203,3.7256933333333335,0.8727777777777778,19.5863726289513,0
2023-04-16 05:00:00,14.893928190228804,7.678167999999999,0.9199999999999999,17.1134736321093,0
2023-04-16 06:00:00,14.375043459802574,5.34556,0.8827777777777778,18.844224565984398,0
2023-04-16 07:00:00,14.59433939630157,4.924394666666667,0.9261111111111111,18.40736926647098,0
2023-04-16 08:00:00,14.285918621773583,1.7170586666666667,0.8777777777777778,19.027869616789598,0
2023-04-16 09:00:00,14.365992646905847,0.7451386666666666,0.8938888888888888,19.251468644522625,0
2023-04-16 10:00:00,14.231463379728025,1.0691119999999998,0.8794444444444444,18.39686109944644,0
2023-04-16 11:00:00,14.59363918807408,1.069112,0.9216666666666667,19.327500022936878,0
2023-04-16 12:00:00,14.535493711906701,2.4621973333333336,0.89,19.071841516353818,0
2023-04-16 13:00:00,12.65199393507497,1.0853106666666668,0.8994444444444444,19.10198917681117,0
2023-04-16 14:00:00,13.06351944157857,2.7861706666666666,0.9283333333333333,19.197057823669326,0
2023-04-16 15:00:00,14.927347096243878,0.06479466666666667,0.9405555555555555,19.1920802687203,0
2023-04-16 16:00:00,14.64197620434365,3.2397333333333336,0.8933333333333334,19.49468452426595,0
2023-04-16 17:00:00,17.66686019393472,3.0129520000000003,0.9727777777777779,18.519190396289396,0
2023-04-16 18:00:00,15.895621061012463,1.6198666666666668,0.976111111111111,19.47751393883729,0
2023-04-16 19:00:00,16.974684656130815,2.7861706666666666,1.0027777777777778,18.998665934864906,0
2023-04-16 20:00:00,15.435514730615319,5.313162666666667,1.0405555555555557,18.122868011046098,0
2023-04-16 21:00:00,15.009362683739417,8.099333333333334,1.0366666666666668,17.90542452098207,0
2023-04-16 22:00:00,15.149002128243831,9.330432,0.9772222222222222,17.691055768923807,0
2023-04-16 23:00:00,16.718735264828787,9.557213333333333,0.9683333333333333,18.19333549934403,0
2023-04-17 00:00:00,16.111261880165703,9.492418666666667,0.9377777777777778,17.293362315650725,0
2023-04-17 01:00:00,13.632170071638605,9.945981333333334,0.965,19.055954312192977,0
2023-04-17 02:00:00,12.900554453890146,9.168445333333333,0.9783333333333334,17.57393019443117,0
2023-04-17 03:00:00,14.231508465752542,8.066936,0.8994444444444444,17.33591326213596,0
2023-04-17 04:00:00,15.23661584993428,8.74728,0.8244444444444444,17.91497486069129,0
2023-04-17 05:00:00,15.829945121860638,8.358512,0.805,17.896449070605343,0
2023-04-17 06:00:00,14.61265609233869,8.293717333333333,0.8088888888888889,17.47819986722037,0
2023-04-17 07:00:00,13.995763327347921,6.9978240000000005,0.8238888888888889,18.723535592418568,0
2023-04-17 08:00:00,13.130814314943732,6.900632000000001,0.8738888888888888,19.111444762119664,0
2023-04-17 09:00:00,14.520333271610637,6.965426666666667,0.8811111111111112,18.17218682949789,0
2023-04-17 10:00:00,14.843405480109015,7.030221333333333,0.8477777777777779,18.576844587959474,0
2023-04-17 11:00:00,15.310093765118483,6.900632000000001,0.8394444444444443,18.424331684282894,0
2023-04-17 12:00:00,14.411357135670945,6.771042666666666,0.7972222222222222,18.380358950277653,0
2023-04-17 13:00:00,14.959561095311699,5.34556,0.7838888888888889,18.222647668997617,0
2023-04-17 14:00:00,14.95388299520812,4.146858666666667,0.765,18.807776537079718,0
2023-04-17 15:00:00,13.124118606108615,10.205160000000001,0.7711111111111112,18.272465589171457,0
2023-04-17 16:00:00,16.85595682137048,11.922218666666666,0.7488888888888888,18.368584814067788,0
2023-04-17 17:00:00,15.661270833390368,10.367146666666667,0.7544444444444444,16.951995919630424,1
2023-04-17 18:00:00,14.838905087711579,7.159810666666668,0.7561111111111112,19.136307827529873,0
2023-04-17 19:00:00,14.244765240514814,5.604738666666666,0.735,19.623678633741008,0
2023-04-17 20:00:00,15.266919557346815,5.961109333333333,0.7561111111111112,19.046515261460687,0
2023-04-17 21:00:00,16.00629514611546,7.483784,0.785,17.992748237820415,0
2023-04-17 22:00:00,15.418500117746325,8.164128,0.8038888888888889,19.18442574122889,0
2023-04-17 23:00:00,14.810063646645359,9.23324,0.8472222222222223,18.822400526404504,0
2023-04-18 00:00:00,14.836177425653352,9.6803232,1.0596666666666668,17.930952556769228,0
2023-04-18 01:00:00,15.634618094417867,9.96218,1.2983333333333333,17.840366201877092,0
2023-04-18 02:00:00,14.711089976215412,12.149000000000001,1.2755555555555556,18.105487991605276,0
2023-04-18 03:00:00,12.572587016578057,12.149000000000001,1.31,16.804570007838315,0
2023-04-18 04:00:00,16.508821645020266,15.097157333333334,1.298888888888889,16.412931435854432,0
2023-04-18 05:00:00,15.537862428477439,17.526957333333332,1.4266666666666667,14.994330641392063,0
2023-04-18 06:00:00,14.534410748657864,16.166269333333332,1.6683333333333332,16.751379550205716,0
2023-04-18 07:00:00,16.038639857070056,16.684626666666666,1.6794444444444443,16.024852295128692,0
2023-04-18 08:00:00,13.927447043423983,16.101474666666665,1.545,17.48986008073086,0
2023-04-18 09:00:00,14.517662377874023,16.166269333333332,1.5244444444444445,17.02926752667449,0
2023-04-18 10:00:00,14.466286400149853,13.930853333333333,1.412222222222222,16.69960144258066,0
2023-04-18 11:00:00,14.399483696859178,13.736469333333334,1.3,15.546785019920728,0
2023-04-18 12:00:00,14.827894908060626,12.764549333333333,1.2966666666666666,17.31207903906558,0
2023-04-18 13:00:00,14.571122630803854,11.144682666666666,1.2316666666666667,17.63268605754324,0
2023-04-18 14:00:00,14.017905231155211,11.598245333333333,1.1688888888888889,17.93212186156596,0
2023-04-18 15:00:00,14.157376227381123,14.190032,1.1322222222222222,15.656238017844357,0
2023-04-18 16:00:00,15.789852793922014,16.52264,1.2277777777777776,16.689198718155456,0
2023-04-18 17:00:00,14.399374791383428,11.339066666666668,1.3772222222222223,17.959673571140627,0
2023-04-18 18:00:00,15.283375353391014,7.9373466666666666,1.3016666666666667,19.13081171117219,0
2023-04-18 19:00:00,13.720569382279892,8.779677333333334,1.3355555555555556,17.748756005019274,0
2023-04-18 20:00:00,15.896616120469034,8.26132,1.2961111111111112,17.836869159581074,0
2023-04-18 21:00:00,15.822493539008432,9.978378666666666,1.2861111111111112,16.87404882973598,0
2023-04-18 22:00:00,13.668122790561092,11.177079999999998,1.2061111111111111,18.422647126734233,0
2023-04-18 23:00:00,14.16918307503659,13.250509333333333,1.2405555555555556,15.400975790311342,0
2023-04-19 00:00:00,12.801822283205103,17.170586666666665,1.327222222222222,15.918929870217573,1
2023-04-19 01:00:00,13.954916050119207,20.021552,1.4166666666666665,15.585204812754673,1
2023-04-19 02:00:00,15.939005885136645,19.146824,1.5194444444444446,16.022925031869224,0
2023-04-19 03:00:00,14.040247765795883,18.304493333333333,1.4855555555555557,17.018965503778627,1
2023-04-19 04:00:00,15.544026237207804,14.805581333333334,1.3394444444444444,17.800590562056232,0
2023-04-19 05:00:00,15.475008342037432,13.736469333333332,1.1844444444444444,18.01899327348849,0
2023-04-19 06:00:00,15.26571293114842,11.258073333333334,1.0694444444444444,16.60473207181295,0
2023-04-19 07:00:00,14.298198619904097,10.755914666666667,0.9466666666666667,18.247419544760877,0
2023-04-19 08:00:00,14.410661970191455,10.820709333333333,0.8611111111111112,19.014690541199627,0
2023-04-19 09:00:00,13.862626007294631,12.505370666666666,0.8405555555555555,16.795278989513843,1
2023-04-19 10:00:00,13.532909562157712,15.647912,0.8233333333333334,15.56211868718811,0
2023-04-19 11:00:00,16.496615494759027,17.073394666666665,0.9261111111111111,17.125896921437732,1
2023-04-19 12:00:00,15.225726067419215,18.045314666666666,1.1116666666666666,17.280069160308702,0
2023-04-19 13:00:00,13.306294832966259,17.364970666666668,1.2049999999999998,16.47970682596669,0
2023-04-19 14:00:00,14.058888699966571,15.097157333333334,1.1433333333333333,17.12227108579155,0
2023-04-19 15:00:00,13.784068111238202,15.356335999999999,0.9866666666666667,17.494908866318013,0
2023-04-19 16:00:00,14.459038066454196,16.555037333333335,0.9550000000000001,16.15065447959293,0
2023-04-19 17:00:00,14.777265816853701,14.546402666666665,0.9844444444444443,16.72455406916863,0
2023-04-19 18:00:00,14.309581862061252,10.626325333333334,0.9283333333333333,17.763993886774546,0
2023-04-19 19:00:00,16.64247409521278,4.794805333333334,0.8044444444444445,19.288359874198346,0
2023-04-19 20:00:00,15.081471809061357,4.5356266666666665,0.6822222222222223,18.729208555809112,0
2023-04-19 21:00:00,14.634547908041384,10.982695999999999,0.5627777777777778,18.621394304536366,0
2023-04-19 22:00:00,14.303676733211361,14.740786666666667,0.5288888888888889,17.081713062981702,0
2023-04-19 23:00:00,14.766233482328992,15.032362666666666,0.5880555555555556,17.73888837869867,0
2023-04-20 00:00:00,16.554037641025314,14.190032,0.6266666666666666,16.8698263934604,0
2023-04-20 01:00:00,14.733214228295791,14.028045333333333,0.6561111111111112,18.228612966054236,0
2023-04-20 02:00:00,16.734265154597942,11.598245333333333,0.6994444444444444,18.77848409348607,0
2023-04-20 03:00:00,15.400096395391108,8.358512,0.6933333333333334,18.948705045724765,0
2023-04-20 04:00:00,13.982388167138978,1.2958933333333333,0.645,19.12102466838145,0
2023-04-20 05:00:00,15.165185419036979,1.1339066666666666,0.6144444444444445,19.369361556300287,0
2023-04-20 06:00:00,15.595746487868318,3.110144,0.6838888888888889,19.06082855965865,0
2023-04-20 07:00:00,15.16777209119826,7.9373466666666666,0.7033333333333333,18.616894931839116,0
2023-04-20 08:00:00,16.717610122565638,13.12092,0.7616666666666667,16.697057285722337,0
2023-04-20 09:00:00,16.28163495630246,13.218112,0.8355555555555556,16.8286780177678,0
2023-04-20 10:00:00,13.929998087038458,13.736469333333334,0.8716666666666667,16.501272984536143,1
2023-04-20 11:00:00,13.394347321011749,13.736469333333334,0.8972222222222223,18.181499625642797,0
2023-04-20 12:00:00,13.16889803184049,12.213794666666667,0.8111111111111112,17.044766301393132,0
2023-04-20 13:00:00,15.493391737497484,12.051808000000001,0.7877777777777778,15.899215958471009,0
2023-04-20 14:00:00,15.409111013681885,12.2850688,0.7606666666666666,16.47321016839783,0
2023-04-20 15:00:00,15.130399784171468,9.427624,0.7172222222222221,16.93067570464125,0
2023-04-20 16:00:00,14.260999429638483,5.7343280000000005,0.6761111111111111,18.08352116167791,0
2023-04-20 17:00:00,14.092870497999167,7.095016,0.6394444444444445,19.61858202019658,0
2023-04-20 18:00:00,14.607572657886413,7.742962666666666,0.6116666666666667,18.095993239699247,0
2023-04-20 19:00:00,15.600605884557295,7.062618666666666,0.6172222222222222,16.670549437432786,0
2023-04-20 20:00:00,16.868795055478504,6.025904000000001,0.5722222222222223,18.59275992903574,0
2023-04-20 21:00:00,15.148893388226895,4.632818666666666,0.5527777777777778,18.545385948022524,0
2023-04-20 22:00:00,16.934560237328046,4.730010666666667,0.5261111111111111,18.83978250754411,0
2023-04-20 23:00:00,16.478594523882396,6.544261333333334,0.5094444444444445,17.755070269028444,0
2023-04-21 00:00:00,13.676668100862495,5.928712,0.48500000000000004,19.356069239574428,0
2023-04-21 01:00:00,14.269120023799728,6.123096,0.48055555555555557,18.781590964602035,0
2023-04-21 02:00:00,14.605613611968481,6.155493333333333,0.47500000000000003,19.24985693693716,0
2023-04-21 03:00:00,15.110357299335606,4.082064,0.47055555555555556,18.45720056585337,0
2023-04-21 04:00:00,15.702974790860685,2.3002106666666666,0.47388888888888886,19.163724257792644,0
2023-04-21 05:00:00,13.672824367958661,2.462197333333333,0.46166666666666667,18.527992663614345,0
2023-04-21 06:00:00,15.973381119684667,3.0129520000000003,0.46555555555555556,18.727462108104714,0
2023-04-21 07:00:00,12.693527964270844,3.5637066666666666,0.4672222222222222,18.429131924328615,0
2023-04-21 08:00:00,14.104469999849025,4.179256,0.44222222222222224,18.26372648975614,0
2023-04-21 09:00:00,14.530388231770814,6.252685333333333,0.4488888888888889,18.712009926016407,0
2023-04-21 10:00:00,14.339840016113358,10.269954666666665,0.4505555555555556,17.728820657841286,0
2023-04-21 11:00:00,13.637817043788198,9.395226666666668,0.47,16.079777562122704,0
2023-04-21 12:00:00,15.135523760132884,6.868234666666666,0.49333333333333335,18.003603137530177,0
2023-04-21 13:00:00,13.810924284023502,8.164128,0.49222222222222217,17.964637144458383,0
2023-04-21 14:00:00,14.060944231796228,9.362829333333334,0.5155555555555557,18.167857033984152,0
2023-04-21 15:00:00,16.51625613611226,10.302352,0.5383333333333333,18.595130033138563,0
2023-04-21 16:00:00,14.087287550363735,12.505370666666666,0.6327777777777778,17.71633315218516,0
2023-04-21 17:00:00,14.616714280981421,13.995648000000001,0.725,18.574153786970214,0
2023-04-21 18:00:00,15.96099128283195,15.712706666666667,0.8044444444444444,17.15723483103381,0
2023-04-21 19:00:00,14.23971882865007,15.550719999999998,0.8977777777777778,16.907940665163512,0
2023-04-21 20:00:00,14.270950456518014,13.963250666666667,0.9938888888888888,16.743355904013885,1
2023-04-21 21:00:00,14.205184898945888,13.412495999999999,1.02,17.261808998298484,0
2023-04-21 22:00:00,15.744808298898315,11.954616,1.0055555555555555,17.272625906956648,0
2023-04-21 23:00:00,16.64742793473396,12.570165333333334,0.9983333333333334,18.614934531880426,0
2023-04-22 00:00:00,13.768711600320328,12.472973333333334,1.0094444444444444,17.935489378974122,0
2023-04-22 01:00:00,14.915308944330086,13.347701333333333,1.0250000000000001,17.749960583082096,0
2023-04-22 02:00:00,14.148035541175611,12.602562666666666,0.9811111111111112,16.82619726854626,0
2023-04-22 03:00:00,15.119999881690468,11.598245333333333,1.0083333333333333,17.536027519596566,1
2023-04-22 04:00:00,15.236532138316662,10.950298666666667,1.0416666666666667,17.312675687296387,0
2023-04-22 05:00:00,13.272673582337225,8.941664000000001,1.011111111111111,17.36665867261966,0
2023-04-22 06:00:00,16.569063731746994,9.362829333333334,0.9922222222222222,18.650144967448576,0
2023-04-22 07:00:00,13.847335230810465,10.302351999999999,1.0216666666666667,19.073982026694804,0
2023-04-22 08:00:00,16.405807544759803,9.589610666666667,1.1016666666666666,17.159077486657676,0
2023-04-22 09:00:00,15.115991587726917,8.002141333333332,1.1327777777777777,18.482172082763398,0
2023-04-22 10:00:00,14.43135358991617,7.807757333333334,1.1083333333333334,17.189057795540364,0
2023-04-22 11:00:00,14.283370576091007,8.164128,1.16,18.62454209556323,0
2023-04-22 12:00:00,13.004189258698403,8.74728,1.1944444444444444,18.313952835801025,0
2023-04-22 13:00:00,14.83871595505061,9.492418666666667,1.1933333333333334,17.03060925336297,0
2023-04-22 14:00:00,13.857115159167348,10.302352,1.1388888888888888,17.44986736443239,0
2023-04-22 15:00:00,14.248407875639527,10.982695999999999,1.153888888888889,18.387414554884415,0
2023-04-22 16:00:00,14.50876656512265,12.537768,1.198888888888889,17.493354902582666,0
2023-04-22 17:00:00,13.620102107726309,12.149000000000001,1.175,17.119610652808,0
2023-04-22 18:00:00,15.122522512437941,11.436258666666667,1.1383333333333334,14.92353458623567,0
2023-04-22 19:00:00,16.37515233560308,12.019410666666667,1.1888888888888889,17.802127271551687,0
2023-04-22 20:00:00,14.20428038999389,12.991330666666665,1.1694444444444443,17.520799536010458,0
2023-04-22 21:00:00,16.131873162898852,15.194349333333333,1.195,18.051657223182584,0
2023-04-22 22:00:00,16.04101105147058,16.004282666666665,1.196111111111111,17.21352391801287,0
2023-04-22 23:00:00,16.237457427175205,14.352018666666666,1.1977777777777778,15.853622226072552,0
2023-04-23 00:00:00,15.886083102461333,14.416813333333335,1.2105555555555554,16.111107293168082,0
2023-04-23 01:00:00,15.412622387177324,15.518322666666668,1.208888888888889,17.19156376163559,0
2023-04-23 02:00:00,12.699355445160785,14.578800000000001,1.181111111111111,17.86144708499261,0
2023-04-23 03:00:00,16.820632456554762,13.315304,1.1766666666666665,15.942879370080027,0
2023-04-23 04:00:00,14.096380597294832,13.477290666666667,1.2255555555555555,17.03797718691739,1
2023-04-23 05:00:00,16.03097036191976,14.546402666666665,1.3072222222222223,15.40297021391603,0
2023-04-23 06:00:00,14.748135701353993,16.976202666666666,1.3544444444444446,16.734306739039877,1
2023-04-23 07:00:00,13.31209659852332,15.097157333333334,1.4866666666666666,16.76136148871198,0
2023-04-23 08:00:00,13.307640600541989,9.298034666666666,1.3483333333333334,18.540619733173738,0
2023-04-23 09:00:00,14.94979207344777,8.164128,1.4833333333333334,19.029939449936773,0
2023-04-23 10:00:00,16.07154940098607,6.933029333333334,1.45,17.806625696684133,0
2023-04-23 11:00:00,13.519706124540669,7.095016,1.4805555555555554,18.149503864686455,0
2023-04-23 12:00:00,17.466908293198426,6.576658666666667,1.5144444444444443,17.481760494478163,0
2023-04-23 13:00:00,15.36052304527166,16.717024,1.4983333333333333,15.610613635979268,0
2023-04-23 14:00:00,14.363622368214287,16.52264,1.4638888888888888,18.73922305020037,0
2023-04-23 15:00:00,15.825365350530625,10.593928,1.6355555555555554,18.899888038465363,0
2023-04-23 16:00:00,13.201334484100263,9.848789333333334,1.6516666666666666,17.923644993496804,0
2023-04-23 17:00:00,13.931234299814811,7.2894000000000005,1.791111111111111,18.153066051093422,0
2023-04-23 18:00:00,16.899887450880076,3.596104,1.8583333333333334,18.643775188757534,1
2023-04-23 19:00:00,14.240532968480004,5.539944000000001,1.9044444444444444,19.07874070464105,0
2023-04-23 20:00:00,15.73735897081572,6.933029333333334,2.058333333333333,19.359518126753425,0
2023-04-23 21:00:00,14.443618476694164,8.390909333333333,2.1333333333333333,18.738070943373025,0
2023-04-23 22:00:00,16.230580786161536,9.492418666666666,2.125,16.893564859040836,0
2023-04-23 23:00:00,14.483813959084676,12.991330666666668,2.1405555555555558,17.205603904257455,0
2023-04-24 00:00:00,13.972368629621982,9.460021333333334,2.0722222222222224,17.570248506384157,0
2023-04-24 01:00:00,14.967583921472828,10.107968,1.9877777777777776,16.137292661956256,1
2023-04-24 02:00:00,12.872818499977887,15.356335999999999,1.9111111111111112,17.260788640634743,0
2023-04-24 03:00:00,15.595331168320557,13.185714666666668,1.7883333333333333,16.129056223212615,0
2023-04-24 04:00:00,11.559967773151682,8.909266666666667,1.7694444444444446,19.069827725236028,0
2023-04-24 05:00:00,15.137604128337443,10.302352,1.6327777777777779,18.01433746519196,1
2023-04-24 06:00:00,14.598407995787062,12.019410666666667,1.587777777777778,17.539879351689937,0
2023-04-24 07:00:00,15.045709041389152,12.181397333333331,1.5572222222222223,16.938276806077514,1
2023-04-24 08:00:00,16.60920210337628,12.764549333333333,1.5294444444444444,17.20026376584811,0
2023-04-24 09:00:00,16.117699132128077,12.667357333333333,1.3966666666666665,16.312172751946783,0
2023-04-24 10:00:00,14.904339316626583,12.149000000000001,1.3633333333333333,17.245383333624936,0
2023-04-24 11:00:00,14.253319580504913,11.144682666666668,1.3672222222222221,16.19356157430662,0
2023-04-24 12:00:00,14.229459673486966,8.714882666666666,1.3150000000000002,17.381298496755047,1
2023-04-24 13:00:00,13.970833086268565,7.516181333333333,1.3694444444444445,18.705501501905474,0
2023-04-24 14:00:00,16.657948387670714,7.840154666666667,1.29,18.562462358256333,0
2023-04-24 15:00:00,14.673833946908632,6.835837333333333,1.2227777777777777,19.12810821565139,0
2023-04-24 16:00:00,14.220370010300561,5.313162666666667,1.2094444444444445,19.719171289142462,0
2023-04-24 17:00:00,15.701683439928525,4.146858666666667,1.16,18.034621205419455,0
2023-04-24 18:00:00,15.866168958033748,5.215970666666666,1.0827777777777778,18.48335811408715,0
2023-04-24 19:00:00,16.379769059049266,6.511864,1.1233333333333333,17.85349950205219,0
2023-04-24 20:00:00,13.68657962900606,7.904949333333334,1.1122222222222222,18.142245524727247,0
2023-04-24 21:00:00,13.535100762292098,9.881186666666666,1.0644444444444445,17.59335577701379,0
2023-04-24 22:00:00,13.606202997194899,9.265637333333332,1.1105555555555555,17.875952442874834,0
2023-04-24 23:00:00,14.519982218197919,9.978378666666666,1.1427777777777777,17.763591616750137,0
2023-04-25 00:00:00,15.477030386270085,10.010776,1.1283333333333334,17.219391250015697,0
2023-04-25 01:00:00,16.15030260739584,7.159810666666666,1.1616666666666666,17.45173370315776,0
2023-04-25 02:00:00,16.5969030850294,6.511864,1.0955555555555556,18.660751252584042,0
2023-04-25 03:00:00,14.795532105262561,5.669533333333334,1.0183333333333333,18.494769246277674,0
2023-04-25 04:00:00,14.708258141905896,7.062618666666666,0.9905555555555555,18.67801704533931,0
2023-04-25 05:00:00,15.760484305005173,8.034538666666666,0.976111111111111,16.746969779701146,0
2023-04-25 06:00:00,13.644101108547458,9.460021333333334,0.9505555555555555,16.75907786062644,0
2023-04-25 07:00:00,14.06092924809063,11.209477333333334,0.9766666666666666,18.012681477992114,0
2023-04-25 08:00:00,15.301169882330838,11.079888000000002,1.0161111111111112,17.733758151679762,1
2023-04-25 09:00:00,16.99540109457491,10.626325333333332,0.9627777777777777,18.26535544312104,0
2023-04-25 10:00:00,14.737805676609861,10.917901333333333,0.9838888888888889,17.473332324541214,0
2023-04-25 11:00:00,16.42613694193364,10.626325333333334,1.0472222222222223,19.120612253336986,0
2023-04-25 12:00:00,14.04900590364574,10.820709333333333,1.1083333333333334,17.36238260480351,0
2023-04-25 13:00:00,14.359993010879611,9.071253333333333,1.1033333333333335,18.490759313310665,0
2023-04-25 14:00:00,14.337377439348556,7.451386666666667,1.0766666666666669,17.419423087699936,0
2023-04-25 15:00:00,14.484835125205784,4.989189333333333,1.0122222222222221,18.029363751523817,0
2023-04-25 16:00:00,14.501828761213032,2.753773333333333,1.0005555555555556,19.913220025116637,0
2023-04-25 17:00:00,15.768754883457158,1.8790453333333332,0.9633333333333334,17.899458993526576,0
2023-04-25 18:00:00,13.372650860891634,2.786170666666667,0.9338888888888889,18.952296722948667,0
2023-04-25 19:00:00,14.923846841258017,2.8509653333333334,0.8427777777777777,19.285431509911444,0
2023-04-25 20:00:00,14.504085160375078,1.45788,0.89,19.65970801716369,0
2023-04-25 21:00:00,16.769461171671548,1.5874693333333332,0.8822222222222221,19.205003153784144,0
2023-04-25 22:00:00,15.05995524340828,4.017269333333333,0.9172222222222223,18.874400347629756,0
2023-04-25 23:00:00,16.484075411577834,6.641453333333334,0.9083333333333333,18.71301654388594,0
2023-04-26 00:00:00,14.397948964305414,8.26132,0.866111111111111,18.97810112319598,0
2023-04-26 01:00:00,17.304370640663453,7.337996,0.9161111111111112,18.662278907319028,0
2023-04-26 02:00:00,15.466918289526575,6.0421026666666675,0.9016666666666667,18.1747289217486,0
2023-04-26 03:00:00,17.039373909733857,4.308845333333333,0.9066666666666667,18.491415352597304,0
2023-04-26 04:00:00,14.445077576571302,4.341242666666667,0.9377777777777778,18.673580625665746,0
2023-04-26 05:00:00,13.457445087515723,2.397402666666667,0.9638888888888889,18.859421128372492,0
2023-04-26 06:00:00,15.124798160130888,3.9848719999999997,0.9500000000000001,17.697819206407946,0
2023-04-26 07:00:00,16.450708394887265,2.786170666666667,0.955,19.442906130595563,0
2023-04-26 08:00:00,14.458864049102196,4.5032293333333335,0.9488888888888889,18.246374110559128,0
2023-04-26 09:00:00,14.343127925535413,6.544261333333334,1.0116666666666667,18.550682954721307,0
2023-04-26 10:00:00,15.947128983041885,7.418989333333333,1.028888888888889,16.741998467677245,0
2023-04-26 11:00:00,13.84380842632848,6.965426666666667,1.02,17.591733229768806,0
2023-04-26 12:00:00,14.700244245455137,10.20516,1.0316666666666667,18.786258447664753,0
2023-04-26 13:00:00,14.419046650254508,12.116602666666667,1.0327777777777778,16.440196455574327,0
2023-04-26 14:00:00,15.094289369182471,11.501053333333333,1.0827777777777778,17.467028790168005,1
2023-04-26 15:00:00,15.560825135467283,11.792629333333332,1.0911111111111111,17.817750834346832,0
2023-04-26 16:00:00,15.632756343082718,12.4211376,1.1755555555555555,17.96608099763171,0
2023-04-26 17:00:00,15.671468279148945,10.819899399999999,1.19,16.697108263067403,0
2023-04-26 18:00:00,14.631264036603662,10.630374999999999,1.1766666666666667,17.371300530047776,0
2023-04-26 19:00:00,16.64317554479522,10.776163000000002,1.1372222222222221,17.934262042548305,0
2023-04-26 20:00:00,14.732396121675722,10.921951,1.0816666666666668,19.187144430160284,0
2023-04-26 21:00:00,16.022896655761848,11.067739000000001,1.0644444444444445,17.621861978513078,0
2023-04-26 22:00:00,12.983154579372401,11.213527000000001,1.081388888888889,18.309718406452784,0
2023-04-26 23:00:00,12.194414774258036,11.359315000000002,1.0716666666666668,18.682385366019,0
2023-04-27 00:00:00,14.239968558954454,10.83517242857143,1.1327777777777779,16.528552813831578,0
2023-04-27 01:00:00,13.737346603444848,10.344005714285714,1.1483333333333334,17.272132626217086,0
2023-04-27 02:00:00,16.22373364200031,10.177390857142859,1.1794444444444443,18.51475723313318,0
2023-04-27 03:00:00,14.78997622241748,10.010776000000002,1.1,17.20068824559456,0
2023-04-27 04:00:00,14.049126884782831,9.844161142857144,1.1472222222222221,17.591518327034663,0
2023-04-27 05:00:00,13.369375446362994,9.677546285714287,1.0450000000000002,17.54279996991127,0
2023-04-27 06:00:00,14.616971198855031,9.255172316651501,1.085,17.239183199587128,0
2023-04-27 07:00:00,15.779924148924286,9.030189197452229,1.1300000000000001,18.072092658964802,0
2023-04-27 08:00:00,15.152419288536855,9.126762140127388,1.1277777777777778,19.048048096628943,0
2023-04-27 09:00:00,13.902835583657492,9.223335082802548,1.095,18.44392600496772,0
2023-04-27 10:00:00,14.426251703967703,9.319908025477707,1.1583333333333334,18.88277355502864,0
2023-04-27 11:00:00,15.423387584493282,9.416480968152866,1.1088888888888888,18.29807040422414,0
2023-04-27 12:00:00,16.393507641376193,9.513053910828026,1.0705555555555557,18.703793740366283,0
2023-04-27 13:00:00,16.59935846499227,9.609626853503185,1.1177777777777778,18.473235333297662,0
2023-04-27 14:00:00,15.139859460607907,9.706199796178344,1.22,18.792987115642504,0
2023-04-27 15:00:00,15.238814998554657,9.802772738853504,1.2372222222222222,16.89442020032013,0
2023-04-27 16:00:00,14.503129609851202,9.899345681528663,1.2372222222222222,16.453762764669055,0
2023-04-27 17:00:00,16.74889239120613,9.995918624203822,1.1994444444444443,17.885670450002323,0
2023-04-27 18:00:00,16.17565874756787,10.092491566878982,1.145,18.4796402371414,0
2023-04-27 19:00:00,14.321794568056257,10.189064509554141,1.1583333333333334,16.795674123102327,0
2023-04-27 20:00:00,16.23584566692263,10.2856374522293,1.1077777777777778,18.20355060761243,0
2023-04-27 21:00:00,14.072788762994888,10.38221039490446,1.1666666666666667,18.603262420159336,0
2023-04-27 22:00:00,17.075226392068117,10.47878333757962,1.1194444444444445,18.008372894794043,0
2023-04-27 23:00:00,13.382106830145611,10.575356280254777,1.078888888888889,17.210078443513545,0
2023-04-28 00:00:00,13.194449374805716,10.671929222929938,1.1127777777777779,18.268108035746483,0
2023-04-28 01:00:00,15.162536736867052,10.768502165605094,1.1105555555555555,18.182625137093954,0
2023-04-28 02:00:00,15.749580818228544,10.865075108280257,1.1144444444444446,17.31087221489859,0
2023-04-28 03:00:00,15.441670648205767,10.961648050955413,1.126111111111111,16.972428466362192,0
2023-04-28 04:00:00,13.928363924307439,11.058220993630576,1.1300000000000001,17.204952081310026,0
2023-04-28 05:00:00,14.142857820803643,11.154793936305731,1.0527777777777778,16.914070903945703,0
2023-04-28 06:00:00,15.569163330374726,11.251366878980894,1.02,18.490232294235216,0
2023-04-28 07:00:00,13.343985475596675,11.34793982165605,1.0033333333333332,16.603980190411818,0
2023-04-28 08:00:00,14.334608546111847,11.441830182590236,0.9505555555555555,18.0627924306098,0
2023-04-28 09:00:00,15.40682053968308,11.565848,0.935,18.364783568135397,0
2023-04-28 10:00:00,14.771616760222471,12.2656304,1.0438888888888889,16.914618247984848,0
2023-04-28 11:00:00,13.167461247188067,12.965412800000001,1.105,18.21106292088111,0
2023-04-28 12:00:00,15.433503384584734,13.6651952,1.2016666666666667,17.13790104668087,0
2023-04-28 13:00:00,16.288104675444963,14.364977600000001,1.2833333333333334,16.756516553866604,0
2023-04-28 14:00:00,15.834453751520998,15.06476,1.431111111111111,16.648305002569803,0
2023-04-28 15:00:00,14.605532231044284,15.764542400000002,1.4911111111111113,15.089729002333875,0
2023-04-28 16:00:00,15.583689215919412,16.4643248,1.558888888888889,16.67068600861104,0
2023-04-28 17:00:00,13.851327497969946,17.1641072,1.655,16.749623087207496,0
2023-04-28 18:00:00,12.132736433074477,17.8638896,1.6849999999999998,16.535857755197643,1
2023-04-28 19:00:00,16.76545719440445,18.563672,1.7555555555555555,17.258877824442653,0
2023-04-28 20:00:00,13.60042756082921,19.146824,1.7666666666666666,16.2458102500357,0
2023-04-28 21:00:00,15.361140638794916,19.146824,1.8533333333333333,16.28500845816645,0
2023-04-28 22:00:00,15.356140447780161,20.701896,1.91,15.221561672185663,1
2023-04-28 23:00:00,13.707960156173229,20.280730666666667,1.9327777777777777,15.609028605166936,1
2023-04-29 00:00:00,14.279240427668555,21.73861066666667,1.9677777777777778,16.242173810246346,0
2023-04-29 01:00:00,16.34524029536765,20.993472,2.101666666666667,15.206523871482922,0
2023-04-29 02:00:00,16.149485832036703,21.349842666666664,2.2099999999999995,16.001436881543032,0
2023-04-29 03:00:00,15.543895586401575,22.12737866666667,2.3127777777777774,15.952209027329753,0
2023-04-29 04:00:00,14.720912572326833,22.613338666666667,2.3105555555555557,15.400248566476874,1
2023-04-29 05:00:00,15.58225496108733,22.030186666666665,2.506111111111111,14.465358450090415,0
2023-04-29 06:00:00,13.637600118318128,23.682450666666668,2.796666666666667,13.240838495949953,1
2023-04-29 07:00:00,17.558251077029663,23.650053333333336,2.9116666666666666,15.227580972265251,1
2023-04-29 08:00:00,15.648427277310342,23.002106666666666,3.0438888888888886,16.213688211370876,0
2023-04-29 09:00:00,14.043355777313428,24.006424,3.115,15.325941688591705,0
2023-04-29 10:00:00,15.875908236832965,24.816357333333332,3.2672222222222227,13.59236450875538,1
2023-04-29 11:00:00,15.06086198345769,27.05177333333333,3.3350000000000004,14.942161793921136,1
2023-04-29 12:00:00,15.107224675845686,28.704037333333332,3.3155555555555556,14.562670611290658,2
2023-04-29 13:00:00,16.18375771258219,27.602528000000003,3.548888888888889,14.111221900136554,1
2023-04-29 14:00:00,14.404677082062634,25.820674666666665,3.633888888888889,14.495404485652033,1
2023-04-29 15:00:00,17.82750505500479,26.371429333333335,3.7561111111111107,14.83858798949663,1
2023-04-29 16:00:00,15.762295869573494,24.136013333333334,3.7755555555555556,16.281112241439185,1
2023-04-29 17:00:00,14.022966844406016,22.872517333333334,3.4683333333333337,17.561189484614555,0
2023-04-29 18:00:00,16.596978601303267,22.192173333333333,3.7094444444444448,14.3511290461028,1
2023-04-29 19:00:00,13.180426775426783,21.447034666666667,3.5583333333333336,15.07587619745872,1
2023-04-29 20:00:00,15.301149620312101,19.827168,3.5327777777777776,16.48428672517645,0
2023-04-29 21:00:00,15.634583886257209,16.004282666666665,3.6133333333333333,17.651389059652065,0
2023-04-29 22:00:00,12.430025633313045,12.894138666666668,3.417222222222222,16.16235508018754,0
2023-04-29 23:00:00,16.969973253818456,14.222429333333332,3.2372222222222224,17.516206483219133,0
2023-04-30 00:00:00,13.690206973772339,11.987013333333332,3.202777777777778,17.04405220063468,1
2023-04-30 01:00:00,14.368049051507157,7.807757333333334,3.137777777777778,18.922227132500144,0
2023-04-30 02:00:00,14.63763523680187,5.507546666666666,3.06,18.95419694999873,1
2023-04-30 03:00:00,13.770156240115028,4.8272026666666665,2.7855555555555553,17.711067953785513,0
2023-04-30 04:00:00,15.210460057035066,3.304528,2.6277777777777778,19.92471751885027,0
2023-04-30 05:00:00,15.330898487972364,2.721376,2.532777777777778,19.031244211473094,0
2023-04-30 06:00:00,13.735302560010494,3.2073359999999997,2.5755555555555554,19.64579644303705,0
2023-04-30 07:00:00,15.186937533268557,2.4945946666666665,2.467222222222222,18.383629742317275,0
2023-04-30 08:00:00,12.709538579152811,1.9438399999999998,2.3255555555555554,19.39350656579167,0
2023-04-30 09:00:00,14.288770953546413,1.6198666666666668,2.226666666666667,17.554360590969008,0
2023-04-30 10:00:00,12.068030995277878,4.017269333333334,2.23,18.315968201540624,1
2023-04-30 11:00:00,13.656315360658473,3.8876799999999996,2.111111111111111,18.052959442046973,0
2023-04-30 12:00:00,14.607843421637197,5.961109333333333,2.162777777777778,18.3706658469643,0
2023-04-30 13:00:00,15.822977729574104,7.9697439999999995,2.0505555555555555,17.935738975720213,0
2023-04-30 14:00:00,14.333984872154298,9.103650666666667,2.12,16.79571001403549,0
2023-04-30 15:00:00,14.311450573970587,9.783994666666667,2.112222222222222,16.530338058884094,0
2023-04-30 16:00:00,12.938219702342494,12.861741333333333,2.1172222222222223,17.264527266901794,0
2023-04-30 17:00:00,14.809379778372632,14.773184,2.0661111111111112,16.678971019053193,0
2023-04-30 18:00:00,14.978035564907197,17.202983999999997,2.12,17.162511528627252,0
2023-04-30 19:00:00,15.52675363940493,17.008599999999998,2.0566666666666666,16.557098429722416,0
2023-04-30 20:00:00,13.921652529908329,18.984837333333335,2.0611111111111113,16.190919031536584,0
2023-04-30 21:00:00,16.900249567769773,20.507512,2.0405555555555552,17.695985504305227,0
2023-04-30 22:00:00,14.6669076385355,19.632784,2.1155555555555554,16.369976427921177,1
2023-04-30 23:00:00,15.95187632467686,13.509687999999999,2.051111111111111,16.63164536088578,0
2023-05-01 00:00:00,21.288342902550838,6.9978240000000005,1.948888888888889,18.307439419135147,0
2023-05-01 01:00:00,19.032590105547083,14.643594666666665,2.031111111111111,15.440043391485423,0
2023-05-01 02:00:00,16.28433493343788,16.587434666666667,2.490555555555556,16.56407083232492,0
2023-05-01 03:00:00,20.616369866411866,15.291541333333333,2.283333333333333,16.053686439246064,1
2023-05-01 04:00:00,20.74359770589677,13.412495999999999,2.296111111111111,18.15866664508522,1
2023-05-01 05:00:00,18.220834435612765,14.902773333333334,2.3349999999999995,16.778386368240263,0
2023-05-01 06:00:00,19.139665415200994,18.336890666666665,2.366111111111111,16.318170825678205,0
2023-05-01 07:00:00,20.208210962942605,26.98697866666667,2.2655555555555558,14.38032001913313,0
2023-05-01 08:00:00,20.548852233446574,23.941629333333335,2.477777777777778,15.460642094824545,1
2023-05-01 09:00:00,18.539546789436216,23.682450666666668,2.7711111111111113,15.021908513301552,1
2023-05-01 10:00:00,18.8744980617749,21.932994666666662,3.0733333333333337,14.814652165281212,0
2023-05-01 11:00:00,20.049761446131665,20.669498666666666,3.1908333333333334,16.49096915513177,0
2023-05-01 12:00:00,20.91471289278749,17.17058666666667,3.1316666666666664,17.166735695943498,0
2023-05-01 13:00:00,21.626967033182424,13.833661333333334,3.007222222222222,17.041660108690838,0
2023-05-01 14:00:00,20.91625216713076,11.792629333333332,2.6916666666666664,17.239092028583702,0
2023-05-01 15:00:00,22.22365020720507,12.63496,2.491111111111111,17.729946517581354,0
2023-05-01 16:00:00,21.73958153857215,11.922218666666666,2.3461111111111115,19.2965669537998,1
2023-05-01 17:00:00,20.281235151753826,13.801264000000002,2.3049999999999997,15.519603958866176,0
2023-05-01 18:00:00,19.159057302452894,15.421130666666665,2.0966666666666667,15.765252957322083,0
2023-05-01 19:00:00,18.290758968800233,15.129554666666666,2.011111111111111,18.059672035233902,0
2023-05-01 20:00:00,16.845947847264863,15.356335999999999,2.12,16.87357937104024,0
2023-05-01 21:00:00,19.306952371173132,16.295858666666664,2.12,16.28082432705862,0
2023-05-01 22:00:00,18.8461779227019,16.587434666666667,2.173888888888889,16.392868626155565,1
2023-05-01 23:00:00,20.744877130731382,17.040997333333333,2.1877777777777774,15.048050204178034,1
2023-05-02 00:00:00,21.626795239022538,16.555037333333335,2.1255555555555556,17.234122329609075,0
2023-05-02 01:00:00,19.857422576265982,14.254826666666666,2.021111111111111,17.319925978865815,0
2023-05-02 02:00:00,19.89906376950798,13.801264000000002,1.9983333333333333,17.345124135888756,0
2023-05-02 03:00:00,20.030581906578732,13.250509333333333,1.9366666666666665,17.594959294881892,0
2023-05-02 04:00:00,20.62790272216306,13.801264000000002,1.9116666666666668,17.671949498604373,0
2023-05-02 05:00:00,18.51878794334498,14.254826666666666,1.86,16.970047277541205,0
2023-05-02 06:00:00,20.05283417739858,16.943805333333334,1.9866666666666666,15.298784508353569,1
2023-05-02 07:00:00,18.2232104247111,15.194349333333333,1.9716666666666667,16.49818975881573,0
2023-05-02 08:00:00,19.459835293163025,3.1425413333333334,1.8883333333333334,19.254898555191705,0
2023-05-02 09:00:00,19.47934230480823,3.077746666666666,1.7983333333333331,18.832307212712696,0
2023-05-02 10:00:00,18.818116963127654,4.762408,1.8844444444444444,18.38454215977103,0
2023-05-02 11:00:00,20.339479337052733,4.2116533333333335,1.8383333333333336,17.548768019482115,0
2023-05-02 12:00:00,19.63484546081298,9.136048,1.8733333333333333,18.254361587824082,0
2023-05-02 13:00:00,19.779732274769756,7.516181333333333,1.8127777777777778,17.082827895335537,0
2023-05-02 14:00:00,19.928695293954373,10.334749333333333,1.7750000000000001,18.309250709459818,0
2023-05-02 15:00:00,19.528114921460475,14.384416,1.7011111111111112,16.632865561889897,0
2023-05-02 16:00:00,17.9864433309837,16.101474666666665,1.6494444444444445,17.438532823022218,0
2023-05-02 17:00:00,19.77358072589097,15.259144,1.6600000000000001,17.53369598637704,1
2023-05-02 18:00:00,20.144328395886536,13.185714666666668,1.723888888888889,16.99701125346888,0
2023-05-02 19:00:00,21.067885829562965,8.650088,1.6666666666666667,18.04345357150748,0
2023-05-02 20:00:00,19.249427163549466,8.682485333333332,1.5972222222222223,17.540257450095478,0
2023-05-02 21:00:00,18.860113633110128,10.464338666666668,1.6483333333333332,18.036079675108386,0
2023-05-02 22:00:00,18.545138720194174,17.17058666666667,1.7533333333333332,15.478776030409785,0
2023-05-02 23:00:00,18.2568120938857,16.36065333333333,1.9399999999999997,17.522087959324235,0
2023-05-03 00:00:00,18.25139329780931,15.291541333333333,1.7833333333333332,17.353442704863095,0
2023-05-03 01:00:00,19.580123211903047,14.773184,1.6338888888888887,18.797204386184646,0
2023-05-03 02:00:00,21.56050818924095,14.287224,1.5933333333333335,16.733508069465504,0
2023-05-03 03:00:00,20.890000353211335,14.384416,1.4944444444444445,17.34737377510474,0
2023-05-03 04:00:00,20.46781536141713,14.999965333333334,1.5611111111111111,16.67745179348769,0
2023-05-03 05:00:00,20.88351019158645,13.574482666666666,1.5461111111111112,16.306918141513023,0
2023-05-03 06:00:00,19.52169153103493,10.69112,1.5194444444444446,17.04029884090497,0
2023-05-03 07:00:00,19.674485986856414,12.634960000000001,1.4933333333333334,17.009887243095307,0
2023-05-03 08:00:00,18.6058355940598,13.218112,1.361111111111111,17.31985901955157,1
2023-05-03 09:00:00,20.90788163151436,12.861741333333333,1.3788888888888888,18.443599426471025,0
2023-05-03 10:00:00,21.840147707378737,13.153317333333334,1.3361111111111112,18.283593023238918,0
2023-05-03 11:00:00,19.23882689904254,12.181397333333335,1.2877777777777777,18.661658000329037,0
2023-05-03 12:00:00,19.837921818818657,12.213794666666667,1.3194444444444444,17.237508889526783,0
2023-05-03 13:00:00,21.83701719066646,11.565848,1.2905555555555557,16.210734743607336,1
2023-05-03 14:00:00,19.2740239556409,9.881186666666666,1.2322222222222223,17.906725615419564,0
2023-05-03 15:00:00,18.568878531242024,6.31748,1.1533333333333333,17.224241915314533,0
2023-05-03 16:00:00,17.248158674054896,5.701930666666667,1.083888888888889,18.24186423240798,0
2023-05-03 17:00:00,19.739674359164063,5.215970666666666,1.0416666666666667,17.948445025207622,0
2023-05-03 18:00:00,19.548353412700266,4.924394666666667,1.0261111111111112,19.00021571332883,0
2023-05-03 19:00:00,18.15180911782628,5.863917333333333,1.0,18.54128804492545,0
2023-05-03 20:00:00,19.772256919518455,6.544261333333334,0.9805555555555555,18.48434493918744,0
2023-05-03 21:00:00,19.40055025791029,7.775359999999999,0.9766666666666666,18.740238476512378,0
2023-05-03 22:00:00,20.144181338594656,9.362829333333334,0.9438888888888889,17.68441941521375,0
2023-05-03 23:00:00,20.73907062402033,10.577729333333332,0.9777777777777777,16.474609229007374,1
2023-05-04 00:00:00,19.9542570243188,12.310986666666667,0.9666666666666667,17.29262918549329,0
2023-05-04 01:00:00,19.66405875311412,8.455703999999999,1.0172222222222222,17.465952938832412,0
2023-05-04 02:00:00,20.94369255154053,8.520498666666667,0.9716666666666667,17.99482370008826,1
2023-05-04 03:00:00,19.75770800608806,11.501053333333333,0.9644444444444443,17.60773325950647,0
2023-05-04 04:00:00,21.000700541865772,10.950298666666667,0.975,17.470482817099285,0
2023-05-04 05:00:00,20.691531661326664,10.820709333333333,0.9783333333333334,18.14521063727942,0
2023-05-04 06:00:00,18.830769299123077,10.885504,1.015,18.56695017894081,1
2023-05-04 07:00:00,19.735460759990065,9.103650666666667,0.9683333333333334,17.450967286124612,1
2023-05-04 08:00:00,20.311222695972607,10.334749333333333,0.9966666666666666,18.322999852832556,0
2023-05-04 09:00:00,18.539992554417793,11.047490666666667,0.9500000000000001,16.335387919613282,0
2023-05-04 10:00:00,18.24916169413888,9.881186666666666,0.9438888888888889,18.1060083352355,0
2023-05-04 11:00:00,18.49805711056034,8.974061333333333,0.9755555555555556,17.223616341653038,0
2023-05-04 12:00:00,17.649606174868264,12.894138666666665,0.9544444444444444,17.207283950382568,0
2023-05-04 13:00:00,23.78339688255983,16.555037333333335,1.077222222222222,15.737531054362556,0
2023-05-04 14:00:00,18.52031169302189,14.708389333333335,1.2172222222222222,17.94715503496898,0
2023-05-04 15:00:00,18.669051028875263,13.12092,1.1594444444444443,17.410987087902754,0
2023-05-04 16:00:00,19.719161221882604,11.792629333333332,1.1833333333333333,17.667697645976087,0
2023-05-04 17:00:00,18.96349311665887,11.987013333333335,1.2133333333333332,16.915414608287133,0
2023-05-04 18:00:00,19.900652975880345,10.950298666666667,1.2238888888888888,17.417703657469946,0
2023-05-04 19:00:00,20.38676670268169,9.265637333333332,1.2322222222222223,18.922103482643948,0
2023-05-04 20:00:00,18.739171522833086,5.7667253333333335,1.2072222222222222,18.225310794369314,0
2023-05-04 21:00:00,19.86203469435446,5.086381333333333,1.1738888888888888,17.77026444179718,0
2023-05-04 22:00:00,20.71148547943493,5.799122666666666,1.108888888888889,18.798148177613623,0
2023-05-04 23:00:00,18.7339804860891,6.414672,1.1205555555555555,17.322939763983808,0
2023-05-05 00:00:00,22.613294004542226,7.257002666666668,1.1127777777777779,18.57010656770517,0
2023-05-05 01:00:00,20.740679041050964,6.673850666666667,1.1994444444444443,18.233903906085192,0
2023-05-05 02:00:00,20.18544343120038,4.341242666666667,1.2016666666666667,19.3234756875977,0
2023-05-05 03:00:00,19.368449037225684,3.7256933333333335,1.2327777777777778,18.884508034975873,0
2023-05-05 04:00:00,20.554780281238052,3.2073359999999997,1.3311111111111111,19.200195583637356,0
2023-05-05 05:00:00,19.913883921666972,5.442752,1.3811111111111112,18.163722376447243,0
2023-05-05 06:00:00,21.49605208305645,6.544261333333334,1.3705555555555555,18.37983005925739,0
2023-05-05 07:00:00,20.823708993412907,7.516181333333333,1.4516666666666664,18.41418202559789,0
2023-05-05 08:00:00,20.290263390857017,7.451386666666667,1.4400000000000002,17.859582483742127,0
2023-05-05 09:00:00,18.717632978766154,6.382274666666667,1.4033333333333333,17.730445680783344,0
2023-05-05 10:00:00,17.575731093803736,6.965426666666667,1.3694444444444445,18.32205050425046,0
2023-05-05 11:00:00,19.818953689554977,6.868234666666666,1.3055555555555556,19.05296438315462,0
2023-05-05 12:00:00,17.737314734393966,7.451386666666667,1.2738888888888888,18.86557829906941,0
2023-05-05 13:00:00,19.35408313099479,6.025904,1.2772222222222223,19.319534968669487,0
2023-05-05 14:00:00,19.5600636563645,4.8595999999999995,1.2194444444444443,18.51010864625812,0
2023-05-05 15:00:00,20.822217720410595,2.948157333333333,1.146111111111111,18.598229277404798,0
2023-05-05 16:00:00,19.18580358503174,1.263496,1.166111111111111,19.060109625335986,0
2023-05-05 17:00:00,21.278177690102698,3.1425413333333334,1.191111111111111,18.90052765777585,0
2023-05-05 18:00:00,19.642287151562186,6.738645333333333,1.2477777777777777,19.103454410544618,0
2023-05-05 19:00:00,19.284947161576017,8.714882666666666,1.3166666666666667,18.698585111325112,0
2023-05-05 20:00:00,20.760803063252222,7.904949333333334,1.1683333333333332,18.02581132446846,0
2023-05-05 21:00:00,19.249153981581035,6.220288,1.1488888888888888,18.177935940018447,0
2023-05-05 22:00:00,21.81253572163969,5.7667253333333335,1.1077777777777778,19.10975587193048,0
2023-05-05 23:00:00,20.6228776977902,7.062618666666666,1.1472222222222224,19.075267494090095,0
2023-05-06 00:00:00,18.35596340875964,8.552896,1.0516666666666667,17.15384683228737,0
2023-05-06 01:00:00,17.946963593556507,7.3217973333333335,1.0305555555555557,18.89759116560528,0
2023-05-06 02:00:00,19.72664073223509,6.933029333333334,1.0661111111111112,17.665326306370556,0
2023-05-06 03:00:00,19.78019749535521,6.511863999999999,1.0294444444444444,19.26209801222233,0
2023-05-06 04:00:00,19.812520870920636,5.021586666666667,1.1105555555555555,18.312979551715852,0
2023-05-06 05:00:00,20.532128364213634,5.701930666666667,1.2638888888888888,18.317028166491188,0
2023-05-06 06:00:00,21.88501027371692,8.164128,1.1494444444444445,18.231716192729838,0
2023-05-06 07:00:00,21.310424394484926,8.520498666666667,1.2077777777777776,18.565754503301658,0
2023-05-06 08:00:00,21.606575054536147,8.488101333333333,1.175,17.373073954084894,0
2023-05-06 09:00:00,20.037737923396843,8.844472,1.0944444444444446,18.587162630696607,0
2023-05-06 10:00:00,21.72421750189572,8.779677333333334,1.146111111111111,18.953588931603118,0
2023-05-06 11:00:00,17.581799658112605,8.390909333333333,1.0722222222222222,18.60104461037936,0
2023-05-06 12:00:00,19.469285318695345,8.455703999999999,1.008888888888889,17.392502751740597,0
2023-05-06 13:00:00,20.8557856838909,9.330432,1.0327777777777778,18.519324447500008,0
2023-05-06 14:00:00,19.047158009302148,9.654405333333335,0.9766666666666666,18.072708800001003,0
2023-05-06 15:00:00,19.06790013854141,9.589610666666667,0.9211111111111112,18.310510446645466,0
2023-05-06 16:00:00,22.02072147955347,8.293717333333333,0.9488888888888889,16.46222178296416,1
2023-05-06 17:00:00,20.133646091040152,8.650088,1.011111111111111,17.921057069334083,1
2023-05-06 18:00:00,20.383316384714675,6.900632000000001,0.8872222222222222,18.942086227602516,0
2023-05-06 19:00:00,21.057961304720195,6.7062479999999995,0.9227777777777777,18.117162032915854,0
2023-05-06 20:00:00,21.867342295677187,9.622008000000001,0.9816666666666668,18.038767345028276,0
2023-05-06 21:00:00,19.974526375084874,12.343384,1.0038888888888888,17.999321121328723,0
2023-05-06 22:00:00,20.811813178411708,14.190032,1.0022222222222223,15.381332307799441,1
2023-05-06 23:00:00,22.887067937307418,14.481608,1.01,17.115774948687484,0
2023-05-07 00:00:00,20.634607009493823,13.574482666666666,1.041111111111111,17.741117551518336,0
2023-05-07 01:00:00,22.11500037822564,14.514005333333335,1.0227777777777778,18.495720535685987,0
2023-05-07 02:00:00,21.637888163105455,13.088522666666668,1.008888888888889,15.781823011527818,0
2023-05-07 03:00:00,19.728106887173116,11.209477333333334,0.915,17.54399633655782,0
2023-05-07 04:00:00,21.623898843397402,9.006458666666667,0.8866666666666667,16.72465445523161,0
2023-05-07 05:00:00,20.21093754321798,7.710565333333332,0.9105555555555557,18.587836809263365,0
2023-05-07 06:00:00,20.890345687537373,9.136048,0.9049999999999999,17.342615390087968,0
2023-05-07 07:00:00,18.851658379768228,9.524816,0.8855555555555555,18.813979250785312,0
2023-05-07 08:00:00,20.258861073772795,7.904949333333334,0.9166666666666666,18.68963713846244,0
2023-05-07 09:00:00,18.861031293755058,8.099333333333332,0.9550000000000001,17.859345069337298,1
2023-05-07 10:00:00,21.03011019247038,8.358512,0.8877777777777777,17.79024636248413,0
2023-05-07 11:00:00,19.3486944791364,7.483784,0.8788888888888889,18.40167200319478,0
2023-05-07 12:00:00,19.93615371096158,6.252685333333333,0.8161111111111111,19.546674081327648,0
2023-05-07 13:00:00,20.815860333303643,6.544261333333334,0.8861111111111111,19.419512362465827,0
2023-05-07 14:00:00,20.077082342353993,5.377957333333334,0.88,18.83411516166201,0
2023-05-07 15:00:00,20.339003420290208,7.224605333333333,0.8811111111111112,18.00951222867171,1
2023-05-07 16:00:00,20.502745572410124,6.544261333333334,0.8316666666666667,16.643733628034134,0
2023-05-07 17:00:00,20.897044568101805,6.285082666666667,0.8011111111111111,18.123726714299618,0
2023-05-07 18:00:00,18.02480180428756,9.038856000000001,0.7044444444444444,18.49968315553466,0
2023-05-07 19:00:00,20.325555504903864,9.492418666666667,0.7155555555555555,18.32818863471375,0
2023-05-07 20:00:00,22.27382246609278,9.524816,0.6544444444444445,18.74695665837855,0
2023-05-07 21:00:00,17.46947682117239,10.496736,0.6572222222222223,18.702405087569762,0
2023-05-07 22:00:00,22.45217233699967,11.209477333333334,0.6894444444444444,17.44541722236056,0
2023-05-07 23:00:00,18.531175488370724,13.153317333333334,0.7416666666666667,18.237556189320614,0
2023-05-08 00:00:00,17.22878164185632,13.995648000000001,0.9605555555555556,16.874029738656592,0
2023-05-08 01:00:00,18.92422995978515,13.12092,1.1005555555555555,16.4527510534856,1
2023-05-08 02:00:00,19.18709600787209,12.829343999999999,1.1633333333333333,18.426082170543904,0
2023-05-08 03:00:00,21.047279045895014,12.505370666666666,1.1444444444444446,15.51131279133641,0
2023-05-08 04:00:00,21.20170462665152,12.894138666666665,1.0627777777777778,18.16976595455148,0
2023-05-08 05:00:00,17.85973522430852,9.913584,0.9422222222222222,17.454016642723364,0
2023-05-08 06:00:00,21.18498371866379,5.475149333333333,0.8116666666666666,17.816570578055373,0
2023-05-08 07:00:00,19.443845352942354,3.6608986666666667,0.7561111111111112,19.090764868482946,0
2023-05-08 08:00:00,20.3566290534185,5.539943999999999,0.6877777777777778,18.404662483831853,0
2023-05-08 09:00:00,18.052059310369867,4.568024,0.6577777777777778,18.943672040949853,0
2023-05-08 10:00:00,19.116181732880637,4.924394666666667,0.645,18.300722323090778,0
2023-05-08 11:00:00,20.933812201648983,7.224605333333333,0.6155555555555555,19.07863621465641,0
2023-05-08 12:00:00,20.07165892562767,8.520498666666667,0.6155555555555555,16.50684702624723,0
2023-05-08 13:00:00,19.200574003568278,8.650088,0.616111111111111,17.641033387114543,1
2023-05-08 14:00:00,22.153317141288124,6.090698666666667,0.6038888888888888,19.10662434978937,0
2023-05-08 15:00:00,20.213398790694068,6.835837333333333,0.6077777777777778,19.271809448845865,0
2023-05-08 16:00:00,17.950827376291,9.427624,0.5866666666666666,17.206593680115223,0
2023-05-08 17:00:00,18.653391820387792,9.460021333333334,0.5933333333333333,18.065616909074738,0
2023-05-08 18:00:00,20.796953929420322,8.099333333333332,0.6105555555555555,17.47016307076149,0
2023-05-08 19:00:00,21.351376920175422,6.673850666666667,0.6316666666666667,18.938572485334912,0
2023-05-08 20:00:00,19.243632066217824,9.362829333333334,0.6716666666666667,18.636475577864534,0
2023-05-08 21:00:00,19.401819935920177,9.622008,0.6666666666666666,16.801786075799026,0
2023-05-08 22:00:00,19.573267717718412,12.149000000000001,0.7272222222222222,17.153116707194894,0
2023-05-08 23:00:00,17.651354944970027,12.667357333333333,0.7705555555555555,16.694048864864573,0
2023-05-09 00:00:00,19.33112115031863,12.732152,0.8594444444444443,17.11903359551502,0
2023-05-09 01:00:00,19.418666348501365,12.343384,0.9044444444444445,17.829915638741888,0
2023-05-09 02:00:00,21.854933565034184,11.339066666666668,0.9327777777777778,17.563830816679303,0
2023-05-09 03:00:00,20.221516061683083,5.637136000000001,0.8888888888888888,17.902448565255803,0
2023-05-09 04:00:00,20.070359061973896,6.4146719999999995,0.8527777777777779,18.862305848743354,0
2023-05-09 05:00:00,18.68971695163091,6.609056,0.8333333333333334,17.709425535809853,0
2023-05-09 06:00:00,18.43856768365219,7.2894000000000005,0.8177777777777777,18.298747858811776,0
2023-05-09 07:00:00,19.102010629692867,10.107968,0.8711111111111111,17.09856318670223,0
2023-05-09 08:00:00,20.24485880691338,11.987013333333332,0.9311111111111111,17.82336780478919,0
2023-05-09 09:00:00,21.172866148551446,11.112285333333332,0.9883333333333333,18.013910594211925,0
2023-05-09 10:00:00,21.14147847028866,11.630642666666667,1.0244444444444445,17.534747176936875,0
2023-05-09 11:00:00,18.238481503011098,10.658722666666668,1.0372222222222223,18.45054442364985,0
2023-05-09 12:00:00,19.578521926838814,10.464338666666666,1.0194444444444446,18.14896790515896,0
2023-05-09 13:00:00,20.67813858564797,10.529133333333332,1.0422222222222224,17.77316335377947,0
2023-05-09 14:00:00,19.844815830983496,10.010776,1.008888888888889,18.284339099093906,0
2023-05-09 15:00:00,19.749691640133623,9.654405333333335,0.9416666666666668,17.19794213316451,0
2023-05-09 16:00:00,21.756550563373995,8.423306666666667,0.8905555555555557,18.25619825119892,0
2023-05-09 17:00:00,18.24084747040244,7.159810666666666,0.8594444444444443,18.67512753881839,0
2023-05-09 18:00:00,19.818425587990955,7.548578666666667,0.8572222222222222,18.054949794876276,0
2023-05-09 19:00:00,21.218680246732784,7.257002666666668,0.8111111111111112,18.761096720119752,0
2023-05-09 20:00:00,19.56108750312543,7.127413333333333,0.7883333333333332,17.827074226303537,0
2023-05-09 21:00:00,21.081831845493458,7.710565333333334,0.7238888888888888,18.584316205385306,0
2023-05-09 22:00:00,20.28389924645781,7.775359999999999,0.7200000000000001,17.480759649674297,0
2023-05-09 23:00:00,21.433492181356197,8.844472,0.7072222222222222,16.212715987880873,0
2023-05-10 00:00:00,19.895717220722627,7.840154666666667,0.7205555555555555,17.520285911311166,0
2023-05-10 01:00:00,19.05520426184846,7.451386666666667,0.7166666666666667,18.801224438191575,0
2023-05-10 02:00:00,21.18341082583808,9.298034666666668,0.7005555555555555,17.804225685760162,0
2023-05-10 03:00:00,18.24054013521231,9.136048,0.71,18.570027044613518,0
2023-05-10 04:00:00,19.388914741426948,5.701930666666667,0.7322222222222222,18.306845476762607,0
2023-05-10 05:00:00,18.033179574535207,2.2678133333333332,0.7255555555555556,18.4890944027804,0
2023-05-10 06:00:00,18.544648790724366,0.9395226666666666,0.726111111111111,18.606973861828305,0
2023-05-10 07:00:00,18.190425946314438,2.1706213333333335,0.71,19.367570809422446,0
2023-05-10 08:00:00,18.8144808970201,3.3369253333333333,0.755,18.964688924428028,0
2023-05-10 09:00:00,22.871542953393302,3.596104,0.7672222222222222,18.678519325750134,0
2023-05-10 10:00:00,19.71947876927722,2.2354160000000003,0.8283333333333333,19.19161396882785,0
2023-05-10 11:00:00,22.586469824339506,1.6198666666666668,0.8444444444444444,18.717308922597766,0
2023-05-10 12:00:00,20.90343704333561,1.9438399999999998,0.9122222222222223,18.976410531650796,0
2023-05-10 13:00:00,18.389674290448266,3.4989120000000002,0.8922222222222222,18.01424132126248,0
2023-05-10 14:00:00,18.70351966244173,4.762408,0.9205555555555556,18.629034674445517,0
2023-05-10 15:00:00,16.774058736251007,6.285082666666667,0.8911111111111111,18.2076551916914,0
2023-05-10 16:00:00,18.37083078453427,6.835837333333334,0.9472222222222221,18.98235132131808,0
2023-05-10 17:00:00,20.853274163715326,7.548578666666667,0.9566666666666667,19.468750434490005,0
2023-05-10 18:00:00,19.082537986050667,9.298034666666666,0.965,17.74835447763168,0
2023-05-10 19:00:00,20.536809331771853,10.853106666666667,1.0266666666666666,18.16875866262377,0
2023-05-10 20:00:00,19.61964409091413,13.412495999999999,0.9472222222222223,19.06796535678847,0
2023-05-10 21:00:00,20.094188388843026,14.190032,0.985,15.790244896166707,0
2023-05-10 22:00:00,22.7881481773378,14.254826666666666,0.976111111111111,16.429127425992817,0
2023-05-10 23:00:00,20.005324472466707,13.639277333333334,0.9605555555555556,16.543247998667784,0
2023-05-11 00:00:00,21.314792190915938,14.060442666666667,0.9255555555555555,18.02296395933076,0
2023-05-11 01:00:00,19.832396434425778,14.870376,0.986111111111111,16.45435354231249,0
2023-05-11 02:00:00,19.922672733467106,15.615514666666668,1.085,17.50463691612113,0
2023-05-11 03:00:00,19.641100315365474,15.615514666666668,1.1766666666666665,19.00276265980401,0
2023-05-11 04:00:00,16.948069728041638,15.583117333333334,1.1927777777777777,17.434479288317224,1
2023-05-11 05:00:00,21.839290958601822,14.837978666666666,1.1733333333333331,15.458034660091299,0
2023-05-11 06:00:00,19.622253581509764,13.768866666666668,1.1405555555555555,16.89435599368949,0
2023-05-11 07:00:00,20.99634803739499,11.889821333333336,1.03,17.686063378883485,0
2023-05-11 08:00:00,19.973501769616764,9.136048,0.9461111111111111,18.42128252282544,0
2023-05-11 09:00:00,19.1755622654236,8.131730666666668,0.8755555555555555,18.497255622736585,0
2023-05-11 10:00:00,22.259465182920053,7.710565333333334,0.8222222222222221,17.922432429555652,0
2023-05-11 11:00:00,21.94269403158759,7.580976,0.8177777777777777,19.10357610438062,0
2023-05-11 12:00:00,18.448596377436086,6.3822746666666665,0.7916666666666666,17.834197960168577,0
2023-05-11 13:00:00,19.607819497365508,5.896314666666666,0.7994444444444445,17.701417941629146,0
2023-05-11 14:00:00,21.332936321935282,5.896314666666666,0.8022222222222223,17.62089271749274,0
2023-05-11 15:00:00,21.816510612789305,5.151176,0.7494444444444444,19.116712396641283,0
2023-05-11 16:00:00,19.188560993480937,7.9373466666666666,0.7388888888888889,18.028428832382204,0
2023-05-11 17:00:00,18.89262318984898,8.423306666666667,0.7055555555555556,19.305620666741373,0
2023-05-11 18:00:00,20.4830460785335,11.274272000000002,0.6955555555555555,18.585213888996424,0
2023-05-11 19:00:00,18.24828717408275,10.464338666666666,0.7022222222222222,18.52689649110431,1
2023-05-11 20:00:00,21.029496641544565,8.941664000000001,0.6666666666666666,18.806593550786417,0
2023-05-11 21:00:00,19.5457878858504,12.732152,0.6905555555555556,16.861696148106095,1
2023-05-11 22:00:00,22.16348472477741,13.898456000000001,0.7472222222222222,17.33975812201675,0
2023-05-11 23:00:00,19.58854631262317,14.902773333333334,0.8005555555555556,17.705316117468016,0
2023-05-12 00:00:00,19.051024298672193,15.745104,0.9111111111111111,17.3696767530859,0
2023-05-12 01:00:00,20.676843981967348,15.842296,0.9733333333333333,16.763358953386348,0
2023-05-12 02:00:00,19.53665807846353,14.837978666666666,1.0016666666666667,16.36840130423664,0
2023-05-12 03:00:00,18.70255637447699,13.153317333333334,1.0066666666666666,17.412148122379552,0
2023-05-12 04:00:00,19.43022014331493,12.732152,0.9933333333333333,17.337033488725936,0
2023-05-12 05:00:00,20.596766740272923,12.440576,1.0077777777777779,16.45143118329669,0
2023-05-12 06:00:00,18.42339431773166,12.149000000000001,0.9372222222222222,17.57464330543609,0
2023-05-12 07:00:00,19.65063127816999,10.431941333333333,0.8705555555555556,18.224074830328593,0
2023-05-12 08:00:00,19.374265509241482,9.168445333333333,0.84,19.90692167508529,0
2023-05-12 09:00:00,20.489888479563426,8.488101333333333,0.7888888888888889,18.78220304469546,0
2023-05-12 10:00:00,19.052146839803708,8.520498666666667,0.7661111111111111,17.677378479779097,0
2023-05-12 11:00:00,19.673743836002078,6.673850666666667,0.7194444444444444,17.961276012137848,0
2023-05-12 12:00:00,21.14351893928671,5.021586666666667,0.6922222222222222,19.444184176252644,0
2023-05-12 13:00:00,20.716141364235956,8.228922666666667,0.6572222222222223,17.3664683815431,0
2023-05-12 14:00:00,19.227956762082883,10.5744896,0.6686666666666667,17.811492004663307,0
2023-05-12 15:00:00,21.251317918705098,9.978378666666666,0.7022222222222222,17.466416241096052,0
2023-05-12 16:00:00,22.516510930487886,8.844472000000001,0.6977777777777777,18.138113367105287,0
2023-05-12 17:00:00,19.074965260314425,9.330432,0.65,17.84688306577574,0
2023-05-12 18:00:00,19.33753019654375,9.945981333333334,0.6716666666666667,17.942312815940543,0
2023-05-12 19:00:00,20.1311434825869,10.464338666666668,0.6594444444444445,19.168125247742452,0
2023-05-12 20:00:00,19.343819749926226,11.889821333333336,0.6594444444444445,16.33193064804316,0
2023-05-12 21:00:00,18.982556808453435,13.704072000000002,0.7283333333333334,17.492117231872044,0
2023-05-12 22:00:00,19.410987011383902,13.282906666666667,0.7572222222222221,17.31523669826653,0
2023-05-12 23:00:00,18.54168608223183,13.444893333333333,0.7433333333333333,16.69250564680556,0
2023-05-13 00:00:00,18.75918414966304,14.09284,0.7605555555555555,17.434930878759722,0
2023-05-13 01:00:00,19.388512260858775,14.384416000000002,0.8133333333333334,17.966137930768276,0
2023-05-13 02:00:00,22.92187223401504,13.995648000000001,0.8644444444444445,18.770503314204873,1
2023-05-13 03:00:00,19.964933609472013,12.991330666666668,1.0144444444444445,16.54581424497969,0
2023-05-13 04:00:00,21.0696905174724,11.695437333333333,1.0711111111111113,17.137411678848128,0
2023-05-13 05:00:00,19.530487346478253,10.950298666666667,0.918888888888889,16.617495495342514,0
2023-05-13 06:00:00,19.08265185556998,10.431941333333333,0.866111111111111,16.772850524074176,0
2023-05-13 07:00:00,21.354667303039406,8.844472000000001,0.8494444444444444,18.402606241926907,0
2023-05-13 08:00:00,21.107980536947696,9.816392,0.8066666666666666,18.600528435822294,0
2023-05-13 09:00:00,20.419637903463904,7.9373466666666666,0.8033333333333333,18.653079983656863,0
2023-05-13 10:00:00,21.800174984741627,5.896314666666666,0.79,19.212837012687746,0
2023-05-13 11:00:00,20.03186321382478,8.617690666666666,0.7511111111111112,18.74035456846623,0
2023-05-13 12:00:00,18.85038985650296,7.613373333333333,0.7627777777777777,16.990355074475392,0
2023-05-13 13:00:00,21.56501611238701,8.876869333333334,0.7422222222222222,18.066991825050106,0
2023-05-13 14:00:00,20.02300879024177,9.362829333333332,0.7444444444444445,18.44295837867251,0
2023-05-13 15:00:00,18.930156528385925,8.74728,0.7422222222222222,17.98793079650785,0
2023-05-13 16:00:00,19.163641154061565,7.580976,0.7155555555555555,18.042444886646603,0
2023-05-13 17:00:00,22.694079324257576,7.516181333333333,0.7133333333333333,17.565432952237767,0
2023-05-13 18:00:00,19.434898440996218,6.576658666666667,0.6766666666666667,18.54203557185521,0
2023-05-13 19:00:00,20.29037139956101,6.479466666666667,0.71,18.787779581813414,0
2023-05-13 20:00:00,19.271715489899137,7.095016,0.6866666666666666,19.07738818335534,0
2023-05-13 21:00:00,19.84970621183017,9.427624,0.8250000000000001,17.639776128122772,0
2023-05-13 22:00:00,21.397931809827963,10.593928,0.9494444444444444,17.691589453158794,0
2023-05-13 23:00:00,21.222338978555324,12.375781333333334,0.9827777777777778,16.412230708509433,0
2023-05-14 00:00:00,20.29805450184015,13.282906666666667,1.0238888888888888,16.849939922144888,0
2023-05-14 01:00:00,20.465995510380107,12.343384,1.0850000000000002,19.570015865878208,0
2023-05-14 02:00:00,20.556689701305483,11.144682666666666,1.0072222222222222,17.812393618609082,0
2023-05-14 03:00:00,21.568542926018022,7.580976,0.9905555555555555,16.865719587995958,1
2023-05-14 04:00:00,19.330092383851046,6.123096,0.9855555555555555,19.203618802439696,0
2023-05-14 05:00:00,22.07303392229089,9.654405333333335,0.8772222222222222,18.524492421135438,0
2023-05-14 06:00:00,19.598696218764765,12.246192,0.8144444444444444,17.331095485528593,0
2023-05-14 07:00:00,19.19122333917844,15.583117333333332,0.851111111111111,17.00034824499374,0
2023-05-14 08:00:00,22.14445396280838,17.105792,0.9116666666666667,16.34199544492446,0
2023-05-14 09:00:00,20.875636558253152,16.457845333333335,0.9022222222222224,16.288767622096316,0
2023-05-14 10:00:00,19.39801050912744,19.632784,0.9566666666666667,15.587705414099934,0
2023-05-14 11:00:00,21.038345898979447,17.705142666666667,1.0666666666666667,17.58277336930955,0
2023-05-14 12:00:00,19.940326697118476,15.728905333333332,1.1300000000000001,15.47571406020158,0
2023-05-14 13:00:00,20.780728444226337,12.991330666666668,1.1644444444444444,17.87079144955678,0
2023-05-14 14:00:00,21.13659310311293,10.853106666666667,1.176388888888889,17.71780874664996,0
2023-05-14 15:00:00,21.015013766396287,8.766718399999998,1.1286666666666667,17.634773884403415,0
2023-05-14 16:00:00,21.1976422318485,6.5701792,1.0719999999999998,19.3304446803327,0
2023-05-14 17:00:00,17.621192752265976,5.442752,1.085925925925926,19.013976063904945,0
2023-05-14 18:00:00,19.163140786599282,5.232169333333333,1.1159259259259258,18.69059165042194,0
2023-05-14 19:00:00,19.803026577576276,6.771042666666666,1.0,18.1179895902123,0
2023-05-14 20:00:00,19.12259401782094,8.196525333333334,0.8701851851851852,19.056721864127834,0
2023-05-14 21:00:00,19.52139901573997,7.9373466666666666,0.8491666666666666,18.79872064273378,0
2023-05-14 22:00:00,19.4490508227388,9.15764622222222,0.8325,17.45479359769792,0
2023-05-14 23:00:00,20.887220528872845,8.142529777777776,0.8326851851851851,18.42136885056123,0
2023-05-15 00:00:00,20.00544187323114,5.507546666666666,0.8322222222222222,18.617901487535004,0
2023-05-15 01:00:00,20.397744829906095,5.701930666666667,0.7761111111111111,19.448882598434547,0
2023-05-15 02:00:00,20.711508643506203,5.280765333333334,0.7644444444444445,18.400162517715184,0
2023-05-15 03:00:00,21.345638423545875,5.377957333333334,0.735,18.983428167871455,0
2023-05-15 04:00:00,20.32414600589971,5.539944000000001,0.7072222222222222,19.484307735844528,0
2023-05-15 05:00:00,20.986810188530274,7.904949333333334,0.7216666666666667,17.73563783632334,0
2023-05-15 06:00:00,20.780678525824595,11.274272000000002,0.7122222222222222,17.648001910184963,0
2023-05-15 07:00:00,20.931802435304657,9.945981333333334,0.758888888888889,18.11459112393992,0
2023-05-15 08:00:00,19.25251082601053,6.900631999999999,0.7761111111111112,18.734139888382575,0
2023-05-15 09:00:00,20.28317608997078,8.714882666666666,0.7177777777777777,17.630502253048473,0
2023-05-15 10:00:00,19.8173083450046,9.816392,0.6905555555555556,17.645373824528395,0
2023-05-15 11:00:00,18.800467976610765,8.423306666666667,0.6733333333333333,17.931818343546208,0
2023-05-15 12:00:00,21.889763112530925,8.164128,0.6361111111111111,18.587886943332844,0
2023-05-15 13:00:00,17.803753872770454,8.196525333333334,0.595,18.377025496411616,0
2023-05-15 14:00:00,18.68357000335264,7.418989333333333,0.5605555555555556,18.368384253888284,0
2023-05-15 15:00:00,20.321088933210284,9.427624,0.535,18.098712503159813,0
2023-05-15 16:00:00,19.485556332688336,8.650088,0.5005555555555555,17.263886881047803,0
2023-05-15 17:00:00,20.34664306304616,7.807757333333332,0.4916666666666667,19.207369402481092,0
2023-05-15 18:00:00,19.87180226367337,9.654405333333333,0.4477777777777778,16.715523489303262,0
2023-05-15 19:00:00,17.768448727069824,12.861741333333333,0.47555555555555556,18.102672302342988,0
2023-05-15 20:00:00,20.610264318752062,14.546402666666667,0.6527777777777778,15.91035413284226,0
2023-05-15 21:00:00,20.26609297314462,16.004282666666665,0.8677777777777779,15.236310849933446,0
2023-05-15 22:00:00,18.94765259856747,15.485925333333334,1.0727777777777778,16.35085321589924,1
2023-05-15 23:00:00,19.223711800997375,17.526957333333332,1.126111111111111,16.135404787930597,0
2023-05-16 00:00:00,20.833101007947967,19.470797333333334,1.2655555555555555,17.05131974794726,1
2023-05-16 01:00:00,21.206113896842282,19.11442666666667,1.4316666666666666,15.76837430435854,0
2023-05-16 02:00:00,18.783886090657255,19.665181333333333,1.7061111111111111,15.5797262793189,0
2023-05-16 03:00:00,20.155972466598243,17.786136,1.7055555555555555,16.81638126271528,1
2023-05-16 04:00:00,19.83129818658055,17.008599999999998,1.5905555555555555,17.015845524936136,1
2023-05-16 05:00:00,21.870980681850323,14.740786666666667,1.4500000000000002,17.642501087862115,0
2023-05-16 06:00:00,21.077517838900153,15.745104,1.2983333333333333,17.556713250795934,1
2023-05-16 07:00:00,18.55360433984641,15.291541333333333,1.231111111111111,17.266915669730263,0
2023-05-16 08:00:00,19.722749530838787,14.708389333333335,1.1533333333333333,16.593414324191937,0
2023-05-16 09:00:00,19.493967496277808,11.598245333333333,1.0955555555555556,16.272527011296745,0
2023-05-16 10:00:00,19.131692179205256,11.015093333333333,1.0616666666666668,15.802967107920415,0
2023-05-16 11:00:00,20.17286574397266,12.375781333333334,1.0422222222222224,15.63686008609877,0
2023-05-16 12:00:00,20.25105531643133,12.796946666666665,1.0483333333333333,16.101309724183853,0
2023-05-16 13:00:00,20.541920011939485,13.704072000000002,1.0694444444444444,16.9744541415629,0
2023-05-16 14:00:00,20.771743929845986,12.116602666666665,1.097222222222222,18.063550437654687,0
2023-05-16 15:00:00,20.23338853985714,9.557213333333335,1.0494444444444444,18.02176667219378,0
2023-05-16 16:00:00,20.412497645519167,10.237557333333333,0.9477777777777777,17.90120478395183,0
2023-05-16 17:00:00,21.20941702918225,12.310986666666667,0.9216666666666667,18.01051038160807,1
2023-05-16 18:00:00,19.34993492254688,15.874693333333333,1.0177777777777777,17.465400644546992,1
2023-05-16 19:00:00,21.21313963269935,16.814216,1.143888888888889,17.23092564944888,0
2023-05-16 20:00:00,19.843880549315315,18.563672,1.3472222222222223,16.926263145850154,0
2023-05-16 21:00:00,18.076040086930153,19.567989333333333,1.6472222222222221,15.559312785558555,0
2023-05-16 22:00:00,20.104500693882425,20.215936,1.7766666666666666,14.423205167265706,0
2023-05-16 23:00:00,20.553742933249975,19.859565333333332,1.7766666666666666,16.26582777243834,0
2023-05-17 00:00:00,20.18578031634972,17.024798666666666,1.7566666666666666,17.141664776481694,1
2023-05-17 01:00:00,19.945408966987518,16.457845333333335,1.6422222222222222,16.435847592397522,0
2023-05-17 02:00:00,20.92755623436529,15.518322666666664,1.4555555555555555,17.072870661371315,0
2023-05-17 03:00:00,17.500099742021444,14.870376,1.4561111111111111,16.678660188712513,0
2023-05-17 04:00:00,20.2944044514652,14.805581333333334,1.3422222222222224,17.19024032709478,0
2023-05-17 05:00:00,19.671826822325848,12.505370666666666,1.2944444444444445,17.089638447275792,0
2023-05-17 06:00:00,22.103033657578994,10.820709333333333,1.2894444444444444,16.837480682645488,0
2023-05-17 07:00:00,20.1248160132437,9.816392,1.2761111111111112,16.96204924982285,1
2023-05-17 08:00:00,18.9290476163078,8.876869333333334,1.1977777777777778,18.47951053476611,0
2023-05-17 09:00:00,18.965153316225994,12.63496,1.1344444444444444,17.941314801033695,1
2023-05-17 10:00:00,20.781463062378332,16.846613333333334,1.055,16.921930222449987,0
2023-05-17 11:00:00,21.700356067351482,22.613338666666667,1.267777777777778,14.722892154094353,0
2023-05-17 12:00:00,22.852460922487627,21.706213333333334,1.2877777777777777,14.829294422957277,0
2023-05-17 13:00:00,18.90312104752258,21.090664,1.4088888888888889,15.178221095236262,0
2023-05-17 14:00:00,20.253030019806626,18.855248,1.4205555555555556,15.449534502910472,0
2023-05-17 15:00:00,20.93102495028973,17.462162666666668,1.3472222222222223,16.838860309551293,0
2023-05-17 16:00:00,20.182279251838317,16.490242666666667,1.2527777777777778,16.75598149458885,0
2023-05-17 17:00:00,22.94038370829467,13.574482666666668,1.165,16.66327367336498,0
2023-05-17 18:00:00,21.75607075467076,13.444893333333333,1.0772222222222223,17.418112984210683,0
2023-05-17 19:00:00,21.25857458321749,15.097157333333334,1.0344444444444445,16.015293950670415,1
2023-05-17 20:00:00,19.535916574361497,12.246192,1.0533333333333335,16.06361881518026,0
2023-05-17 21:00:00,20.512327912177295,9.103650666666667,0.9744444444444444,17.955639031448936,0
2023-05-17 22:00:00,20.567455796516125,8.034538666666668,0.8972222222222223,19.20660691104148,0
2023-05-17 23:00:00,20.683412627618043,11.112285333333332,0.9127777777777778,17.787252382997593,0
2023-05-18 00:00:00,17.997257896689128,15.421130666666665,1.0922222222222222,17.463718085157897,0
2023-05-18 01:00:00,20.554308946155658,17.429765333333332,1.2605555555555557,15.990417317036671,0
2023-05-18 02:00:00,19.555813758646924,18.531274666666665,1.2877777777777777,17.07847070014645,0
2023-05-18 03:00:00,20.10117385548076,17.332573333333332,1.2177777777777778,16.14740685277165,0
2023-05-18 04:00:00,21.000750700215686,17.591752,1.123888888888889,16.390543213556786,0
2023-05-18 05:00:00,19.250433996070324,17.62414933333333,1.1644444444444444,18.09684860486522,0
2023-05-18 06:00:00,20.304055535208196,15.777501333333333,1.1938888888888888,17.202982362202068,0
2023-05-18 07:00:00,19.858229998339816,16.490242666666663,1.1644444444444444,17.60198050735452,0
2023-05-18 08:00:00,19.584368972440057,15.550719999999998,1.1377777777777778,15.95008164315945,1
2023-05-18 09:00:00,18.932346259147437,15.777501333333333,1.1788888888888889,15.682035964367705,0
2023-05-18 10:00:00,17.590621439012182,14.611197333333331,1.2044444444444444,18.240548588145952,0
2023-05-18 11:00:00,20.395536866298837,13.444893333333333,1.191111111111111,16.83834224280108,0
2023-05-18 12:00:00,19.509837015177183,12.440576,1.0955555555555556,17.991083278457214,0
2023-05-18 13:00:00,18.899578817520474,11.468656000000001,1.0050000000000001,17.328044011912276,0
2023-05-18 14:00:00,19.823291124217054,9.945981333333334,0.9388888888888888,17.92749141672391,1
2023-05-18 15:00:00,20.1313496099438,8.326114666666667,0.8883333333333333,19.395315277914914,0
2023-05-18 16:00:00,17.644366704907135,8.164128,0.8377777777777777,19.004801229081902,0
2023-05-18 17:00:00,19.801161024935755,8.196525333333332,0.8144444444444444,17.454651443061554,0
2023-05-18 18:00:00,19.064338535310068,8.034538666666666,0.8422222222222221,18.626478007204113,0
2023-05-18 19:00:00,20.42697668642305,7.775359999999999,0.8033333333333333,18.211552470704273,0
2023-05-18 20:00:00,20.77030677939582,8.488101333333333,0.8472222222222222,17.488250686197496,0
2023-05-18 21:00:00,21.23183265583401,10.010776,0.778888888888889,18.342764241311688,0
2023-05-18 22:00:00,20.205697536024708,9.881186666666666,0.805,18.619895466098175,0
2023-05-18 23:00:00,19.828995764372753,9.913584,0.7633333333333333,18.041506636595376,0
2023-05-19 00:00:00,21.40187353215335,12.019410666666666,0.7694444444444445,16.380380072376113,0
2023-05-19 01:00:00,22.427729214301163,12.246191999999999,0.7961111111111112,16.48816343614347,0
2023-05-19 02:00:00,20.188039185488737,11.66304,0.8338888888888888,16.83390635729111,0
2023-05-19 03:00:00,19.165397712887962,12.505370666666666,0.8466666666666667,17.760468782146024,1
2023-05-19 04:00:00,21.144268090698475,13.542085333333333,0.8883333333333333,18.33763514972647,0
2023-05-19 05:00:00,21.607255230112482,14.060442666666667,0.9155555555555556,17.628689038581104,0
2023-05-19 06:00:00,19.530082665945,14.384416,0.9533333333333333,15.909419397892691,0
2023-05-19 07:00:00,19.091806632058532,15.226746666666665,0.9472222222222223,18.592762971408977,0
2023-05-19 08:00:00,20.169611504656405,16.231064,1.0516666666666667,16.924886495542214,0
2023-05-19 09:00:00,21.76766925964101,16.166269333333332,1.1427777777777777,17.673772543483974,1
2023-05-19 10:00:00,20.545668017549197,16.004282666666665,1.1827777777777777,16.70317511218185,0
2023-05-19 11:00:00,20.268358698268035,15.631713333333332,1.16,17.26964328796709,0
2023-05-19 12:00:00,20.178239277332626,15.129554666666666,1.1733333333333331,16.843531336277355,0
2023-05-19 13:00:00,17.6805243413447,13.606879999999999,1.21,16.971368497582365,0
2023-05-19 14:00:00,20.044856359807046,12.699754666666665,1.041111111111111,16.865604097622473,0
2023-05-19 15:00:00,21.674609277460792,11.339066666666668,0.9916666666666667,18.197233503959783,0
2023-05-19 16:00:00,20.843237991642187,10.593928,0.9266666666666666,17.979652251789712,0
2023-05-19 17:00:00,20.655783096199894,11.274272000000002,0.8916666666666666,17.496961592861854,0
2023-05-19 18:00:00,18.154635596642148,11.241874666666666,0.8583333333333334,17.870452000111598,0
2023-05-19 19:00:00,20.28933857169847,12.991330666666665,0.8688888888888888,16.095366570714884,0
2023-05-19 20:00:00,17.553306646173013,13.671674666666666,0.866111111111111,16.778168900209383,0
2023-05-19 21:00:00,19.924677587921767,14.352018666666666,0.8850000000000001,17.209340989781442,0
2023-05-19 22:00:00,17.539074708206222,13.995648000000001,0.9211111111111112,16.523709974056832,0
2023-05-19 23:00:00,20.582398420456656,13.12092,0.9505555555555555,18.411016258636284,0
2023-05-20 00:00:00,21.642902315606744,13.930853333333333,0.9511111111111111,17.570234949334544,0
2023-05-20 01:00:00,19.310154031330736,9.978378666666666,0.8744444444444444,17.816782129284814,0
2023-05-20 02:00:00,19.30071901560943,9.200842666666667,0.8055555555555555,18.314986151346847,0
2023-05-20 03:00:00,21.33893022048868,6.965426666666667,0.7827777777777779,18.92766826207932,0
2023-05-20 04:00:00,19.436724501242885,7.840154666666667,0.7516666666666666,18.096998196943407,0
2023-05-20 05:00:00,19.1088647057077,6.252685333333333,0.7655555555555557,17.751757848020958,0
2023-05-20 06:00:00,19.516712271725346,5.34556,0.7866666666666667,19.088457957506893,0
2023-05-20 07:00:00,19.510361765972075,5.280765333333334,0.8105555555555556,18.948624984427962,0
2023-05-20 08:00:00,20.630907558883035,5.7343280000000005,0.8527777777777777,18.399514907742645,0
2023-05-20 09:00:00,17.936588313412447,6.803440000000001,0.8316666666666667,18.305812397636856,0
2023-05-20 10:00:00,18.09772841211539,6.868234666666667,0.9005555555555556,18.293741759761264,0
2023-05-20 11:00:00,21.764468450047175,10.043173333333334,0.951111111111111,18.323796348484404,0
2023-05-20 12:00:00,20.878508130260297,9.848789333333334,1.038888888888889,17.581005869908243,0
2023-05-20 13:00:00,21.455507155118365,12.440576,1.2005555555555556,17.355809853242434,0
2023-05-20 14:00:00,20.446346305628996,14.416813333333335,1.2905555555555555,16.80006439637525,0
2023-05-20 15:00:00,18.58719401391461,14.319621333333336,1.3555555555555558,16.724455266350336,1
2023-05-20 16:00:00,19.818252325533138,13.963250666666667,1.4005555555555553,16.252958475440835,1
2023-05-20 17:00:00,18.294910881097042,13.736469333333334,1.4427777777777777,17.838974118642607,0
2023-05-20 18:00:00,20.713530541644992,14.190032,1.5455555555555556,16.288683757715543,0
2023-05-20 19:00:00,20.384091916594702,15.809898666666667,1.4772222222222222,17.725437777970374,1
2023-05-20 20:00:00,19.34112754619191,15.647912,1.5394444444444444,16.259691519162555,0
2023-05-20 21:00:00,21.114167625975597,14.870376,1.6133333333333333,17.206583545511418,0
2023-05-20 22:00:00,20.598043042732154,14.449210666666668,1.5366666666666668,15.325725375541161,0
2023-05-20 23:00:00,21.051451511351,13.704072000000002,1.473888888888889,17.113782487972053,0
2023-05-21 00:00:00,20.637843387863345,13.477290666666667,1.5405555555555557,16.728676047324157,1
2023-05-21 01:00:00,21.129749470492772,12.505370666666666,1.6561111111111109,17.53960743705885,0
2023-05-21 02:00:00,19.192113877059167,12.310986666666667,1.5938888888888887,16.231480353774916,0
2023-05-21 03:00:00,19.117760796989373,12.116602666666665,1.5744444444444445,16.47567709089277,0
2023-05-21 04:00:00,20.12349777219642,8.974061333333333,1.5744444444444445,17.850159840589765,0
2023-05-21 05:00:00,19.44296692749302,9.200842666666667,1.708888888888889,19.23285070467526,0
2023-05-21 06:00:00,18.795678092681772,10.140365333333333,1.8399999999999999,17.49733637201358,0
2023-05-21 07:00:00,20.682985964428045,11.436258666666667,1.8783333333333332,17.420403615801387,0
2023-05-21 08:00:00,19.889152639069412,14.157634666666667,1.9655555555555555,17.056630909394297,1
2023-05-21 09:00:00,22.10330768908693,14.805581333333334,1.9166666666666667,17.527023397431098,0
2023-05-21 10:00:00,20.886541687742454,18.563672,1.7805555555555557,15.748596746474236,0
2023-05-21 11:00:00,18.877462775726485,19.632784,1.913888888888889,14.913526246048816,0
2023-05-21 12:00:00,21.569986504481317,18.920042666666667,1.9141666666666666,17.133997891099195,1
2023-05-21 13:00:00,22.71225598471249,16.36065333333333,1.8325000000000002,16.803321876870456,1
2023-05-21 14:00:00,18.69840545594157,12.926536,1.656666666666667,17.367298669819082,0
2023-05-21 15:00:00,21.23191934956237,11.403861333333333,1.4683333333333335,16.945822787222603,0
2023-05-21 16:00:00,20.190218586293224,10.496736,1.478888888888889,16.939573851023486,0
2023-05-21 17:00:00,19.02517766951006,10.043173333333334,1.4400000000000002,19.175249664648714,0
2023-05-21 18:00:00,18.59027623373602,9.330432,1.4972222222222225,17.14360867940231,0
2023-05-21 19:00:00,20.039724903016914,9.200842666666667,1.5655555555555558,19.16287241384018,0
2023-05-21 20:00:00,21.319409981932427,10.658722666666668,1.5433333333333332,17.598777151100137,0
2023-05-21 21:00:00,20.023118148909933,9.751597333333335,1.5966666666666667,18.487497887908003,0
2023-05-21 22:00:00,20.229500242260087,9.136048,1.5605555555555555,18.2127032420324,0
2023-05-21 23:00:00,21.86361205585203,7.483784,1.4861111111111114,18.74404937385481,0
2023-05-22 00:00:00,22.145680973728133,5.799122666666666,1.4766666666666668,17.893724182963048,0
2023-05-22 01:00:00,18.149035722297338,4.503229333333333,1.3988888888888888,19.453300285038896,0
2023-05-22 02:00:00,19.897214719553514,3.628501333333334,1.3538888888888891,19.230051562982514,0
2023-05-22 03:00:00,19.96544300315649,4.8272026666666665,1.2505555555555554,18.59038971447521,0
2023-05-22 04:00:00,19.00297280954017,5.086381333333334,1.111111111111111,18.83011605372534,0
2023-05-22 05:00:00,18.06790195309167,7.483784,1.15,18.34188831445169,0
2023-05-22 06:00:00,20.04802928534537,9.136048,1.0711111111111111,18.12219795738302,0
2023-05-22 07:00:00,22.707240560031384,10.302352,1.0483333333333333,17.429599896912745,0
2023-05-22 08:00:00,19.743835965925808,9.978378666666666,1.066111111111111,17.586687365272848,0
2023-05-22 09:00:00,23.56108666609515,10.658722666666668,1.0266666666666666,17.40127597369922,0
2023-05-22 10:00:00,20.642468774747673,10.723517333333334,1.0405555555555557,17.330954114075926,0
2023-05-22 11:00:00,18.26265685697434,10.010776,1.0238888888888888,16.99831151371656,0
2023-05-22 12:00:00,17.954933973576626,9.589610666666667,0.9349999999999999,18.95293055566201,0
2023-05-22 13:00:00,16.465223760603433,10.010776,0.9427777777777777,19.28227786208927,0
2023-05-22 14:00:00,21.283256056593025,10.399544,0.8927777777777778,16.86914681818777,0
2023-05-22 15:00:00,21.002664732700662,11.630642666666667,0.9066666666666667,16.008190179611454,0
2023-05-22 16:00:00,20.89698020905645,13.768866666666668,0.9305555555555555,16.946897021759636,0
2023-05-22 17:00:00,18.803909869310733,13.963250666666667,0.9994444444444445,17.87485627791935,0
2023-05-22 18:00:00,19.754568972249356,13.995648000000001,1.0161111111111112,15.709706224094736,1
2023-05-22 19:00:00,20.348940223932875,14.5788,1.0772222222222223,17.523833237199213,0
2023-05-22 20:00:00,21.01457960874638,15.194349333333333,1.146111111111111,16.363881768597924,1
2023-05-22 21:00:00,21.567150188050856,14.222429333333332,1.1172222222222221,16.338033312395517,0
2023-05-22 22:00:00,17.519546038621673,14.222429333333332,1.1177777777777778,17.308205470458628,0
2023-05-22 23:00:00,19.04567202740706,14.643594666666667,1.1555555555555554,16.484905786463866,0
2023-05-23 00:00:00,20.749922298200506,15.453528,1.1122222222222222,18.3153363260023,0
2023-05-23 01:00:00,18.46371299459359,15.161952,1.155,16.770097881521238,0
2023-05-23 02:00:00,19.237888072976563,14.870376,1.155,16.41140284867371,1
2023-05-23 03:00:00,19.458374997119076,14.060442666666667,1.1872222222222222,16.697294264507445,0
2023-05-23 04:00:00,19.774648647105085,12.602562666666666,1.19,16.85947164204013,0
2023-05-23 05:00:00,22.081836082654977,10.772113333333332,1.1105555555555557,18.033166245464045,0
2023-05-23 06:00:00,20.166318165202387,9.816392,1.107777777777778,18.355279033784925,0
2023-05-23 07:00:00,18.573235089877745,9.686802666666667,1.126111111111111,17.708974761739345,0
2023-05-23 08:00:00,20.256880849215005,10.917901333333333,1.1316666666666666,17.6355404273454,0
2023-05-23 09:00:00,22.347260544982493,12.570165333333334,1.1972222222222222,16.576369669362908,0
2023-05-23 10:00:00,20.361652245714907,13.347701333333333,1.2177777777777778,17.826796078022735,0
2023-05-23 11:00:00,17.436048146118033,12.63496,1.231111111111111,17.620831051606952,0
2023-05-23 12:00:00,20.762230781766103,11.857424,1.1816666666666666,17.697273890897396,0
2023-05-23 13:00:00,18.91360277587532,13.768866666666668,1.2033333333333334,17.928831936543787,0
2023-05-23 14:00:00,19.75153086578987,14.416813333333332,1.2177777777777778,16.596685781153234,1
2023-05-23 15:00:00,19.04937579060481,14.352018666666668,1.1938888888888888,16.817874229404463,0
2023-05-23 16:00:00,21.18120413097233,14.611197333333335,1.176111111111111,17.02658454429033,0
2023-05-23 17:00:00,21.807443667869546,14.481608,1.2172222222222222,17.490149125341734,0
2023-05-23 18:00:00,20.33862435647864,14.028045333333333,1.2766666666666666,16.52479307899574,0
2023-05-23 19:00:00,18.77724396930127,13.736469333333334,1.2344444444444445,17.865859076392677,1
2023-05-23 20:00:00,17.693309363240363,13.380098666666667,1.248888888888889,18.183379749605276,1
2023-05-23 21:00:00,19.588904089505522,12.732152,1.22,17.68007736115556,0
2023-05-23 22:00:00,20.952256333883977,12.764549333333333,1.328888888888889,17.701958987357255,0
2023-05-23 23:00:00,18.507827934039167,12.343384,1.4494444444444443,16.3861013501067,1
2023-05-24 00:00:00,19.588738364132286,12.278589333333334,1.4494444444444445,17.407397542218057,0
2023-05-24 01:00:00,19.515702052255588,10.755914666666667,1.4472222222222222,18.69047245773639,0
2023-05-24 02:00:00,19.940171874460738,9.686802666666667,1.4649999999999999,17.64194742664295,0
2023-05-24 03:00:00,21.330273619362416,10.593928,1.441111111111111,17.425741738139937,0
2023-05-24 04:00:00,20.895404063129018,10.820709333333333,1.3805555555555555,18.09799915105288,0
2023-05-24 05:00:00,20.49468936730057,11.468656000000001,1.3672222222222221,16.98032462862752,0
2023-05-24 06:00:00,20.888153925131093,11.630642666666667,1.3916666666666666,17.121673354387937,0
2023-05-24 07:00:00,19.258337140013136,11.079887999999999,1.4105555555555556,18.305624144326835,0
2023-05-24 08:00:00,19.414785296382817,10.69112,1.4027777777777777,17.768521346281062,0
2023-05-24 09:00:00,17.30448645701745,9.816392,1.4594444444444443,17.90130825416306,0
2023-05-24 10:00:00,19.323059603599688,9.103650666666667,1.433888888888889,18.120442419401975,0
2023-05-24 11:00:00,20.152889602004777,7.77536,1.3844444444444444,18.40824825653506,0
2023-05-24 12:00:00,19.509999844426734,6.771042666666666,1.3705555555555555,18.942575079688215,0
2023-05-24 13:00:00,20.844133454126652,8.164128,1.4316666666666666,17.348342634954914,0
2023-05-24 14:00:00,21.06190205849083,5.961109333333333,1.3594444444444445,18.886623887005673,0
2023-05-24 15:00:00,18.49311031001007,4.179256,1.3894444444444443,19.125909178631137,0
2023-05-24 16:00:00,20.834958432660887,3.5637066666666666,1.3183333333333334,18.42508592025306,0
2023-05-24 17:00:00,22.650810743905698,4.049666666666667,1.236111111111111,18.726579152270187,0
2023-05-24 18:00:00,20.11888564535761,4.276448,1.3383333333333336,19.021124702283302,0
2023-05-24 19:00:00,19.78385004148937,4.632818666666666,1.308888888888889,17.858955618672184,0
2023-05-24 20:00:00,19.7338691516616,5.572341333333333,1.3244444444444445,18.139974447859533,0
2023-05-24 21:00:00,19.575043806580272,5.863917333333333,1.3316666666666668,18.414260659551754,0
2023-05-24 22:00:00,18.503704319131117,8.617690666666666,1.3044444444444445,19.614903990379286,0
2023-05-24 23:00:00,22.211926031851586,7.6457706666666665,1.3705555555555555,19.022934143896748,0
2023-05-25 00:00:00,20.99435250010841,9.492418666666667,1.3411111111111111,17.997550517267857,0
2023-05-25 01:00:00,18.401374433722072,6.803439999999999,1.31,19.222487423240022,0
2023-05-25 02:00:00,21.49785066425521,14.416813333333332,1.2616666666666667,18.101491328491093,0
2023-05-25 03:00:00,19.465192810627936,18.142506666666666,1.4044444444444444,15.675980173228922,0
2023-05-25 04:00:00,20.24171263658021,18.628466666666668,1.5077777777777779,16.25184857193445,0
2023-05-25 05:00:00,18.162166280690602,19.567989333333333,1.5272222222222223,14.060204496276988,0
2023-05-25 06:00:00,21.16911727493361,18.984837333333335,1.5816666666666668,16.798642899337576,0
2023-05-25 07:00:00,20.61596879741671,20.89628,1.595,15.41088830575994,0
2023-05-25 08:00:00,19.42819460099982,20.24833333333333,1.6255555555555556,15.279794002026222,0
2023-05-25 09:00:00,20.3966005697243,21.479432,1.6491666666666667,16.434945002935468,0
2023-05-25 10:00:00,20.270198077899177,21.268849333333332,1.6672222222222224,15.939561086766604,0
2023-05-25 11:00:00,20.639500196339696,21.155458666666664,1.8422222222222222,14.89656758256153,1
2023-05-25 12:00:00,19.157940831670345,20.377922666666667,1.8499999999999999,15.883152791996686,0
2023-05-25 13:00:00,19.01469476408972,18.758056,1.6672222222222224,15.799038221814667,0
2023-05-25 14:00:00,18.316149375946157,17.591752,1.6027777777777779,16.31542876956454,0
2023-05-25 15:00:00,21.133842562464967,14.09284,1.4683333333333335,17.233684996160807,0
2023-05-25 16:00:00,18.84070698567213,9.136048,1.3711111111111112,19.366741792019095,0
2023-05-25 17:00:00,19.347865252220128,4.082064,1.2644444444444445,19.27385490366515,0
2023-05-25 18:00:00,19.97416473530065,1.0691119999999998,1.1922222222222223,19.17274286137102,0
2023-05-25 19:00:00,16.932641085903583,1.9762373333333334,1.141851851851852,18.116344153482075,0
2023-05-25 20:00:00,20.66450057844645,4.049666666666667,1.145925925925926,18.479833857564845,0
2023-05-25 21:00:00,19.280767212172396,5.572341333333333,1.0805555555555555,17.228988441150705,0
2023-05-25 22:00:00,21.355629507426155,6.576658666666667,1.1144444444444443,18.671151128724492,0
2023-05-25 23:00:00,21.040766879930654,7.872552,1.1222222222222222,18.301852378661412,0
2023-05-26 00:00:00,18.93188345319008,7.872552,1.0794444444444444,18.531544057182753,0
2023-05-26 01:00:00,20.611510726754023,9.136048,1.0655555555555556,18.790456309558195,0
2023-05-26 02:00:00,20.466902527806194,9.395226666666668,1.1255555555555554,19.182764045653624,0
2023-05-26 03:00:00,18.899702368203712,9.589610666666667,1.0533333333333335,17.60788803423132,0
2023-05-26 04:00:00,20.842130200298197,9.848789333333334,0.9961111111111111,17.919949489483614,0
2023-05-26 05:00:00,19.351646811824924,9.881186666666666,1.0205555555555554,18.852738808794182,0
2023-05-26 06:00:00,19.57889173446044,9.686802666666667,1.0072222222222222,19.105523034630455,0
2023-05-26 07:00:00,19.129064901118564,7.062618666666666,1.0333333333333334,19.085489519682515,0
2023-05-26 08:00:00,17.56556302432538,5.280765333333333,1.0094444444444444,18.14206171274388,0
2023-05-26 09:00:00,20.51195330714771,8.585293333333333,1.0405555555555555,18.278531874794506,0
2023-05-26 10:00:00,21.510926403018953,7.095016,1.0,18.294603645882304,0
2023-05-26 11:00:00,18.470300589078143,8.650088,1.1083333333333334,18.264142664659474,0
2023-05-26 12:00:00,19.494395538599925,10.431941333333333,1.1572222222222222,18.42383244810697,0
2023-05-26 13:00:00,20.056651800544767,8.617690666666666,1.0711111111111111,17.027635094678015,0
2023-05-26 14:00:00,20.540137273181276,5.7667253333333335,1.0261111111111112,18.9674160528991,0
2023-05-26 15:00:00,17.63696593520807,3.6608986666666667,0.9955555555555556,18.78443455413775,0
2023-05-26 16:00:00,19.783693397042615,2.041032,0.9727777777777776,19.090194791836552,0
2023-05-26 17:00:00,20.001064787139736,3.7580906666666665,1.0216666666666667,17.71523929468682,0
2023-05-26 18:00:00,21.759898920690688,6.090698666666667,0.9572222222222222,17.453834249122927,0
2023-05-26 19:00:00,19.578062503334724,7.710565333333332,0.98,18.345131488270216,0
2023-05-26 20:00:00,20.50135756888463,7.418989333333333,0.9961111111111111,17.43967752970348,0
2023-05-26 21:00:00,20.03565965262299,7.613373333333333,0.9494444444444445,18.778860908926106,0
2023-05-26 22:00:00,19.013148686564836,7.3217973333333335,0.9894444444444445,18.793407933156384,0
2023-05-26 23:00:00,19.42976607385007,6.965426666666667,0.9,18.75706226754362,0
2023-05-27 00:00:00,18.83721578530401,6.965426666666667,0.91,18.244870087984907,0
2023-05-27 01:00:00,19.863294849261987,7.2894000000000005,0.995,19.412480781580467,0
2023-05-27 02:00:00,18.821039456658553,7.516181333333333,0.9677777777777777,17.987132264158845,0
2023-05-27 03:00:00,19.668643912258574,7.548578666666667,0.898888888888889,18.62743547927916,0
2023-05-27 04:00:00,17.913112951449406,6.252685333333333,0.9327777777777778,17.81111970327694,0
2023-05-27 05:00:00,21.621035706614034,4.2116533333333335,0.9155555555555556,18.70989837781664,0
2023-05-27 06:00:00,20.69651114001817,3.790488,0.8533333333333334,18.94237736362299,0
2023-05-27 07:00:00,19.215584683311793,3.693296,0.8488888888888888,18.56778250802086,0
2023-05-27 08:00:00,19.800532119904446,3.012952,0.8044444444444445,19.235419024681345,0
2023-05-27 09:00:00,20.031750774595164,2.397402666666667,0.7988888888888889,18.834809126941032,0
2023-05-27 10:00:00,19.62641607494268,4.470832000000001,0.8127777777777778,19.01823440270181,0
2023-05-27 11:00:00,18.974444478291016,4.924394666666667,0.8205555555555556,18.401352318954125,0
2023-05-27 12:00:00,20.311119740654586,2.7861706666666666,0.8166666666666668,18.93346551584185,0
2023-05-27 13:00:00,20.046552869622953,3.1749386666666664,0.8516666666666666,18.984244841683797,0
2023-05-27 14:00:00,20.56283165785044,4.406037333333333,0.7999999999999999,19.157328055503445,0
2023-05-27 15:00:00,20.981543976512196,3.9848719999999997,0.7949999999999999,19.421596363392286,0
2023-05-27 16:00:00,16.364286591243246,1.3282906666666665,0.8366666666666668,19.57490517687241,0
2023-05-27 17:00:00,19.86495759552701,0.777536,0.8116666666666666,19.67447755054621,0
2023-05-27 18:00:00,19.9026521477349,4.2116533333333335,0.8372222222222222,19.683124050378865,0
2023-05-27 19:00:00,18.48178490861931,6.285082666666667,0.8222222222222223,19.370935301234212,0
2023-05-27 20:00:00,21.656949583720436,9.330432,0.8361111111111111,17.221148441413664,0
2023-05-27 21:00:00,21.447414342542498,9.362829333333334,0.8683333333333333,18.771950377643137,0
2023-05-27 22:00:00,20.77789319956467,7.9697439999999995,0.8788888888888889,17.63905831191754,0
2023-05-27 23:00:00,21.022089806449923,7.062618666666666,0.9388888888888888,19.16415763369241,0
2023-05-28 00:00:00,23.080737041449463,7.224605333333333,0.91,18.027601388387943,0
2023-05-28 01:00:00,19.293531756491564,6.7062479999999995,0.8944444444444445,18.552806473293156,0
2023-05-28 02:00:00,20.82468742158842,5.7667253333333335,0.8561111111111112,18.161871795463963,0
2023-05-28 03:00:00,20.39951068579818,5.086381333333333,0.9133333333333334,19.710362294246398,0
2023-05-28 04:00:00,20.850555174774197,4.5356266666666665,0.9288888888888889,19.265106947239108,0
2023-05-28 05:00:00,21.37519265034687,2.91576,0.903888888888889,19.180246174496194,0
2023-05-28 06:00:00,19.7118026642138,1.263496,0.935,19.350322955280966,0
2023-05-28 07:00:00,19.73210925731013,0.291576,0.94,19.0428210083896,0
2023-05-28 08:00:00,20.518630703540826,0.12958933333333333,0.9611111111111111,19.2975459999651,0
2023-05-28 09:00:00,19.128147821616274,1.1339066666666666,0.9477777777777777,19.508428260954187,0
2023-05-28 10:00:00,21.023200691902538,2.1058266666666667,0.975,18.502805949566504,0
2023-05-28 11:00:00,19.82372100118532,2.8833626666666667,0.9788888888888888,19.016343311170903,0
2023-05-28 12:00:00,17.426630894001782,3.4665146666666664,1.0433333333333332,18.183557679083158,0
2023-05-28 13:00:00,21.534123088529967,2.5593893333333333,1.1211111111111112,19.336172921261635,0
2023-05-28 14:00:00,20.195857454685797,2.6565813333333335,1.0777777777777777,19.084246708409093,0
2023-05-28 15:00:00,18.757700917342124,1.5226746666666668,1.0916666666666666,18.614553119514735,0
2023-05-28 16:00:00,23.3631803529949,0.291576,1.106111111111111,18.4809248960493,0
2023-05-28 17:00:00,19.2251207356671,1.7494560000000001,1.095,17.549659065293785,0
2023-05-28 18:00:00,17.99088015025958,2.7861706666666666,1.1772222222222222,18.443371758395827,0
2023-05-28 19:00:00,23.42033368407097,3.0777466666666666,1.1633333333333333,18.162415828821803,0
2023-05-28 20:00:00,19.39067572570751,3.045349333333333,1.0666666666666667,19.6599881530135,0
2023-05-28 21:00:00,19.41862849051277,5.377957333333334,1.0705555555555557,18.08818691211157,0
2023-05-28 22:00:00,19.42216822393145,4.470832000000001,1.0450000000000002,18.013141433608848,0
2023-05-28 23:00:00,23.658367219431728,5.410354666666667,1.0650000000000002,19.57898587189815,0
2023-05-29 00:00:00,20.997450850828333,7.451386666666667,1.0544444444444445,18.75075373336754,0
2023-05-29 01:00:00,18.34784489921634,8.617690666666666,1.027777777777778,18.9953459874538,0
2023-05-29 02:00:00,21.497119331085873,8.228922666666667,1.0672222222222223,19.066555978512422,0
2023-05-29 03:00:00,20.423995084894898,6.933029333333334,1.07,19.46702253876826,0
2023-05-29 04:00:00,21.2666521352802,4.5032293333333335,1.0816666666666668,19.207134281071745,0
2023-05-29 05:00:00,19.539670483586093,3.2397333333333336,1.0566666666666666,19.86330804252445,0
2023-05-29 06:00:00,20.490541666646447,2.526992,1.0594444444444446,17.93354484441893,0
2023-05-29 07:00:00,21.296194406132667,0.9071253333333332,0.9877777777777778,18.973847936076194,0
2023-05-29 08:00:00,20.017123434929534,1.7494560000000001,1.027777777777778,19.033246891226025,0
2023-05-29 09:00:00,21.752567179968025,2.4945946666666665,1.0344444444444445,19.48856884968123,0
2023-05-29 10:00:00,20.219949664907542,2.624184,0.9316666666666666,19.42712262149598,0
2023-05-29 11:00:00,20.548433196955205,3.1425413333333334,0.9108333333333333,19.56318304858466,0
2023-05-29 12:00:00,19.442070324427693,2.397402666666667,0.903888888888889,19.54473722190667,0
2023-05-29 13:00:00,19.210661287606733,5.83152,0.883888888888889,18.621636774452906,0
2023-05-29 14:00:00,20.260124252727064,11.760232,0.9094444444444445,18.20664707615615,0
2023-05-29 15:00:00,18.762074430741553,20.34552533333333,1.0072222222222222,16.317488557676967,0
2023-05-29 16:00:00,19.066154805130402,19.827168,1.2094444444444445,16.085589969108728,1
2023-05-29 17:00:00,21.199504756806125,18.239698666666666,1.3183333333333334,15.9376757341416,0
2023-05-29 18:00:00,18.55848911316877,20.539909333333334,1.526111111111111,15.94781156845289,0
2023-05-29 19:00:00,19.107615607096278,19.79477066666667,1.7577777777777779,16.247250743389948,0
2023-05-29 20:00:00,20.631433382487458,21.73861066666667,1.8944444444444446,15.964834938129835,1
2023-05-29 21:00:00,20.256849397506112,20.24833333333333,1.8277777777777777,15.576850100740147,0
2023-05-29 22:00:00,19.365908835119384,20.799088,1.8733333333333333,16.167728576861176,1
2023-05-29 23:00:00,20.358962835927727,22.030186666666665,2.013333333333333,15.664026870530725,0
2023-05-30 00:00:00,20.689216373681628,22.451352,2.241111111111111,16.917913542618255,1
2023-05-30 01:00:00,20.2025140459425,21.025869333333333,2.1094444444444442,14.643533598140289,0
2023-05-30 02:00:00,20.874310630732097,21.025869333333333,2.227222222222222,16.69493207275819,0
2023-05-30 03:00:00,19.196118753059793,19.956757333333332,2.2033333333333336,15.825613302679209,1
2023-05-30 04:00:00,20.993211358280906,18.758056,2.1594444444444445,16.250793118393588,0
2023-05-30 05:00:00,20.905964677886416,17.49456,2.1444444444444444,18.244093105146767,0
2023-05-30 06:00:00,20.230969941618905,17.17058666666667,1.941111111111111,17.18396729749215,0
2023-05-30 07:00:00,20.27549260974516,15.907090666666667,1.8955555555555554,16.23712990539312,0
2023-05-30 08:00:00,17.79940868999525,16.231064,1.7583333333333335,16.70575353095633,0
2023-05-30 09:00:00,20.31962034829117,17.591752,1.72,15.688926474662347,0
2023-05-30 10:00:00,19.222783305541444,18.336890666666665,1.6822222222222223,17.24735629496635,0
2023-05-30 11:00:00,19.507849949854137,19.049632,1.676111111111111,17.405126131180364,0
2023-05-30 12:00:00,19.465195608648777,17.62414933333333,1.6658333333333333,16.214738701170806,0
2023-05-30 13:00:00,20.06139745055695,17.170586666666665,1.6411111111111112,16.45871681773936,1
2023-05-30 14:00:00,19.170289601468482,15.777501333333333,1.6066666666666667,16.854945182488198,0
2023-05-30 15:00:00,21.56793358167828,16.425448,1.583888888888889,17.761011613120406,1
2023-05-30 16:00:00,19.81130559114978,17.0086,1.638888888888889,17.465945847004107,1
2023-05-30 17:00:00,22.22713455000464,15.194349333333333,1.5977777777777777,17.288456119191697,0
2023-05-30 18:00:00,20.76995432357045,14.190032,1.5733333333333335,17.673908647179008,0
2023-05-30 19:00:00,20.59216193629332,15.323938666666669,1.5,16.507506262938325,0
2023-05-30 20:00:00,20.175388457741345,15.226746666666665,1.4605555555555556,17.814577072880176,1
2023-05-30 21:00:00,18.931390647849554,15.06476,1.4872222222222222,16.60494626897353,0
2023-05-30 22:00:00,19.959906488223897,14.999965333333334,1.4705555555555554,17.557733877838125,1
2023-05-30 23:00:00,20.635733264831554,14.611197333333331,1.4661111111111111,18.140981749325928,0
2023-05-31 00:00:00,18.81026714802843,13.606879999999999,1.3827777777777779,18.346812004945345,0
2023-05-31 01:00:00,20.160605835611616,12.926535999999999,1.4583333333333333,16.558704527095042,0
2023-05-31 02:00:00,20.61631593328708,12.116602666666667,1.4027777777777777,17.417082748397238,0
2023-05-31 03:00:00,18.447746685164642,10.755914666666667,1.446111111111111,17.288357324440945,0
2023-05-31 04:00:00,18.759706114409088,10.367146666666667,1.4183333333333332,18.172141507735343,0
2023-05-31 05:00:00,19.558825170697048,9.783994666666667,1.3933333333333333,18.26124517004477,0
2023-05-31 06:00:00,21.74017541713221,8.617690666666666,1.3738888888888887,18.242698118408104,0
2023-05-31 07:00:00,20.902011585431904,9.362829333333334,1.29,17.294140504986437,0
2023-05-31 08:00:00,20.00867055968756,10.140365333333333,1.3033333333333335,17.88968216400943,0
2023-05-31 09:00:00,18.64600016122201,11.209477333333334,1.3399999999999999,17.37852127861058,0
2023-05-31 10:00:00,21.48715163688115,11.177079999999998,1.276111111111111,17.9446691559648,0
2023-05-31 11:00:00,20.53856084721748,11.66304,1.3061111111111112,16.79883036363853,0
2023-05-31 12:00:00,18.006765759905203,12.019410666666667,1.2272222222222222,17.133084394264,0
2023-05-31 13:00:00,20.207735103103165,12.505370666666666,1.1816666666666666,17.388536176222555,0
2023-05-31 14:00:00,20.920674316167585,12.084205333333335,1.1722222222222223,16.15874990730068,0
2023-05-31 15:00:00,20.58001794432684,12.051808000000001,1.222222222222222,17.99872898432515,0
2023-05-31 16:00:00,18.19917216173651,11.954616000000001,1.1577777777777778,19.01479641142391,0
2023-05-31 17:00:00,21.169460971607972,10.885504,1.176111111111111,18.242386571029392,0
2023-05-31 18:00:00,20.20367870272585,9.7192,1.175,17.77649728785381,0
2023-05-31 19:00:00,19.886435338800887,8.876869333333334,1.1411111111111112,18.301749833191387,1
2023-05-31 20:00:00,21.988088966453063,9.265637333333332,1.1155555555555556,18.504423008198312,1
2023-05-31 21:00:00,19.064188986105748,8.164128,1.08,17.879447973376195,0
2023-05-31 22:00:00,20.838823179602013,7.9373466666666666,1.1183333333333334,18.977421859694356,0
2023-05-31 23:00:00,18.436192880703807,5.896314666666666,1.1280555555555554,19.212361733090486,0
2023-06-01 00:00:00,23.2824739647904,6.220288,1.0538888888888889,18.992536731562346,0
2023-06-01 01:00:00,24.966749969803075,5.701930666666667,1.1022222222222222,18.303704824415576,0
2023-06-01 02:00:00,23.17711830329648,6.187890666666667,1.0977777777777777,18.423957613367445,0
2023-06-01 03:00:00,26.41468534207111,7.354194666666667,1.1172222222222221,19.501508907753763,0
2023-06-01 04:00:00,23.85034987157483,7.775359999999999,1.1533333333333333,19.308952057712556,0
2023-06-01 05:00:00,24.441206822846596,6.544261333333334,1.2177777777777778,19.344397507821487,0
2023-06-01 06:00:00,23.02319984537434,5.313162666666666,1.2194444444444443,18.2417367498528,0
2023-06-01 07:00:00,23.032680720341236,6.106897333333333,1.2983333333333333,18.834998826548375,0
2023-06-01 08:00:00,24.36043157210384,8.066936,1.268888888888889,18.34372435660721,0
2023-06-01 09:00:00,23.767894957691976,7.127413333333334,1.2344444444444445,19.193165757906964,0
2023-06-01 10:00:00,22.627111213909988,7.742962666666666,1.1433333333333333,18.358432835935712,0
2023-06-01 11:00:00,24.552945644173477,7.062618666666666,1.1861111111111111,19.08047261573459,0
2023-06-01 12:00:00,24.07894409865531,6.479466666666667,1.1622222222222223,18.482768961748743,0
2023-06-01 13:00:00,22.929953952250855,4.665216,1.218888888888889,18.183187968553487,0
2023-06-01 14:00:00,24.126696629226842,2.9805546666666665,1.2555555555555555,19.703450526227115,0
2023-06-01 15:00:00,22.249719582537185,3.5637066666666666,1.1422222222222222,20.0,0
2023-06-01 16:00:00,24.139699719581767,2.91576,1.2011111111111112,18.667976415590157,0
2023-06-01 17:00:00,25.271142095396826,3.1425413333333334,1.2827777777777778,18.754504833644983,0
2023-06-01 18:00:00,25.565083550467747,3.012952,1.3205555555555557,18.146337589212227,0
2023-06-01 19:00:00,23.927539873858283,3.3369253333333333,1.2905555555555555,18.67521825230903,0
2023-06-01 20:00:00,22.515584102155092,2.688978666666667,1.271111111111111,19.939342096104166,0
2023-06-01 21:00:00,22.984057530885064,2.2678133333333332,1.1722222222222223,19.477930410522784,0
2023-06-01 22:00:00,26.000088343920822,1.7170586666666665,1.107222222222222,18.627758748656593,0
2023-06-01 23:00:00,23.013435595676132,5.377957333333334,1.008888888888889,18.03582929469188,0
2023-06-02 00:00:00,23.585680501258157,3.466514666666667,0.9405555555555556,19.111429338880217,0
2023-06-02 01:00:00,22.339491719042645,1.2958933333333333,0.9494444444444444,18.732546458483366,0
2023-06-02 02:00:00,22.128623607362993,0.06479466666666667,0.9116666666666666,19.150001791631897,0
2023-06-02 03:00:00,23.114795269034342,2.5917866666666667,0.8999999999999999,18.90118806642163,0
2023-06-02 04:00:00,23.483811479389615,2.3002106666666666,0.8727777777777778,18.581310676393176,0
2023-06-02 05:00:00,23.33372033999302,0.4535626666666667,0.8372222222222222,19.916416097561463,0
2023-06-02 06:00:00,23.92051260296274,0.3239733333333333,0.8388888888888889,18.813847168715704,0
2023-06-02 07:00:00,23.39415069710976,0.12958933333333333,0.8194444444444443,18.792432057325904,0
2023-06-02 08:00:00,21.585692296195987,0.0,0.8266666666666667,18.983490436800864,0
2023-06-02 09:00:00,26.505536437807347,0.25917866666666667,0.8422222222222221,19.16480112874451,0
2023-06-02 10:00:00,23.7885198757419,1.4254826666666667,0.8005555555555555,18.601568221226803,1
2023-06-02 11:00:00,22.805680914474625,3.5637066666666666,0.7783333333333333,18.962082681293424,0
2023-06-02 12:00:00,25.382075386384855,3.531309333333333,0.7727777777777778,19.535742862396734,0
2023-06-02 13:00:00,23.966816025045876,3.88768,0.7133333333333333,18.769939623526998,0
2023-06-02 14:00:00,24.617111084747787,3.272130666666667,0.7000000000000001,19.44930154492872,0
2023-06-02 15:00:00,22.528662717658055,2.4945946666666665,0.7083333333333334,19.298816616191772,0
2023-06-02 16:00:00,21.81307183754076,2.8509653333333334,0.6955555555555556,18.280312182806096,0
2023-06-02 17:00:00,23.63818815743986,2.688978666666667,0.6977777777777777,19.629701524718705,0
2023-06-02 18:00:00,24.374482976118674,3.790488,0.7083333333333334,18.515063918402547,0
2023-06-02 19:00:00,25.05652134889002,5.928712,0.6955555555555555,18.92478769389729,0
2023-06-02 20:00:00,23.76104396787699,6.576658666666667,0.69,18.345801112360817,0
2023-06-02 21:00:00,21.789227069028083,5.572341333333334,0.6872222222222222,19.269369555523372,0
2023-06-02 22:00:00,22.805530929019586,5.863917333333333,0.7055555555555556,19.250925737316297,0
2023-06-02 23:00:00,24.601830132476532,4.956792,0.6883333333333334,19.513436060968484,0
2023-06-03 00:00:00,24.35152984352655,6.706248000000001,0.6594444444444445,19.080773506471775,0
2023-06-03 01:00:00,24.466066611643992,4.600421333333333,0.6616666666666667,18.650928958469596,0
2023-06-03 02:00:00,22.602404803867334,6.252685333333333,0.63,19.300766827968154,0
2023-06-03 03:00:00,25.82881953465083,4.956792,0.648888888888889,19.379970671968398,0
2023-06-03 04:00:00,23.06133718828913,2.721376,0.61,18.264590995839793,0
2023-06-03 05:00:00,23.18160010605773,3.6608986666666667,0.6083333333333333,19.189358070830842,0
2023-06-03 06:00:00,25.74674653634496,4.179256,0.615,18.98398745314593,0
2023-06-03 07:00:00,23.717776975894935,1.8790453333333332,0.5872222222222222,19.347470792599538,0
2023-06-03 08:00:00,25.179547782031893,5.053984,0.5922222222222222,18.61226283087248,0
2023-06-03 09:00:00,25.47313895727397,12.732152,0.5983333333333333,18.223583733211555,0
2023-06-03 10:00:00,23.770853563983707,16.684626666666666,0.7538888888888889,15.808968878146258,0
2023-06-03 11:00:00,23.60320390012339,19.341207999999998,0.9844444444444446,15.678094109097337,1
2023-06-03 12:00:00,23.238135392628973,20.799088,1.3494444444444447,16.798717639782286,1
2023-06-03 13:00:00,23.95694282566926,22.58094133333333,1.6183333333333334,15.405041347800056,1
2023-06-03 14:00:00,25.846155767438287,22.613338666666667,1.917777777777778,15.495221837253695,1
2023-06-03 15:00:00,21.635433963908792,23.196490666666666,2.1955555555555555,15.754276837518129,0
2023-06-03 16:00:00,23.052990073876245,22.77532533333333,2.4072222222222224,16.0212037844382,0
2023-06-03 17:00:00,22.621611656555952,20.637101333333334,2.414444444444445,14.849888255529535,0
2023-06-03 18:00:00,24.69679588136064,21.965391999999998,2.3716666666666666,15.894341948925328,0
2023-06-03 19:00:00,24.08745718697284,23.164093333333337,2.4116666666666666,13.89659131027667,0
2023-06-03 20:00:00,22.752226934689972,24.071218666666667,2.613888888888889,15.221270197464113,1
2023-06-03 21:00:00,25.016943864164062,23.48806666666667,2.546111111111111,14.707878968126616,1
2023-06-03 22:00:00,25.579055972225998,24.265602666666666,2.6794444444444445,15.037236428707859,1
2023-06-03 23:00:00,24.784703862788906,23.585258666666665,2.7883333333333336,15.205787641697777,0
2023-06-04 00:00:00,22.83694246068094,22.030186666666665,2.72,15.418589424470028,0
2023-06-04 01:00:00,23.26818792812425,20.928677333333333,2.681111111111111,15.220086685610744,1
2023-06-04 02:00:00,24.706370567052137,20.44271733333333,2.5661111111111112,14.705051633271992,0
2023-06-04 03:00:00,23.867751021217398,19.60038666666667,2.6327777777777777,17.39968603099776,0
2023-06-04 04:00:00,22.69133057641552,18.434082666666665,2.4433333333333334,17.839812292007828,1
2023-06-04 05:00:00,19.946752899917048,16.943805333333334,2.2022222222222223,15.761118248603523,0
2023-06-04 06:00:00,20.217040815039404,16.133872,2.4005555555555556,17.275171887459667,1
2023-06-04 07:00:00,23.893558884206268,16.198666666666664,2.198611111111111,15.958520182679065,0
2023-06-04 08:00:00,24.26745848266911,16.457845333333335,2.0533333333333332,16.815753835814423,1
2023-06-04 09:00:00,24.575974758907407,16.133872,1.9000000000000001,16.99205746513825,0
2023-06-04 10:00:00,22.29930494223622,14.546402666666665,1.8816666666666666,16.796478849947672,0
2023-06-04 11:00:00,23.0343073791161,15.680309333333334,1.8005555555555557,16.8169215876409,0
2023-06-04 12:00:00,22.05923798136642,15.032362666666666,1.7,17.253128226251096,0
2023-06-04 13:00:00,22.741830469773777,11.857424,1.5066666666666666,17.844303832748874,1
2023-06-04 14:00:00,22.006386284941346,7.257002666666668,1.4744444444444442,17.98373036920906,0
2023-06-04 15:00:00,24.117837372109737,4.600421333333333,1.3577777777777778,19.037766229266367,0
2023-06-04 16:00:00,25.750965406003445,4.2116533333333335,1.298888888888889,18.244230607240244,0
2023-06-04 17:00:00,23.487592231247977,3.3693226666666667,1.2183333333333333,18.082886368847927,0
2023-06-04 18:00:00,24.0090167733665,3.304528,1.1811111111111112,18.769964553709563,0
2023-06-04 19:00:00,23.045465739878328,2.91576,1.14,17.822994044649764,0
2023-06-04 20:00:00,25.158838843246297,4.470832000000001,1.1033333333333335,18.487129139231957,0
2023-06-04 21:00:00,24.03766982669825,6.900631999999999,1.0533333333333335,19.19153133170227,0
2023-06-04 22:00:00,23.44641171952986,5.604738666666667,1.028888888888889,18.214932222644222,0
2023-06-04 23:00:00,26.18355367999918,5.928712,1.0105555555555557,17.760612331516246,0
2023-06-05 00:00:00,24.06226653967073,13.898456000000001,0.9872222222222221,17.25867986699583,0
2023-06-05 01:00:00,25.770931239305366,15.971885333333333,1.0799999999999998,15.444436640724811,0
2023-06-05 02:00:00,25.689690896969537,14.643594666666667,1.2094444444444445,17.590194839137514,0
2023-06-05 03:00:00,24.374624707814252,13.833661333333334,1.0883333333333334,17.93867559998851,0
2023-06-05 04:00:00,23.29297660018806,14.837978666666666,1.015,16.58714642607944,0
2023-06-05 05:00:00,21.05611466137925,14.773184,1.0166666666666666,16.738371543966956,0
2023-06-05 06:00:00,24.65672585226959,15.226746666666665,0.9927777777777779,15.96120196001233,1
2023-06-05 07:00:00,23.566066322912317,14.902773333333334,1.0922222222222222,16.690068162200525,0
2023-06-05 08:00:00,23.00518452808863,14.805581333333334,1.1888888888888889,16.27066068635717,0
2023-06-05 09:00:00,23.57887608060712,13.023728,1.1327777777777777,18.581978965968844,0
2023-06-05 10:00:00,25.24951654573202,12.861741333333333,1.095,17.795152539312273,0
2023-06-05 11:00:00,24.380490154673296,12.570165333333334,1.041111111111111,16.880779902480626,0
2023-06-05 12:00:00,21.29098483485042,11.047490666666667,1.0066666666666666,17.626674345618923,0
2023-06-05 13:00:00,22.68086821312193,9.200842666666668,0.9216666666666667,18.34042409600448,0
2023-06-05 14:00:00,22.170666385032053,9.589610666666667,0.8427777777777777,17.587103993507224,0
2023-06-05 15:00:00,23.834142190596562,10.107968,0.831111111111111,17.779891915642875,0
2023-06-05 16:00:00,23.546784178169506,8.131730666666668,0.8011111111111111,17.795653895785318,0
2023-06-05 17:00:00,23.31980784154483,2.365005333333333,0.7916666666666666,19.103366056452554,0
2023-06-05 18:00:00,22.216591997135136,2.948157333333333,0.7977777777777778,17.866963674919592,0
2023-06-05 19:00:00,24.269186569941397,7.516181333333333,0.7533333333333333,19.005527882581315,0
2023-06-05 20:00:00,25.434847929533685,6.220288,0.7127777777777777,17.93611996639919,0
2023-06-05 21:00:00,23.779330579041176,4.470832000000001,0.6972222222222223,18.79193180658706,0
2023-06-05 22:00:00,21.861836865934436,10.399544,0.7505555555555555,17.654692198783724,0
2023-06-05 23:00:00,23.340747765228542,11.144682666666666,0.7999999999999999,15.949071806716491,1
2023-06-06 00:00:00,25.267418535478622,10.010776,0.8483333333333333,17.840081459257018,0
2023-06-06 01:00:00,23.520771711728326,9.589610666666667,0.8666666666666667,16.743452878110553,0
2023-06-06 02:00:00,22.69032644307704,10.043173333333334,0.9500000000000001,18.264162082837625,0
2023-06-06 03:00:00,24.28884247721958,9.589610666666667,0.9205555555555556,17.600867924561985,0
2023-06-06 04:00:00,23.808361494795037,10.561530666666668,0.986111111111111,17.953668953898546,0
2023-06-06 05:00:00,24.844458710046535,8.196525333333334,0.9855555555555555,18.78854494041624,1
2023-06-06 06:00:00,25.710831021080082,9.298034666666666,0.9355555555555556,18.482001433930773,0
2023-06-06 07:00:00,23.097423795890972,9.427624,0.965,17.268213955199347,1
2023-06-06 08:00:00,23.975548212864144,8.390909333333333,0.92,18.0918196774746,1
2023-06-06 09:00:00,23.77532377215049,8.779677333333334,0.8738888888888888,17.91891012988184,0
2023-06-06 10:00:00,21.785346044881624,9.362829333333334,0.8527777777777777,17.79062255845709,0
2023-06-06 11:00:00,22.93226277922812,9.103650666666667,0.8877777777777777,18.842021607231867,0
2023-06-06 12:00:00,21.836031860098213,8.034538666666666,0.82,17.867678606701713,0
2023-06-06 13:00:00,23.741486560786033,10.853106666666667,0.7972222222222222,17.744367360312683,0
2023-06-06 14:00:00,25.166184191659593,13.282906666666667,0.7888888888888889,16.581503934696894,1
2023-06-06 15:00:00,23.554344233043683,8.131730666666666,0.8038888888888889,18.35417566878572,0
2023-06-06 16:00:00,21.584330012199597,8.714882666666666,0.8544444444444445,16.47599483175424,0
2023-06-06 17:00:00,25.415041921235925,7.742962666666666,0.8027777777777777,18.72984388690107,0
2023-06-06 18:00:00,23.917074965609135,8.585293333333334,0.7744444444444444,17.198313983849108,0
2023-06-06 19:00:00,24.24714920590232,11.144682666666666,0.7361111111111112,18.124282807637503,0
2023-06-06 20:00:00,23.441223085883582,9.23324,0.6627777777777778,17.13281124173231,0
2023-06-06 21:00:00,23.472320149347592,8.293717333333333,0.6366666666666667,18.215213240550675,0
2023-06-06 22:00:00,23.834597120088223,6.155493333333333,0.6533333333333333,18.507951464950704,0
2023-06-06 23:00:00,21.901523379216545,6.835837333333333,0.6411111111111111,18.50955227928768,0
2023-06-07 00:00:00,23.31723864336269,6.835837333333334,0.6194444444444445,19.635084653183203,0
2023-06-07 01:00:00,22.99552455016976,5.183573333333333,0.6044444444444445,18.085408993751503,1
2023-06-07 02:00:00,22.374690711670116,11.339066666666668,0.5833333333333334,17.496590047929804,0
2023-06-07 03:00:00,22.583794908998453,12.570165333333334,0.6311111111111111,17.18909604274438,0
2023-06-07 04:00:00,25.549161498194554,9.427624,0.653888888888889,17.702325420342135,0
2023-06-07 05:00:00,23.87432085877441,5.637136000000001,0.6216666666666667,18.294375559310073,0
2023-06-07 06:00:00,24.334776411027423,5.7343280000000005,0.5883333333333333,18.448501673817727,0
2023-06-07 07:00:00,21.729206029337618,8.002141333333334,0.616111111111111,18.161339437168127,0
2023-06-07 08:00:00,22.59851337513673,8.812074666666666,0.685,17.760455232909646,0
2023-06-07 09:00:00,22.753799466633996,13.023728,0.765,15.698914528179293,0
2023-06-07 10:00:00,21.89523481803781,12.796946666666665,0.7605555555555555,17.42805578615696,0
2023-06-07 11:00:00,23.658763042879077,9.654405333333335,0.8016666666666667,17.283174409402953,0
2023-06-07 12:00:00,23.42599705066699,9.978378666666666,0.7744444444444444,18.550970135039602,0
2023-06-07 13:00:00,22.644229350827572,9.492418666666667,0.7577777777777778,17.474057004324127,0
2023-06-07 14:00:00,23.586931048443404,7.904949333333334,0.7058333333333332,18.94286796705013,0
2023-06-07 15:00:00,24.846087021984605,7.386592,0.6666666666666666,18.66407073910005,0
2023-06-07 16:00:00,23.523205019594215,8.714882666666666,0.6261111111111112,18.082960702646673,0
2023-06-07 17:00:00,23.490950120623584,9.557213333333333,0.6005555555555555,17.872698669894884,0
2023-06-07 18:00:00,23.897420518955787,9.7192,0.5705555555555556,18.629876303596053,0
2023-06-07 19:00:00,25.13126339746026,8.909266666666667,0.5383333333333334,16.911286858681112,0
2023-06-07 20:00:00,25.209029638942877,10.237557333333333,0.52,17.32519354637115,0
2023-06-07 21:00:00,24.751508693322304,8.650088,0.5316666666666667,18.4975389558537,0
2023-06-07 22:00:00,22.160451584029175,8.228922666666667,0.5472222222222223,16.50180111638853,0
2023-06-07 23:00:00,23.28686524341084,8.488101333333333,0.6044444444444445,17.41139046338603,0
2023-06-08 00:00:00,21.645265185637722,8.26132,0.6727777777777778,18.419452626843988,0
2023-06-08 01:00:00,24.088608407908026,5.863917333333333,0.6666666666666666,19.26548799032898,0
2023-06-08 02:00:00,22.97418928797302,5.313162666666667,0.595,17.70553440658048,0
2023-06-08 03:00:00,22.747310249476758,5.442752,0.5366666666666667,19.02048130624308,0
2023-06-08 04:00:00,23.00048553411221,5.280765333333333,0.4877777777777778,18.826921853892937,0
2023-06-08 05:00:00,23.640169367418906,5.669533333333334,0.49,18.709050385848816,0
2023-06-08 06:00:00,23.7829154013306,6.058301333333333,0.4786111111111111,19.05387395560503,0
2023-06-08 07:00:00,25.046310142643932,5.151176,0.4444444444444444,18.245632286936925,0
2023-06-08 08:00:00,23.489652950381117,4.665216,0.46833333333333327,18.3839132792646,0
2023-06-08 09:00:00,23.732935279288963,4.470832000000001,0.4755555555555555,19.513314095793884,0
2023-06-08 10:00:00,23.005952421057245,5.248368,0.4911111111111111,18.527842002292996,0
2023-06-08 11:00:00,24.31408168311032,4.600421333333333,0.4988888888888889,19.342846291725795,0
2023-06-08 12:00:00,26.651395617644713,7.127413333333333,0.5055555555555555,17.447194334325815,0
2023-06-08 13:00:00,24.15656763238268,8.26132,0.5333333333333333,17.94689402190797,0
2023-06-08 14:00:00,20.368530449339644,6.123096,0.5372222222222223,18.36849089892279,0
2023-06-08 15:00:00,24.52494154799189,4.082064,0.5588888888888889,18.701538125265184,0
2023-06-08 16:00:00,24.449775098825096,2.203018666666667,0.55,19.013808555014496,0
2023-06-08 17:00:00,23.193334832112594,2.91576,0.5288888888888889,18.50916817070577,0
2023-06-08 18:00:00,24.31921872464966,5.053984,0.535,18.103713056777718,0
2023-06-08 19:00:00,24.035828866740065,6.349877333333333,0.5411111111111111,18.964271862761446,0
2023-06-08 20:00:00,26.62797902718404,8.714882666666666,0.5033333333333333,18.90113800332608,0
2023-06-08 21:00:00,22.34554810888849,9.427624,0.5572222222222222,18.21440933460732,0
2023-06-08 22:00:00,24.34613569663094,3.4341173333333335,0.5761111111111111,18.2055430467669,0
2023-06-08 23:00:00,23.34119825928919,2.753773333333333,0.54,18.45773962981281,0
2023-06-09 00:00:00,23.115869984496303,1.846648,0.5805555555555556,18.645812524815728,0
2023-06-09 01:00:00,24.209407920250438,3.8228853333333332,0.5594444444444444,18.097040446022323,0
2023-06-09 02:00:00,22.86242113510498,4.276448,0.5455555555555556,18.33416397836949,0
2023-06-09 03:00:00,20.709618639108538,2.8509653333333334,0.5838888888888888,19.02071609222403,0
2023-06-09 04:00:00,24.005686836986214,2.688978666666667,0.6161111111111112,19.020838720115304,0
2023-06-09 05:00:00,21.14426773637182,5.280765333333334,0.6022222222222222,19.46997961081563,0
2023-06-09 06:00:00,22.867864074188436,5.442752,0.5883333333333333,18.72417946178215,0
2023-06-09 07:00:00,22.378386513077903,1.4902773333333332,0.5738888888888889,19.555596165689543,0
2023-06-09 08:00:00,22.86096790875705,3.7256933333333335,0.5783333333333333,19.38208639362412,0
2023-06-09 09:00:00,23.064558493631022,1.4254826666666667,0.5777777777777778,18.960492128737403,0
2023-06-09 10:00:00,25.037139609383974,4.5032293333333335,0.5772222222222222,19.234449914012774,0
2023-06-09 11:00:00,23.5854859613831,6.900632000000001,0.57,17.911364198909855,0
2023-06-09 12:00:00,22.271167401271793,7.2894000000000005,0.6138888888888889,18.269573908008265,0
2023-06-09 13:00:00,22.125873071214304,5.053984,0.6366666666666667,19.507528932613344,0
2023-06-09 14:00:00,24.060293748503813,4.082064,0.6322222222222222,19.154540458362835,0
2023-06-09 15:00:00,23.7094784474385,3.3693226666666667,0.6261111111111112,18.95268800792364,0
2023-06-09 16:00:00,24.385757155446147,5.280765333333334,0.6427777777777778,19.99954653540876,0
2023-06-09 17:00:00,23.465324757709237,6.609056,0.5861111111111111,17.530532218881817,0
2023-06-09 18:00:00,23.691836633146263,7.257002666666668,0.5572222222222223,18.00532722165482,0
2023-06-09 19:00:00,23.243645390130794,6.900632000000001,0.5533333333333333,18.73080649080184,0
2023-06-09 20:00:00,22.62377306490252,8.909266666666667,0.525,17.68578294822014,0
2023-06-09 21:00:00,22.51112318250155,10.334749333333333,0.5416666666666666,18.23704823673959,0
2023-06-09 22:00:00,23.540610791479608,11.792629333333332,0.6677777777777778,17.146097043707076,0
2023-06-09 23:00:00,24.705924213493557,11.857424,0.6911111111111111,15.995457672218649,0
2023-06-10 00:00:00,24.835406651224265,10.755914666666667,0.6938888888888889,18.138186765668955,0
2023-06-10 01:00:00,22.79864482555936,9.395226666666668,0.6911111111111111,17.985346729014935,0
2023-06-10 02:00:00,22.562957981160952,8.650088,0.6266666666666666,18.008326553889592,0
2023-06-10 03:00:00,23.32645769593029,9.395226666666666,0.61,16.762607045235693,0
2023-06-10 04:00:00,25.122876204397972,5.7667253333333335,0.6088888888888889,18.588724205727672,0
2023-06-10 05:00:00,23.537420562514612,6.025904,0.5944444444444444,18.481190179466903,0
2023-06-10 06:00:00,22.134067061022876,7.840154666666667,0.5677777777777778,18.1001635887919,0
2023-06-10 07:00:00,25.251308201657533,12.667357333333333,0.6283333333333333,16.8891248723749,0
2023-06-10 08:00:00,21.953992268439507,13.380098666666667,0.7561111111111112,17.149349170610794,0
2023-06-10 09:00:00,24.228645019526656,12.926535999999999,0.7933333333333333,16.74815419427761,0
2023-06-10 10:00:00,23.770201968337037,13.153317333333334,0.8261111111111111,17.096223815274872,0
2023-06-10 11:00:00,23.71387717682435,13.056125333333334,0.855,17.157198106962415,0
2023-06-10 12:00:00,21.375535092430667,11.66304,0.8272222222222222,17.419538149200836,0
2023-06-10 13:00:00,23.551447037478425,10.593928,0.7522222222222222,17.51941218820105,0
2023-06-10 14:00:00,23.784639784371677,9.362829333333334,0.7405555555555555,17.75520869567845,0
2023-06-10 15:00:00,23.09628563422784,8.520498666666667,0.6938888888888889,18.90535397487082,0
2023-06-10 16:00:00,23.27868205476587,8.941664000000001,0.695,18.052747576759554,0
2023-06-10 17:00:00,23.398496087554737,8.293717333333333,0.686111111111111,18.50124911065618,0
2023-06-10 18:00:00,23.066180867225416,9.136048,0.6616666666666666,17.876025355158884,0
2023-06-10 19:00:00,22.583700683730527,8.196525333333334,0.5927777777777777,17.48198658394601,0
2023-06-10 20:00:00,23.29000332166739,11.533450666666667,0.5855555555555555,18.76716801849871,0
2023-06-10 21:00:00,23.76580029834525,12.602562666666666,0.6405555555555554,17.443028642170976,0
2023-06-10 22:00:00,24.3869121502683,12.570165333333334,0.7133333333333333,17.819074084960036,0
2023-06-10 23:00:00,23.947019862854333,10.658722666666666,0.7038888888888888,18.18793797512895,0
2023-06-11 00:00:00,23.475360033561213,11.015093333333333,0.6633333333333333,17.56872498630806,1
2023-06-11 01:00:00,22.22430472447286,10.334749333333333,0.6855555555555556,16.577216478647127,0
2023-06-11 02:00:00,24.47720383220131,8.358512,0.6738888888888889,17.831444479534902,0
2023-06-11 03:00:00,23.555149581284656,7.904949333333334,0.6361111111111112,17.916080426051405,0
2023-06-11 04:00:00,24.405893958549317,4.989189333333333,0.6105555555555555,19.52262599187924,0
2023-06-11 05:00:00,22.447875184054904,3.3369253333333333,0.615,18.84034815378188,0
2023-06-11 06:00:00,22.32233633010088,5.928712,0.6494444444444444,18.09383089997819,0
2023-06-11 07:00:00,21.923332386625642,4.438434666666667,0.638888888888889,18.950976602758015,0
2023-06-11 08:00:00,22.51002345945523,6.7062479999999995,0.5677777777777778,17.839118578878146,0
2023-06-11 09:00:00,23.114893382411438,7.192208,0.5738888888888889,17.800474517118307,0
2023-06-11 10:00:00,26.61798986127793,7.354194666666667,0.5894444444444444,19.08300003892881,0
2023-06-11 11:00:00,22.482243666960404,7.548578666666667,0.5922222222222222,18.365017540401166,0
2023-06-11 12:00:00,24.898785845273384,9.136048,0.6761111111111111,19.362127604847615,0
2023-06-11 13:00:00,24.927468943756434,8.941664000000001,0.695,18.850515379657132,0
2023-06-11 14:00:00,21.896995454703955,7.9373466666666666,0.798888888888889,18.165560721970728,0
2023-06-11 15:00:00,22.381514577545687,8.196525333333334,0.7927777777777778,18.949910456421787,0
2023-06-11 16:00:00,23.017988555409058,10.529133333333332,0.7838888888888889,18.795739754266886,0
2023-06-11 17:00:00,22.60068290679332,9.038856000000001,0.8172222222222222,17.926638874789166,0
2023-06-11 18:00:00,24.045647086591007,9.945981333333334,0.8688888888888888,19.30732737659871,0
2023-06-11 19:00:00,23.19671684530614,8.552895999999999,0.79,18.359699796245458,0
2023-06-11 20:00:00,25.09689659673612,10.010776,0.7605555555555555,18.45210735867658,0
2023-06-11 21:00:00,24.68191705397231,11.436258666666667,0.8122222222222222,16.363833457329534,0
2023-06-11 22:00:00,23.82304584270558,11.371464000000001,0.83,17.282749767611886,0
2023-06-11 23:00:00,23.94788910864817,12.796946666666665,0.8649999999999999,18.363110374215072,0
2023-06-12 00:00:00,24.534152581041287,13.866058666666667,0.8961111111111112,17.463260215143,0
2023-06-12 01:00:00,21.68746146944977,13.542085333333333,0.9711111111111111,18.361301804262496,0
2023-06-12 02:00:00,22.316817042728644,13.412495999999999,1.0638888888888889,16.33427562509573,0
2023-06-12 03:00:00,24.800209960642235,13.930853333333333,1.0161111111111112,19.011962935465345,0
2023-06-12 04:00:00,22.50652880696452,12.894138666666665,1.055,16.87143845623236,0
2023-06-12 05:00:00,23.804830137500517,11.792629333333332,1.097777777777778,18.09571651560798,0
2023-06-12 06:00:00,23.330800776470237,12.278589333333334,1.1227777777777777,16.38529092761755,1
2023-06-12 07:00:00,20.70305578767913,12.764549333333333,1.1133333333333335,17.573568796275328,0
2023-06-12 08:00:00,23.395738352622107,13.347701333333333,1.0577777777777777,17.743375124260798,0
2023-06-12 09:00:00,22.58968283955078,11.954616,1.1194444444444445,17.405206908444068,0
2023-06-12 10:00:00,24.314761089851896,10.723517333333334,1.1094444444444445,16.885819131670903,0
2023-06-12 11:00:00,22.124939025342588,10.593928,1.0572222222222223,17.346648815432715,0
2023-06-12 12:00:00,22.746693164796692,12.278589333333334,1.02,17.26649333242791,0
2023-06-12 13:00:00,24.186000676666268,12.861741333333333,1.0444444444444445,17.92572148210851,0
2023-06-12 14:00:00,23.173862562736648,11.695437333333333,1.027777777777778,16.207109013566583,0
2023-06-12 15:00:00,26.09965420380713,11.695437333333333,1.0444444444444445,18.392136748031337,0
2023-06-12 16:00:00,25.07113412181154,11.922218666666666,1.0544444444444445,16.970861798896973,0
2023-06-12 17:00:00,25.121312823969117,13.12092,1.1,18.178178059027946,0
2023-06-12 18:00:00,24.72357331403457,13.12092,1.1055555555555556,16.977185677999056,0
2023-06-12 19:00:00,24.89789325306604,11.66304,1.0488888888888888,18.687012336982313,0
2023-06-12 20:00:00,21.527874108961868,8.326114666666667,1.0650000000000002,18.573658950744928,0
2023-06-12 21:00:00,22.987316584633135,6.090698666666667,1.09,18.99289140735142,0
2023-06-12 22:00:00,23.728687586595314,6.641453333333334,1.0305555555555557,18.841206592090987,0
2023-06-12 23:00:00,24.450900874016543,8.876869333333334,1.0516666666666667,18.340792647603976,1
2023-06-13 00:00:00,24.278249182795275,11.241874666666668,1.0844444444444445,17.428532582076766,0
2023-06-13 01:00:00,24.455158312613133,10.950298666666667,1.1766666666666667,17.855011765492222,0
2023-06-13 02:00:00,23.703737523547332,13.768866666666668,1.2372222222222222,17.421936093770412,0
2023-06-13 03:00:00,25.37086796680224,16.52264,1.325,16.79271730459762,1
2023-06-13 04:00:00,22.894699799339353,15.291541333333333,1.4661111111111111,17.20394960937947,0
2023-06-13 05:00:00,24.978458473112113,14.319621333333332,1.462777777777778,17.810277289616412,0
2023-06-13 06:00:00,23.810569694153788,11.112285333333332,1.403888888888889,17.72507822999534,0
2023-06-13 07:00:00,23.85031933586839,8.844472000000001,1.2927777777777778,17.393056833184826,0
2023-06-13 08:00:00,23.955097486999307,8.034538666666666,1.2633333333333334,18.997171912480898,0
2023-06-13 09:00:00,25.47229746947444,11.760232,1.2144444444444444,16.64583229661228,0
2023-06-13 10:00:00,23.27492452128006,13.639277333333332,1.1983333333333333,17.0333289426514,0
2023-06-13 11:00:00,22.929729108650616,13.898456000000001,1.2405555555555556,17.31892493365209,1
2023-06-13 12:00:00,25.086989036094987,13.736469333333332,1.2122222222222223,18.295738181731227,0
2023-06-13 13:00:00,21.915436481077545,11.987013333333332,1.2444444444444445,17.559999917417958,0
2023-06-13 14:00:00,24.382873991339395,11.857424,1.2633333333333334,18.241783025058936,0
2023-06-13 15:00:00,23.648175851485092,12.602562666666666,1.2466666666666668,16.47306762869334,0
2023-06-13 16:00:00,23.79732038014774,12.116602666666667,1.2261111111111112,17.26904122414502,0
2023-06-13 17:00:00,22.411008419758627,7.807757333333334,1.2594444444444444,18.239096150248756,0
2023-06-13 18:00:00,23.02243525654823,9.751597333333333,1.2461111111111112,18.375475004744683,0
2023-06-13 19:00:00,26.05824001300164,11.403861333333333,1.1677777777777776,16.90157520688086,0
2023-06-13 20:00:00,25.71651185161865,9.978378666666666,1.107777777777778,18.475755469027025,0
2023-06-13 21:00:00,24.461609210247655,9.913584,1.1216666666666668,17.01593157233475,0
2023-06-13 22:00:00,25.40724390875361,9.265637333333332,1.0455555555555556,17.38840297546697,0
2023-06-13 23:00:00,21.922425456753484,10.043173333333334,0.9905555555555555,18.034971635083636,1
2023-06-14 00:00:00,24.608636731537217,18.077712000000002,1.058888888888889,16.860412894453606,0
2023-06-14 01:00:00,23.031491578094386,17.980520000000002,1.171111111111111,15.683358606101999,0
2023-06-14 02:00:00,28.34205809178191,17.72134133333333,1.3033333333333332,16.8897740740998,0
2023-06-14 03:00:00,22.098045076982558,16.231064,1.392777777777778,16.64149985658157,0
2023-06-14 04:00:00,22.54508007333681,15.583117333333334,1.3472222222222223,18.16016208246567,0
2023-06-14 05:00:00,23.141426498120456,14.708389333333335,1.3205555555555557,15.841266094589571,0
2023-06-14 06:00:00,22.386603021822992,13.088522666666668,1.2641666666666667,17.323547937353265,0
2023-06-14 07:00:00,24.238370865805333,12.958933333333334,1.1694444444444445,17.517907951264306,0
2023-06-14 08:00:00,24.028204036435188,11.015093333333333,1.0733333333333335,18.135900874268398,0
2023-06-14 09:00:00,24.353027372371752,8.650088,0.9472222222222223,18.37304245196508,0
2023-06-14 10:00:00,24.08092837939729,9.978378666666666,0.9155555555555556,17.176557146173238,1
2023-06-14 11:00:00,22.345906065714473,11.306669333333334,0.9155555555555556,16.864178646804756,0
2023-06-14 12:00:00,23.75364004613736,12.602562666666666,0.8872222222222222,18.779802306397187,0
2023-06-14 13:00:00,24.768922272390707,12.602562666666666,0.9066666666666667,17.283008565195612,0
2023-06-14 14:00:00,24.070808320481603,13.185714666666668,0.8783333333333333,16.96648726208616,0
2023-06-14 15:00:00,24.928015652483356,14.935170666666666,0.8938888888888888,17.475263344472364,0
2023-06-14 16:00:00,23.48874964242424,16.652229333333334,0.9938888888888888,16.889908131462033,0
2023-06-14 17:00:00,24.095398167272702,17.786136,1.1083333333333334,16.168535979577396,0
2023-06-14 18:00:00,23.510951049505092,17.72134133333333,1.1733333333333331,16.737439149469534,0
2023-06-14 19:00:00,25.207660745182398,16.55503733333333,1.2472222222222222,16.52493061664813,0
2023-06-14 20:00:00,23.67536315976521,14.09284,1.2077777777777776,17.60410985001562,0
2023-06-14 21:00:00,23.245193470352984,4.017269333333333,1.17,17.81676513121997,0
2023-06-14 22:00:00,25.137946171553825,11.144682666666668,1.1394444444444445,18.126181479000792,0
2023-06-14 23:00:00,22.42657695594203,10.172762666666667,1.0744444444444445,17.590274132693168,0
2023-06-15 00:00:00,23.99482301518103,13.509687999999999,1.0555555555555556,17.119911530043478,0
2023-06-15 01:00:00,22.040638350115348,14.09284,1.0177777777777777,17.04735498082152,0
2023-06-15 02:00:00,24.9228869672589,15.129554666666666,0.9888888888888889,16.9763578935115,0
2023-06-15 03:00:00,23.553342942966378,12.861741333333333,0.9611111111111111,18.004194603904875,0
2023-06-15 04:00:00,25.488507336431578,15.647912,0.9388888888888888,18.068159007945482,0
2023-06-15 05:00:00,23.702799107688367,15.453528,1.0566666666666666,16.369153192620384,0
2023-06-15 06:00:00,22.078483390490963,15.777501333333333,1.0722222222222222,17.182214446400657,0
2023-06-15 07:00:00,23.34555612241397,15.809898666666667,1.1244444444444444,17.070237025758853,0
2023-06-15 08:00:00,23.428687092024806,16.069077333333333,1.19,17.165809834797614,0
2023-06-15 09:00:00,21.49238516929462,17.235381333333333,1.1927777777777777,16.99813489814933,0
2023-06-15 10:00:00,25.02489999317922,18.46648,1.3311111111111111,16.041011603686407,0
2023-06-15 11:00:00,23.313719632761646,16.814216,1.38,17.073465809129143,1
2023-06-15 12:00:00,25.934659365291463,15.615514666666668,1.3205555555555557,16.58712911598821,0
2023-06-15 13:00:00,22.725382361055846,14.643594666666665,1.3511111111111112,16.55334937255363,0
2023-06-15 14:00:00,25.264068876860406,12.926535999999999,1.2816666666666667,18.362181840209693,1
2023-06-15 15:00:00,24.305235157113838,14.157634666666667,1.2249999999999999,16.897696021187887,0
2023-06-15 16:00:00,23.53465773029035,13.768866666666668,1.1088888888888888,17.565230763244262,0
2023-06-15 17:00:00,22.422415603558438,9.395226666666668,1.0177777777777777,17.341425025533955,0
2023-06-15 18:00:00,22.64937139486703,9.200842666666667,0.9294444444444444,19.030531240811822,0
2023-06-15 19:00:00,25.68272485130187,8.520498666666667,0.8555555555555555,17.929190788466794,0
2023-06-15 20:00:00,23.48515853573434,9.362829333333334,0.8033333333333333,18.449491051149824,0
2023-06-15 21:00:00,21.955657067597773,9.330432,0.7855555555555557,17.78979701648402,0
2023-06-15 22:00:00,23.790101440239226,10.172762666666666,0.8011111111111111,17.909614989660295,0
2023-06-15 23:00:00,24.72516634862441,10.464338666666666,0.7561111111111112,17.862272613111706,0
2023-06-16 00:00:00,21.979821119725244,10.755914666666667,0.7622222222222222,17.840678158491016,0
2023-06-16 01:00:00,23.44076622097947,10.982695999999999,0.8355555555555556,16.226424383821694,0
2023-06-16 02:00:00,24.063963977586965,10.982695999999999,0.8116666666666666,17.586691231288054,0
2023-06-16 03:00:00,21.209628444641925,10.755914666666667,0.8711111111111111,18.34168560705069,0
2023-06-16 04:00:00,23.152966138430255,7.6457706666666665,0.8333333333333334,18.486083566543133,1
2023-06-16 05:00:00,22.800330144252936,7.386592,0.7105555555555555,17.89480104894371,0
2023-06-16 06:00:00,23.777725799345067,7.451386666666667,0.7338888888888889,18.313795650829558,0
2023-06-16 07:00:00,23.913563865991136,6.900632000000001,0.7333333333333334,17.932248663083307,0
2023-06-16 08:00:00,24.365052471069486,7.483784,0.7344444444444443,18.709966812891917,0
2023-06-16 09:00:00,22.232300625230994,6.835837333333333,0.7072222222222222,18.90075133878869,0
2023-06-16 10:00:00,23.152117483443714,6.868234666666666,0.7038888888888888,18.24663622972741,0
2023-06-16 11:00:00,22.719294013637988,4.600421333333333,0.6938888888888889,18.46819744706948,0
2023-06-16 12:00:00,25.666812008702546,4.8596,0.685,17.75133882348198,0
2023-06-16 13:00:00,24.47306604503535,2.7861706666666666,0.6694444444444444,19.182714163654182,0
2023-06-16 14:00:00,22.93358089026645,1.0367146666666667,0.6516666666666667,19.60707054384925,0
2023-06-16 15:00:00,23.75120472384533,1.9762373333333334,0.665,19.919944261768332,0
2023-06-16 16:00:00,23.996481859762923,5.604738666666667,0.6644444444444445,19.56472800821679,0
2023-06-16 17:00:00,24.57008218174377,6.868234666666666,0.6172222222222222,18.734687152615468,0
2023-06-16 18:00:00,22.396728518638056,5.896314666666666,0.605,18.591605715163656,0
2023-06-16 19:00:00,25.61489295201392,10.885504,0.6227777777777778,17.699171116855894,0
2023-06-16 20:00:00,21.03641964851323,16.619832,0.6411111111111111,15.958243787949273,0
2023-06-16 21:00:00,23.049512486607387,19.665181333333333,0.915,14.916027600410521,0
2023-06-16 22:00:00,23.927422726638564,21.220253333333332,1.105,14.982092337641106,1
2023-06-16 23:00:00,24.847207298529636,19.049632,1.2144444444444444,17.901237174989365,0
2023-06-17 00:00:00,23.90505908353612,14.611197333333331,1.2138888888888888,16.312711127290047,0
2023-06-17 01:00:00,23.33120740805191,10.820709333333333,1.1116666666666666,16.969088201534383,0
2023-06-17 02:00:00,23.614293640725332,4.308845333333333,1.0194444444444446,18.2246757818237,0
2023-06-17 03:00:00,24.005097824731127,0.583152,0.92,18.828683429859073,0
2023-06-17 04:00:00,22.444610403383013,2.7537733333333336,0.9155555555555556,18.8818557051098,0
2023-06-17 05:00:00,23.875633067766227,5.896314666666666,0.9566666666666667,18.758350217560892,0
2023-06-17 06:00:00,20.952342719839887,7.6457706666666665,0.936111111111111,17.602986947123217,0
2023-06-17 07:00:00,24.13953826275254,6.4146719999999995,0.9811111111111112,17.90836542248123,0
2023-06-17 08:00:00,25.00591811060384,5.7667253333333335,0.94,18.793094725074976,0
2023-06-17 09:00:00,24.00266663288571,6.025904,0.8855555555555555,17.914458662387666,0
2023-06-17 10:00:00,23.059394777399593,10.107968,0.8561111111111112,18.017241490800505,1
2023-06-17 11:00:00,22.86595387135617,13.023728,0.8994444444444444,17.844361075361075,0
2023-06-17 12:00:00,23.51104325400326,13.347701333333333,0.9483333333333333,16.63929486130282,0
2023-06-17 13:00:00,23.35743321677839,13.023728,0.9666666666666667,17.330810387271395,0
2023-06-17 14:00:00,23.86818975317964,11.825026666666666,0.8994444444444444,16.571745833057257,0
2023-06-17 15:00:00,23.741111191705297,12.116602666666665,0.9266666666666667,16.626827294599508,0
2023-06-17 16:00:00,24.27818881797573,11.468656000000001,0.8786111111111111,18.218435650033488,0
2023-06-17 17:00:00,23.05330569882428,9.298034666666666,0.8216666666666667,18.19265667002822,0
2023-06-17 18:00:00,22.015465490030323,3.4017199999999996,0.7377777777777778,19.19555335267614,0
2023-06-17 19:00:00,23.109299914017935,4.665216,0.6644444444444445,19.29369658009764,0
2023-06-17 20:00:00,25.695560176126236,7.6457706666666665,0.6127777777777778,17.70752764754211,0
2023-06-17 21:00:00,23.831590085262018,13.315304,0.6594444444444444,16.892350943408776,0
2023-06-17 22:00:00,23.415112723559464,17.526957333333332,0.8166666666666668,17.75884313849239,0
2023-06-17 23:00:00,23.2381151838204,11.695437333333333,0.8994444444444444,17.05268494658015,0
2023-06-18 00:00:00,23.76397666632489,10.755914666666667,0.82,17.076460800027732,0
2023-06-18 01:00:00,26.742088730197157,12.699754666666669,0.8250000000000001,17.419189147977153,0
2023-06-18 02:00:00,21.82490611493002,13.218112,0.8811111111111111,17.017264397335307,0
2023-06-18 03:00:00,22.597470946084872,12.667357333333333,0.8222222222222223,18.060781879524107,0
2023-06-18 04:00:00,24.92650735493825,10.820709333333333,0.7477777777777778,16.532458660629175,0
2023-06-18 05:00:00,24.019022287682517,11.306669333333334,0.6888888888888888,17.060385651303985,0
2023-06-18 06:00:00,21.172491497941206,9.783994666666667,0.6711111111111111,17.695668630891106,0
2023-06-18 07:00:00,25.529899252609074,11.598245333333333,0.6883333333333334,17.162717391734205,0
2023-06-18 08:00:00,23.332880648539955,12.602562666666666,0.7399999999999999,18.55287058076068,0
2023-06-18 09:00:00,25.764020675299893,15.161952,0.8072222222222223,17.645978386664435,0
2023-06-18 10:00:00,24.114660918295467,16.587434666666667,0.9383333333333334,16.2846241884549,0
2023-06-18 11:00:00,24.815508035439326,16.231064,1.125,15.93724413555608,1
2023-06-18 12:00:00,22.380462406571706,16.03668,1.1333333333333333,16.913809200495468,0
2023-06-18 13:00:00,22.874543064107275,13.995648000000001,1.0788888888888888,17.574837776891982,0
2023-06-18 14:00:00,23.90910531090496,12.116602666666665,0.9661111111111111,16.79442250844527,0
2023-06-18 15:00:00,24.50814617803009,10.982695999999999,0.8827777777777778,17.628600163421684,0
2023-06-18 16:00:00,24.92057369891744,9.686802666666667,0.7555555555555555,17.216842708889256,0
2023-06-18 17:00:00,25.346297284405367,8.974061333333333,0.6694444444444444,18.337748736478847,0
2023-06-18 18:00:00,24.306739930911874,7.224605333333333,0.6027777777777777,18.239352843557587,0
2023-06-18 19:00:00,23.24579567485831,7.192208000000001,0.5638888888888889,18.68822239283202,0
2023-06-18 20:00:00,23.10944341115362,10.69112,0.5244444444444444,16.988127701308322,0
2023-06-18 21:00:00,24.37263324952463,11.598245333333333,0.5644444444444444,17.60323439800671,0
2023-06-18 22:00:00,23.915637033220133,11.695437333333333,0.6177777777777778,17.912771462138924,0
2023-06-18 23:00:00,22.552881052552266,11.339066666666668,0.6633333333333333,18.139842486202447,0
2023-06-19 00:00:00,22.88336174371855,11.241874666666668,0.6661111111111112,17.303533929129735,0
2023-06-19 01:00:00,24.39682152618845,8.164128,0.6422222222222222,18.053318034432056,0
2023-06-19 02:00:00,23.285544024096154,5.215970666666666,0.6538888888888889,18.87473842556398,0
2023-06-19 03:00:00,22.69119730010618,3.952474666666667,0.6294444444444445,19.14466297289216,0
2023-06-19 04:00:00,22.859103184442898,4.082064,0.5783333333333334,18.935270781023814,0
2023-06-19 05:00:00,25.13000206149039,2.008634666666667,0.601111111111111,18.394194182864243,0
2023-06-19 06:00:00,23.12161541906883,2.1382239999999997,0.5816666666666667,18.844071637644305,0
2023-06-19 07:00:00,22.9724785492387,1.2310986666666668,0.5983333333333333,19.04875609560139,0
2023-06-19 08:00:00,24.009150158546834,0.5183573333333333,0.6477777777777778,18.749117728051093,0
2023-06-19 09:00:00,22.67039514229782,1.4902773333333332,0.633888888888889,18.433415777546358,0
2023-06-19 10:00:00,24.61104988572011,7.580976,0.6127777777777778,17.485992892876848,0
2023-06-19 11:00:00,23.687149505941406,10.950298666666667,0.6305555555555555,18.387672387454263,0
2023-06-19 12:00:00,23.731135270032638,11.533450666666667,0.7005555555555555,17.3256415874775,0
2023-06-19 13:00:00,24.742169794190406,11.565848,0.7566666666666667,17.26356996899886,0
2023-06-19 14:00:00,24.650151856204715,11.468656000000001,0.7794444444444445,18.9054630473868,0
2023-06-19 15:00:00,25.96599258923676,11.954616000000001,0.785,16.981730374613424,1
2023-06-19 16:00:00,22.925182421173727,12.084205333333335,0.8477777777777779,17.399782755061768,0
2023-06-19 17:00:00,24.025462429003085,10.885504,0.8166666666666668,18.14603886024387,0
2023-06-19 18:00:00,24.21967518649984,10.950298666666667,0.8072222222222223,17.068757433722904,0
2023-06-19 19:00:00,24.630919821877814,12.375781333333334,0.7999999999999999,17.10912616925745,1
2023-06-19 20:00:00,22.66055148345406,13.12092,0.8172222222222222,17.9914776420952,0
2023-06-19 21:00:00,24.364216359891632,13.12092,0.8000000000000002,17.323306372136056,1
2023-06-19 22:00:00,22.8223253438254,12.505370666666666,0.8061111111111111,18.39965837005059,0
2023-06-19 23:00:00,26.48710005931473,11.501053333333333,0.8283333333333333,17.398345822609794,0
2023-06-20 00:00:00,26.20640776540991,9.427624,0.8183333333333334,17.048603630418494,0
2023-06-20 01:00:00,23.829898820960235,8.293717333333333,0.8388888888888889,17.650266681549017,0
2023-06-20 02:00:00,24.48701518368111,10.237557333333333,0.8244444444444444,17.682486179423922,0
2023-06-20 03:00:00,24.126312512680816,11.630642666666667,0.8494444444444444,19.065840387180796,0
2023-06-20 04:00:00,23.798821366946473,12.181397333333335,0.9094444444444445,16.553764831737556,0
2023-06-20 05:00:00,23.95009460725186,12.246192,0.9377777777777778,16.404590946520667,0
2023-06-20 06:00:00,25.44211562937888,12.764549333333333,1.0022222222222223,17.394299966537204,0
2023-06-20 07:00:00,24.156188658914278,13.833661333333334,1.0627777777777778,17.982526698530595,0
2023-06-20 08:00:00,22.236098141678685,12.602562666666666,1.0911111111111111,17.185430601658076,0
2023-06-20 09:00:00,23.5583406137518,12.537768,1.108888888888889,18.475518028909324,0
2023-06-20 10:00:00,24.26470708229689,14.384416,1.1377777777777778,16.746318029619673,1
2023-06-20 11:00:00,23.533953206799794,14.870376,1.1405555555555555,17.453570512803,0
2023-06-20 12:00:00,24.5115297682953,14.837978666666666,1.1677777777777776,16.680133172710043,0
2023-06-20 13:00:00,23.367181827834653,13.704072000000002,1.162222222222222,17.354423614725093,0
2023-06-20 14:00:00,22.176332801253853,13.347701333333333,1.16,17.957464100596138,0
2023-06-20 15:00:00,22.65433254570995,13.542085333333333,1.162222222222222,17.346459660612112,0
2023-06-20 16:00:00,23.41470363303326,12.991330666666665,1.1266666666666667,16.584907387237408,1
2023-06-20 17:00:00,22.799604411475872,13.509687999999999,1.0822222222222224,19.22619287161694,0
2023-06-20 18:00:00,23.215097083251607,13.704072000000002,1.0561111111111112,15.96265002184296,0
2023-06-20 19:00:00,22.536960472798118,14.643594666666665,1.1188888888888888,17.45314710977941,0
2023-06-20 20:00:00,22.74422471184232,15.356335999999999,1.1444444444444444,15.518738876385266,0
2023-06-20 21:00:00,22.217155143193736,16.101474666666665,1.1844444444444444,18.00368090565367,0
2023-06-20 22:00:00,22.25065541991472,16.133872,1.1927777777777777,16.31200949532878,0
2023-06-20 23:00:00,24.323588614777645,15.939487999999999,1.236111111111111,16.216484544522014,0
2023-06-21 00:00:00,24.90470394089788,15.939487999999999,1.2294444444444446,17.463680703431187,1
2023-06-21 01:00:00,26.39900157462314,16.55503733333333,1.2494444444444446,16.35286293611266,1
2023-06-21 02:00:00,24.823163439302732,16.360653333333335,1.277777777777778,17.942543301330304,0
2023-06-21 03:00:00,23.945175985952414,15.809898666666667,1.3055555555555556,17.57853101651615,0
2023-06-21 04:00:00,22.240007093149135,15.939487999999999,1.2872222222222223,16.373579419881214,0
2023-06-21 05:00:00,22.65452656075412,16.749421333333334,1.3644444444444446,16.284666518084077,1
2023-06-21 06:00:00,23.832381821511223,18.563672,1.3994444444444445,16.079950359868963,0
2023-06-21 07:00:00,24.47262858324631,19.179221333333334,1.4838888888888888,16.942578186517398,0
2023-06-21 08:00:00,24.05882096243322,19.92436,1.5272222222222223,16.645459888477134,0
2023-06-21 09:00:00,22.04186944212932,19.956757333333332,1.666111111111111,15.14428591374122,0
2023-06-21 10:00:00,24.2690109027824,19.79477066666667,1.755,16.48198255346105,0
2023-06-21 11:00:00,23.77927657025812,19.632784,1.7672222222222222,17.98130656505069,1
2023-06-21 12:00:00,24.04163476752733,20.44271733333333,1.7161111111111111,14.642046110124474,1
2023-06-21 13:00:00,23.56861643338915,21.317445333333335,1.8566666666666667,15.967625121116237,0
2023-06-21 14:00:00,23.330015071991955,21.965391999999998,1.9894444444444446,15.87520591472913,1
2023-06-21 15:00:00,24.604073572658113,22.904914666666667,2.1822222222222223,15.86715591393184,0
2023-06-21 16:00:00,23.11355680885282,23.32608,2.1838888888888888,15.337562004888218,0
2023-06-21 17:00:00,23.6272112881252,23.261285333333333,2.3911111111111114,16.002161286519836,0
2023-06-21 18:00:00,25.431203841460842,22.807722666666667,2.5144444444444445,16.164987994663974,0
2023-06-21 19:00:00,24.911486571401202,21.900597333333334,2.707777777777778,14.517137380192699,0
2023-06-21 20:00:00,23.972267837097032,21.317445333333332,2.5255555555555556,15.688882196820394,1
2023-06-21 21:00:00,23.8362875324726,21.38224,2.5144444444444445,14.776212086324293,1
2023-06-21 22:00:00,20.88466808083205,21.123061333333332,2.611111111111111,15.410468570103111,1
2023-06-21 23:00:00,19.909329963931157,21.285048,2.562222222222222,14.046615147927824,1
2023-06-22 00:00:00,22.987854438871356,21.155458666666664,2.59,15.365268786667285,1
2023-06-22 01:00:00,22.652238198661607,21.317445333333332,2.492777777777778,15.837617011098592,0
2023-06-22 02:00:00,24.04700952382058,21.479432,2.583888888888889,15.259507449210476,0
2023-06-22 03:00:00,22.931409546508785,21.41463733333333,2.7605555555555554,16.921601515057414,0
2023-06-22 04:00:00,24.369568584041605,20.604703999999998,2.7494444444444444,14.922442623029516,0
2023-06-22 05:00:00,23.241292310139645,22.094981333333333,2.6688888888888886,15.060421464048702,1
2023-06-22 06:00:00,24.804032779330566,22.516146666666668,2.736111111111111,14.282205441357684,0
2023-06-22 07:00:00,25.10540295157261,22.645736,2.8605555555555555,15.184054544232938,0
2023-06-22 08:00:00,24.93768482393197,21.090664,2.853888888888889,17.295451373273668,0
2023-06-22 09:00:00,23.003158455919614,21.349842666666664,2.781111111111111,15.683825761053598,1
2023-06-22 10:00:00,22.626353848291625,22.516146666666668,2.7705555555555557,16.38563113048264,0
2023-06-22 11:00:00,23.11708098239322,23.585258666666665,2.7294444444444443,15.309810111789162,1
2023-06-22 12:00:00,23.978210838039434,23.390874666666665,2.8733333333333335,14.55372324859755,0
2023-06-22 13:00:00,26.0514854750479,23.552861333333336,3.025,15.373188143778393,2
2023-06-22 14:00:00,23.997257749949046,23.941629333333335,2.8194444444444446,16.651662680386764,0
2023-06-22 15:00:00,25.251628767481602,24.233205333333334,2.761111111111111,15.115282259974373,1
2023-06-22 16:00:00,23.341019725158503,24.55717866666667,2.8072222222222223,15.817825577600937,0
2023-06-22 17:00:00,22.512060523237356,24.298000000000002,2.7544444444444447,16.038741573501536,0
2023-06-22 18:00:00,23.772984923857337,22.094981333333333,2.686666666666667,14.991186778041635,0
2023-06-22 19:00:00,25.08660094473159,21.058266666666665,2.766666666666667,17.00393929620314,1
2023-06-22 20:00:00,24.34113471419457,19.859565333333332,2.6705555555555556,16.800623751870464,1
2023-06-22 21:00:00,23.572651435956974,18.920042666666667,2.4672222222222224,16.508560644401427,0
2023-06-22 22:00:00,24.02001345467535,18.531274666666665,2.5044444444444443,16.915660311117332,0
2023-06-22 23:00:00,21.455587582436433,17.008599999999998,2.3605555555555555,16.484607845510954,0
2023-06-23 00:00:00,24.07556607644808,14.967568,2.2266666666666666,17.16151978014898,1
2023-06-23 01:00:00,23.225094160387982,13.380098666666667,2.089166666666667,17.595323597114135,0
2023-06-23 02:00:00,24.36860814790526,12.991330666666668,1.8822222222222222,17.114832373699176,0
2023-06-23 03:00:00,23.795985481986776,12.310986666666665,1.8038888888888887,17.599451052719782,0
2023-06-23 04:00:00,22.888553602035852,9.23324,1.7411111111111113,18.909036433126484,1
2023-06-23 05:00:00,25.13368385257768,9.524816,1.6127777777777776,18.322700248510998,0
2023-06-23 06:00:00,22.722870918277682,9.298034666666668,1.5605555555555555,18.00747470608483,0
2023-06-23 07:00:00,23.2186905439283,10.431941333333333,1.3966666666666665,17.03023916753028,0
2023-06-23 08:00:00,24.535985211524803,10.010776,1.39,17.363110161114864,0
2023-06-23 09:00:00,23.57246345424301,10.529133333333332,1.3838888888888887,17.93009719914505,0
2023-06-23 10:00:00,23.107687881380485,11.177080000000002,1.4222222222222223,18.078819173551533,1
2023-06-23 11:00:00,24.849014901672025,11.889821333333336,1.3155555555555556,18.666376282812028,0
2023-06-23 12:00:00,25.152804978982303,11.047490666666667,1.3258333333333334,17.999543862318212,0
2023-06-23 13:00:00,23.162011861862144,11.112285333333332,1.1555555555555557,17.17621584708968,0
2023-06-23 14:00:00,24.53563869375114,10.723517333333334,1.1527777777777777,17.589322395260513,0
2023-06-23 15:00:00,21.942412577712798,10.853106666666667,1.1416666666666666,17.554972028697673,1
2023-06-23 16:00:00,22.04331496923099,10.853106666666667,1.0841666666666667,17.289899390741237,0
2023-06-23 17:00:00,23.35437655931089,9.622008,1.0094444444444444,18.095691210135836,0
2023-06-23 18:00:00,22.918258919044558,10.20516,1.0022222222222223,18.190548941859664,0
2023-06-23 19:00:00,22.613206277564952,9.816392,0.9211111111111112,18.25028418660212,0
2023-06-23 20:00:00,25.29284589574699,8.812074666666668,0.9433333333333334,18.27259918730686,0
2023-06-23 21:00:00,22.729585979597505,8.650088,0.8483333333333333,19.45429982959241,0
2023-06-23 22:00:00,22.21155291100541,7.095016,0.8033333333333333,18.092785374930944,0
2023-06-23 23:00:00,24.52943898710909,7.159810666666666,0.7933333333333333,17.842461263122992,0
2023-06-24 00:00:00,25.37965105719515,7.775359999999999,0.7605555555555555,18.633545374982003,0
2023-06-24 01:00:00,24.63464974371738,8.844472,0.7644444444444445,16.70150169779778,0
2023-06-24 02:00:00,23.0789650433548,9.136048,0.7477777777777778,17.415299469516384,0
2023-06-24 03:00:00,23.865327824803234,9.427624,0.6733333333333333,17.479544915416067,0
2023-06-24 04:00:00,23.75262122763685,9.038856000000001,0.7022222222222223,18.317695786172706,0
2023-06-24 05:00:00,25.122479898321725,8.293717333333333,0.7005555555555555,18.02375981283981,0
2023-06-24 06:00:00,23.479252627481923,7.386592,0.6727777777777778,17.265622957167533,0
2023-06-24 07:00:00,23.00336606386557,10.269954666666665,0.7016666666666667,18.135733860089665,0
2023-06-24 08:00:00,23.79576340190229,9.783994666666667,0.7561111111111112,16.516606509418107,1
2023-06-24 09:00:00,23.615059191569333,8.423306666666667,0.7694444444444445,18.763415069963607,0
2023-06-24 10:00:00,24.887164614913228,6.544261333333334,0.7905555555555556,18.2812913495149,0
2023-06-24 11:00:00,23.333883345391015,5.410354666666667,0.8161111111111111,17.735860591665798,0
2023-06-24 12:00:00,22.041664962121885,4.470832000000001,0.8177777777777777,17.807057083771042,0
2023-06-24 13:00:00,24.374353389331986,5.896314666666666,0.7944444444444444,17.18216903938323,0
2023-06-24 14:00:00,23.4481416656125,5.410354666666667,0.7711111111111112,19.014285187612426,0
2023-06-24 15:00:00,23.3692505374007,7.580976,0.8005555555555556,18.457462912944333,0
2023-06-24 16:00:00,22.72061950364504,7.840154666666667,0.7766666666666667,18.464756569802198,0
2023-06-24 17:00:00,23.32705036510801,7.224605333333333,0.798888888888889,18.293868199184388,0
2023-06-24 18:00:00,24.91496034345801,8.650088,0.8694444444444445,17.38552974819811,0
2023-06-24 19:00:00,24.856873702862952,10.043173333333334,0.8416666666666667,17.73011814258778,0
2023-06-24 20:00:00,23.0306151915926,10.302351999999999,0.8783333333333334,17.1380630986661,0
2023-06-24 21:00:00,21.787588660264475,9.816392,0.915,18.889954653370975,0
2023-06-24 22:00:00,23.82476895789196,8.066936,0.9194444444444444,18.113556363609426,0
2023-06-24 23:00:00,26.0345597391922,7.9697439999999995,0.9327777777777778,18.743862926243477,0
2023-06-25 00:00:00,23.40781897649126,7.386592,0.9794444444444445,18.799518317511428,0
2023-06-25 01:00:00,20.492365057228067,7.3217973333333335,1.0016666666666667,18.22781388054072,0
2023-06-25 02:00:00,22.888985953140033,8.131730666666668,1.0516666666666667,18.63658527910226,0
2023-06-25 03:00:00,23.45227328776789,11.177079999999998,1.1188888888888888,17.310329620575825,0
2023-06-25 04:00:00,24.52907271915817,9.038856000000001,1.2316666666666667,17.77813657095039,0
2023-06-25 05:00:00,21.385030792238535,7.872552,1.2583333333333333,17.182892420213005,0
2023-06-25 06:00:00,23.218234029446318,6.835837333333334,1.2538888888888888,18.241595272916303,0
2023-06-25 07:00:00,24.350553451800874,6.252685333333333,1.1433333333333333,19.434003947284257,0
2023-06-25 08:00:00,22.540856453522508,5.215970666666666,1.1955555555555555,19.448521518201055,0
2023-06-25 09:00:00,22.647710850264314,5.086381333333333,1.0958333333333334,18.67923364593015,0
2023-06-25 10:00:00,23.852013074196254,5.928712,1.017777777777778,18.14260328428958,0
2023-06-25 11:00:00,25.79562135298689,3.855282666666666,1.0605555555555555,18.44676033432364,0
2023-06-25 12:00:00,22.711519316362924,0.8747280000000001,1.0450000000000002,19.154306926960892,0
2023-06-25 13:00:00,22.859452123668717,3.045349333333333,1.0083333333333333,19.28077078879702,0
2023-06-25 14:00:00,24.121682258136875,4.276447999999999,0.9622222222222222,19.488621287901115,1
2023-06-25 15:00:00,24.10465521939264,4.2116533333333335,0.9855555555555555,18.97535965400157,0
2023-06-25 16:00:00,25.164467948057446,4.406037333333333,0.9961111111111111,18.07415396919651,0
2023-06-25 17:00:00,23.044184848405582,7.159810666666666,1.0372222222222223,17.980125409837903,0
2023-06-25 18:00:00,25.22916706814264,6.090698666666667,1.0472222222222223,17.648565842455508,0
2023-06-25 19:00:00,24.293375012322304,4.5032293333333335,1.0311111111111113,18.233089784399493,0
2023-06-25 20:00:00,23.164973001420833,2.332608,1.075,19.590149878360243,1
2023-06-25 21:00:00,22.15742615074304,5.313162666666667,1.0872222222222223,19.2335198606953,0
2023-06-25 22:00:00,26.630498504765132,6.965426666666667,1.1472222222222221,17.86444270971526,0
2023-06-25 23:00:00,23.218431708182802,5.507546666666666,1.0994444444444444,17.135099355585428,0
2023-06-26 00:00:00,21.923746497535905,4.37364,1.0683333333333334,19.200166953736066,0
2023-06-26 01:00:00,22.56498255087222,7.127413333333333,1.0361111111111112,18.786829773497654,0
2023-06-26 02:00:00,22.58516703546327,7.840154666666667,1.14,17.064098741739866,0
2023-06-26 03:00:00,24.18514252452273,9.298034666666666,1.0255555555555556,17.245235583150222,0
2023-06-26 04:00:00,23.040019601587066,9.006458666666667,1.0772222222222223,18.72516898639439,0
2023-06-26 05:00:00,22.964407319203634,11.144682666666666,1.0547222222222221,17.678856570911325,0
2023-06-26 06:00:00,22.148316906155603,7.3217973333333335,1.0105555555555557,16.489805441437458,0
2023-06-26 07:00:00,23.943190240923034,4.5356266666666665,1.0033333333333332,18.92164081652656,0
2023-06-26 08:00:00,23.080845711153753,6.025904000000001,0.9961111111111111,18.524417408051928,0
2023-06-26 09:00:00,22.836818688239656,4.308845333333333,1.0272222222222223,18.18513475538417,0
2023-06-26 10:00:00,21.409283487752756,6.576658666666667,1.0105555555555557,18.309381836088793,0
2023-06-26 11:00:00,23.42058576229813,4.600421333333333,0.9972222222222222,18.34535010364637,0
2023-06-26 12:00:00,25.6215215417711,7.030221333333333,1.0338888888888889,18.249734958358477,0
2023-06-26 13:00:00,21.52925991914438,8.974061333333333,1.098888888888889,17.37370702508133,0
2023-06-26 14:00:00,22.52603335661675,8.552895999999999,1.095,18.935693520275134,0
2023-06-26 15:00:00,23.111274946817996,8.196525333333334,1.0955555555555556,18.305566319164665,0
2023-06-26 16:00:00,23.154007077711597,8.552895999999999,1.087777777777778,19.178216480703693,0
2023-06-26 17:00:00,24.78876494581483,9.945981333333334,1.1327777777777779,17.553860420434884,1
2023-06-26 18:00:00,23.72993526635833,10.853106666666667,1.1477777777777778,16.09205473049492,0
2023-06-26 19:00:00,22.320400950232415,12.310986666666667,1.2066666666666668,18.809600738313552,0
2023-06-26 20:00:00,22.964986535763718,13.088522666666668,1.2577777777777779,17.13750822030764,0
2023-06-26 21:00:00,24.451352058618316,13.12092,1.3388888888888888,17.42369870424678,0
2023-06-26 22:00:00,23.71793626418396,13.477290666666667,1.2966666666666666,16.918613369573396,1
2023-06-26 23:00:00,22.928374768471524,13.12092,1.3083333333333333,18.091423347337706,0
2023-06-27 00:00:00,23.071318532111018,13.218112,1.2933333333333332,16.919263456640262,0
2023-06-27 01:00:00,23.081595104598563,13.704072000000002,1.3211111111111111,15.822364564046843,0
2023-06-27 02:00:00,23.442566032349095,15.421130666666665,1.3244444444444445,16.907018951896006,0
2023-06-27 03:00:00,24.67319049382832,16.457845333333335,1.3894444444444443,14.865688453423788,0
2023-06-27 04:00:00,23.014707613468392,17.462162666666668,1.566111111111111,15.369499891307948,0
2023-06-27 05:00:00,22.866216146775542,15.583117333333334,1.622222222222222,17.311919764297024,0
2023-06-27 06:00:00,24.838716659789622,16.360653333333335,1.6572222222222222,16.84649582751534,0
2023-06-27 07:00:00,25.47046191809939,9.881186666666666,1.7572222222222222,17.075680160848567,1
2023-06-27 08:00:00,22.648967725602414,7.2894000000000005,1.683888888888889,18.280531141319823,0
2023-06-27 09:00:00,27.327923294200094,11.209477333333334,1.683888888888889,17.10726438001348,1
2023-06-27 10:00:00,25.66328620052363,10.269954666666665,1.6705555555555556,17.189184185971314,0
2023-06-27 11:00:00,23.785446632230236,10.010776,1.666111111111111,17.406095014891655,0
2023-06-27 12:00:00,22.538959874044934,13.542085333333333,1.6272222222222223,17.226899254508208,0
2023-06-27 13:00:00,22.8086767371236,12.440576,1.7272222222222222,17.71663768714713,0
2023-06-27 14:00:00,22.71690531243902,8.390909333333333,1.7827777777777778,18.436167083604747,0
2023-06-27 15:00:00,24.594637708363127,9.654405333333335,1.728888888888889,17.11305041761985,0
2023-06-27 16:00:00,22.268899099302814,9.395226666666668,1.8044444444444443,18.37174380689787,0
2023-06-27 17:00:00,25.383239660199127,9.751597333333335,1.79,18.09891841214822,0
2023-06-27 18:00:00,23.573302447057568,10.788312,1.8216666666666665,17.57224000151803,0
2023-06-27 19:00:00,24.18733192081375,11.987013333333335,1.7938888888888889,17.602198669836863,0
2023-06-27 20:00:00,23.437801713312712,10.561530666666666,1.7830555555555556,18.470969219575544,0
2023-06-27 21:00:00,22.061152385406782,11.209477333333332,1.7466666666666668,16.635759158959473,0
2023-06-27 22:00:00,23.210817475603477,11.695437333333333,1.7627777777777778,17.747620137133712,0
2023-06-27 23:00:00,22.623642303562917,10.367146666666669,1.7700000000000002,18.81583494050359,0
2023-06-28 00:00:00,22.3741992026679,7.613373333333333,1.7455555555555555,18.470787626238067,0
2023-06-28 01:00:00,22.127178555004335,6.090698666666666,1.6866666666666665,17.404392274616338,0
2023-06-28 02:00:00,24.97858538550753,8.034538666666666,1.63,18.86975988942167,0
2023-06-28 03:00:00,24.12146351354956,10.853106666666667,1.6355555555555554,18.162820791973846,1
2023-06-28 04:00:00,23.504341375122465,10.820709333333333,1.5461111111111112,18.388821957537107,0
2023-06-28 05:00:00,22.2792603371211,9.460021333333334,1.5611111111111111,17.965867797979374,0
2023-06-28 06:00:00,24.44895387558475,7.775359999999999,1.5155555555555555,18.76881956394489,0
2023-06-28 07:00:00,21.602175425416632,4.697613333333334,1.4827777777777778,17.150380399812878,0
2023-06-28 08:00:00,23.147514944081436,0.7127413333333333,1.455,19.092807343238302,0
2023-06-28 09:00:00,25.67969591931316,0.35637066666666667,1.4866666666666666,19.876210680776598,0
2023-06-28 10:00:00,24.87377192443586,0.2591786666666666,1.4638888888888888,19.420764155490662,0
2023-06-28 11:00:00,24.33844389785841,1.4254826666666667,1.4205555555555556,19.3773688304437,0
2023-06-28 12:00:00,23.075648823271695,0.0,1.42,19.664345029115225,0
2023-06-28 13:00:00,24.449804268779797,3.045349333333333,1.393888888888889,18.933306772341947,0
2023-06-28 14:00:00,23.731791835668535,5.799122666666666,1.4961111111111112,18.616241198805454,0
2023-06-28 15:00:00,23.821324494277345,6.187890666666667,1.4836111111111112,18.816475486904086,0
2023-06-28 16:00:00,24.131056549204953,6.868234666666667,1.4666666666666668,19.355217789198715,0
2023-06-28 17:00:00,23.474412883227814,10.140365333333333,1.4994444444444444,18.883607151137877,0
2023-06-28 18:00:00,25.76374709170126,10.982695999999999,1.4394444444444445,16.690233913281926,1
2023-06-28 19:00:00,24.170213114633924,10.788312,1.4777777777777779,18.812419784343216,0
2023-06-28 20:00:00,24.63039352682441,12.213794666666667,1.4594444444444443,17.98982927663227,0
2023-06-28 21:00:00,22.06182104972918,13.185714666666668,1.4772222222222222,17.400164077693873,0
2023-06-28 22:00:00,20.63932667824916,12.63496,1.5005555555555556,16.891104291560115,0
2023-06-28 23:00:00,21.51942250705466,9.978378666666666,1.501111111111111,18.776134027735893,0
2023-06-29 00:00:00,22.64544512987254,8.844472,1.4838888888888888,18.671346765409606,0
2023-06-29 01:00:00,23.745107095393234,6.868234666666667,1.4444444444444444,18.321387102792176,0
2023-06-29 02:00:00,24.814399598827546,5.863917333333333,1.4138888888888888,17.740587620657596,0
2023-06-29 03:00:00,21.737534209712578,1.8790453333333332,1.4872222222222222,19.485138899690337,0
2023-06-29 04:00:00,19.347226738199613,5.507546666666666,1.41,19.88868918096324,0
2023-06-29 05:00:00,24.06894217954759,3.596104,1.3744444444444444,19.211179133452458,0
2023-06-29 06:00:00,24.643346489416377,5.377957333333334,1.2727777777777778,18.455382474011632,0
2023-06-29 07:00:00,22.28891114300958,4.5032293333333335,1.2705555555555554,18.51888879608764,0
2023-06-29 08:00:00,23.84631610826948,7.678167999999999,1.3116666666666668,16.264093110042747,1
2023-06-29 09:00:00,23.30265858911302,5.961109333333333,1.3069444444444445,19.527677205815674,0
2023-06-29 10:00:00,22.80893488151791,6.220288,1.333888888888889,18.765107862424543,0
2023-06-29 11:00:00,24.254105644155015,8.455703999999999,1.2916666666666667,18.651802427957705,0
2023-06-29 12:00:00,22.69603248592857,6.7062479999999995,1.2722222222222224,18.406167855298765,0
2023-06-29 13:00:00,21.46138707543406,3.9200773333333334,1.2833333333333334,19.140417568490736,0
2023-06-29 14:00:00,25.75669020273514,4.730010666666667,1.2950000000000002,17.673509088418125,0
2023-06-29 15:00:00,23.366672132468803,4.891997333333333,1.2249999999999999,18.56694464803518,0
2023-06-29 16:00:00,22.681709835332857,5.313162666666667,1.2016666666666667,17.93243552814859,0
2023-06-29 17:00:00,25.19488913564808,6.7062479999999995,1.14,18.704172467875782,0
2023-06-29 18:00:00,24.532094350344135,5.34556,1.1691666666666667,17.567948994276176,0
2023-06-29 19:00:00,24.533548875218468,6.31748,1.1233333333333333,17.969736897003376,0
2023-06-29 20:00:00,25.050024594520057,8.228922666666667,1.0811111111111111,16.973421153539668,0
2023-06-29 21:00:00,19.830949824759816,8.520498666666667,1.1066666666666667,17.010948108646094,0
2023-06-29 22:00:00,22.992254094995214,8.682485333333334,1.1005555555555555,18.849501892267185,0
2023-06-29 23:00:00,22.6391833540989,7.9697439999999995,1.0922222222222222,17.27736551802847,0
2023-06-30 00:00:00,23.47006471714742,7.257002666666668,1.0694444444444444,17.37527580350669,1
2023-06-30 01:00:00,23.5679920884965,7.095016,1.0205555555555554,17.376210588623657,0
2023-06-30 02:00:00,24.114108419129725,6.673850666666667,1.0033333333333334,17.47581711547525,0
2023-06-30 03:00:00,23.77882525303002,8.228922666666667,0.9994444444444445,17.674799627402546,0
2023-06-30 04:00:00,22.096834664077235,8.358512,1.0022222222222223,18.036627033040162,1
2023-06-30 05:00:00,24.545774703481257,8.423306666666667,0.9716666666666667,17.027286760104847,0
2023-06-30 06:00:00,23.25152216644091,6.965426666666667,0.976111111111111,18.669115814129324,0
2023-06-30 07:00:00,22.204229076683294,6.155493333333333,0.9994444444444444,19.406535323572406,0
2023-06-30 08:00:00,23.31697709977267,6.31748,0.9811111111111112,18.592677434765836,0
2023-06-30 09:00:00,22.42500393950014,4.568024,1.0055555555555555,19.227628207815005,0
2023-06-30 10:00:00,23.480084648985255,5.021586666666667,0.9433333333333334,18.691212552057994,0
2023-06-30 11:00:00,24.129416592415293,4.438434666666667,0.8761111111111112,17.706934702109233,0
2023-06-30 12:00:00,23.02715242888281,3.952474666666667,0.9705555555555555,16.948975668938214,0
2023-06-30 13:00:00,22.778198605307153,4.762408,0.9727777777777779,17.801957110366306,0
2023-06-30 14:00:00,24.44274877352311,5.410354666666667,0.971111111111111,18.95190267245509,0
2023-06-30 15:00:00,23.577243460142995,5.118778666666667,0.9338888888888889,18.93113765414321,0
2023-06-30 16:00:00,23.05058045487308,6.965426666666667,0.98,18.686657962628573,0
2023-06-30 17:00:00,22.02852681870189,8.196525333333332,0.9288888888888889,17.977398268799124,1
2023-06-30 18:00:00,23.644058877528902,8.812074666666666,0.9283333333333333,17.735244814553223,0
2023-06-30 19:00:00,22.38340877996293,10.043173333333334,0.9233333333333333,18.605382477291908,0
2023-06-30 20:00:00,24.255037846013764,8.74728,0.9788888888888888,17.907628376103393,0
2023-06-30 21:00:00,22.807623446692116,7.775359999999999,0.8883333333333333,18.403170064070192,0
2023-06-30 22:00:00,22.53492387099695,6.3822746666666665,0.9044444444444445,17.868770111226098,0
2023-06-30 23:00:00,23.49342065508581,7.2894000000000005,0.8516666666666666,17.90089124140542,0
2023-07-01 00:00:00,25.633883414905892,7.192208000000001,0.8905555555555557,18.773323135594847,0
2023-07-01 01:00:00,26.240083446877378,6.544261333333334,0.8483333333333333,17.842895776031952,0
2023-07-01 02:00:00,24.540910957573463,5.151176,0.8016666666666666,18.58817831635993,0
2023-07-01 03:00:00,24.536032210316815,4.600421333333333,0.7999999999999999,19.617944694633255,0
2023-07-01 04:00:00,25.97750116123517,4.632818666666666,0.8161111111111111,17.74579346698668,0
2023-07-01 05:00:00,23.79381323289176,5.475149333333333,0.8216666666666667,19.43334669398481,0
2023-07-01 06:00:00,26.247582540441158,3.207336,0.8255555555555555,18.544529027750542,0
2023-07-01 07:00:00,24.690236635719288,1.0367146666666667,0.918888888888889,18.066384469273867,0
2023-07-01 08:00:00,24.57124225282018,0.291576,0.8494444444444444,18.64012232171988,0
2023-07-01 09:00:00,25.606585103062486,3.628501333333334,0.8849999999999999,18.035087563856948,0
2023-07-01 10:00:00,24.642978539117312,4.762408,0.8527777777777779,18.351275089034825,0
2023-07-01 11:00:00,24.428821001641698,2.4297999999999997,0.8566666666666666,19.68379805753014,0
2023-07-01 12:00:00,23.886956066058787,2.91576,0.8272222222222222,18.485287500358314,0
2023-07-01 13:00:00,24.47358909621322,1.5226746666666664,0.8388888888888889,17.967456739636813,0
2023-07-01 14:00:00,24.237190334732873,5.507546666666666,0.8127777777777778,17.554193881477097,0
2023-07-01 15:00:00,26.89298799858113,4.179256,0.813888888888889,18.91144213811663,0
2023-07-01 16:00:00,24.794626535742836,7.451386666666667,0.7844444444444445,18.176549503122157,0
2023-07-01 17:00:00,23.086456716550007,7.127413333333333,0.7844444444444445,18.483067428039124,0
2023-07-01 18:00:00,26.38030385508684,6.025904,0.851111111111111,18.18093429624086,0
2023-07-01 19:00:00,25.54511294411572,7.678167999999999,0.8777777777777778,17.93982634207742,0
2023-07-01 20:00:00,23.690616629330332,7.840154666666667,0.8555555555555555,17.934646181042105,0
2023-07-01 21:00:00,24.580240171637765,5.799122666666666,0.8977777777777778,19.18059446627924,0
2023-07-01 22:00:00,25.98982941092415,6.9978240000000005,0.9049999999999999,19.480765900088954,0
2023-07-01 23:00:00,23.269795499191698,7.062618666666666,0.9077777777777779,18.05520539615353,0
2023-07-02 00:00:00,25.07553974453487,5.896314666666666,0.9994444444444445,19.216308433844713,0
2023-07-02 01:00:00,24.652737225923943,5.507546666666666,0.975,19.406610029049215,0
2023-07-02 02:00:00,24.982501923279102,6.544261333333334,1.0044444444444445,18.86776070258463,0
2023-07-02 03:00:00,25.629816793825615,7.516181333333333,1.0072222222222222,17.923260088313913,0
2023-07-02 04:00:00,26.721513861749358,8.844472,1.0166666666666666,17.970183909528462,0
2023-07-02 05:00:00,25.953090280159596,8.293717333333333,1.0805555555555557,18.501904178058133,0
2023-07-02 06:00:00,23.980938057565222,9.23324,1.0633333333333335,17.044757906537168,0
2023-07-02 07:00:00,23.709951098517365,10.334749333333333,1.0761111111111112,17.088109125265266,0
2023-07-02 08:00:00,27.450622687093738,8.779677333333334,1.1044444444444446,16.607017375134095,0
2023-07-02 09:00:00,24.365206549685794,9.168445333333333,1.0927777777777778,17.989850286292413,0
2023-07-02 10:00:00,26.247041613724093,10.593928,1.0238888888888888,16.98981995813836,0
2023-07-02 11:00:00,24.523327026138375,11.015093333333333,1.1011111111111112,17.269768592811335,0
2023-07-02 12:00:00,26.884843396969856,12.149000000000001,1.0761111111111112,17.045453356153935,0
2023-07-02 13:00:00,26.261756438852725,12.051808000000001,1.078888888888889,15.645828017190667,1
2023-07-02 14:00:00,24.48090326902735,11.598245333333333,1.087777777777778,17.93208993936754,1
2023-07-02 15:00:00,25.362024112022585,11.177080000000002,1.1027777777777779,17.259887354041307,0
2023-07-02 16:00:00,27.155629914209154,10.561530666666666,1.116111111111111,16.53296654277295,0
2023-07-02 17:00:00,26.490608071001635,11.047490666666667,1.155,17.333598030945915,0
2023-07-02 18:00:00,25.410705354955212,12.084205333333335,1.118888888888889,16.26646370795271,0
2023-07-02 19:00:00,23.655623430084532,13.444893333333333,1.2455555555555555,17.680558449089812,0
2023-07-02 20:00:00,22.700516482354242,15.583117333333334,1.2272222222222222,15.73947786508001,1
2023-07-02 21:00:00,25.469112759981382,15.259144,1.2916666666666667,15.868426547985065,0
2023-07-02 22:00:00,25.157846147448847,16.133872,1.3877777777777778,15.774482431295397,0
2023-07-02 23:00:00,23.50114835416261,12.796946666666665,1.375,17.32927260452197,0
2023-07-03 00:00:00,23.326919960190228,14.190032,1.3283333333333334,15.817671975787112,0
2023-07-03 01:00:00,22.767497605597697,15.194349333333333,1.3588888888888888,17.37451694394741,1
2023-07-03 02:00:00,25.59341923130005,15.194349333333333,1.3566666666666667,16.316303820830598,1
2023-07-03 03:00:00,25.887900718004076,14.611197333333331,1.2427777777777778,16.306576380314308,0
2023-07-03 04:00:00,25.542164331792517,16.004282666666665,1.2533333333333332,17.25987404405564,1
2023-07-03 05:00:00,25.47478004366557,16.263461333333332,1.3888888888888886,15.276790014128544,0
2023-07-03 06:00:00,25.12179271271981,14.481608,1.4377777777777778,16.469815109186595,0
2023-07-03 07:00:00,25.10990818832387,11.630642666666667,1.348888888888889,15.204109894865686,0
2023-07-03 08:00:00,25.634478672484068,9.330432,1.3466666666666667,15.988967861471167,0
2023-07-03 09:00:00,24.491860189589122,9.622008,1.291111111111111,17.34754780666969,0
2023-07-03 10:00:00,27.526431311984595,8.196525333333334,1.24,18.270150288761634,0
2023-07-03 11:00:00,24.911894932495382,9.654405333333333,1.2550000000000001,17.83990694140098,0
2023-07-03 12:00:00,24.51891377281859,8.552896,1.183888888888889,17.391049750361965,0
2023-07-03 13:00:00,25.447237645267446,6.511864,1.1272222222222223,17.147047975651926,0
2023-07-03 14:00:00,25.69299152794213,5.507546666666666,1.0733333333333335,17.943817812654924,0
2023-07-03 15:00:00,24.58333372295475,5.442752,1.1077777777777778,17.835149152576744,0
2023-07-03 16:00:00,25.357057253797617,5.313162666666667,1.136111111111111,18.266034372590777,0
2023-07-03 17:00:00,22.630139680553857,7.9373466666666666,1.125,18.659526105163195,0
2023-07-03 18:00:00,26.577659749659045,8.390909333333333,1.2194444444444443,18.25994676727361,0
2023-07-03 19:00:00,26.014022985340123,7.548578666666667,1.2627777777777778,17.841799753042235,0
2023-07-03 20:00:00,26.341873640061753,9.006458666666665,1.2652777777777777,17.701228164520924,0
2023-07-03 21:00:00,24.295950037379118,10.496736,1.2750000000000001,17.141885680712686,0
2023-07-03 22:00:00,26.124431873495165,12.537768,1.2394444444444443,17.109050727725542,0
2023-07-03 23:00:00,24.918731830026076,11.792629333333332,1.2516666666666667,17.367929701894543,0
2023-07-04 00:00:00,24.65374917785512,12.894138666666668,1.2855555555555556,17.154921428824263,0
2023-07-04 01:00:00,22.821816240500908,15.323938666666665,1.328888888888889,16.854910114340054,0
2023-07-04 02:00:00,24.234220065011495,14.254826666666666,1.3650000000000002,18.411137720960127,1
2023-07-04 03:00:00,23.636210048053318,13.930853333333333,1.3222222222222222,17.32535603634544,0
2023-07-04 04:00:00,26.658534001085126,9.751597333333333,1.3022222222222222,17.660973669221733,0
2023-07-04 05:00:00,23.72720204088282,12.63496,1.2033333333333334,16.195920788221716,0
2023-07-04 06:00:00,23.68691079406661,10.269954666666667,1.0955555555555556,18.053498550793414,0
2023-07-04 07:00:00,24.667651462656526,7.613373333333333,1.0855555555555556,16.77101939876074,0
2023-07-04 08:00:00,25.19176784148247,11.468656000000001,1.0127777777777778,17.48775435118323,0
2023-07-04 09:00:00,25.16092162006946,6.544261333333334,1.1205555555555555,18.61949157066039,0
2023-07-04 10:00:00,24.498892096582704,10.269954666666665,1.1344444444444444,17.45569151266787,0
2023-07-04 11:00:00,23.412648597346543,10.334749333333333,1.1677777777777776,19.057652722740865,0
2023-07-04 12:00:00,22.461573448739884,10.043173333333334,1.1722222222222223,17.394806297747568,1
2023-07-04 13:00:00,25.01293824367183,10.172762666666666,1.1144444444444443,17.30724017239881,0
2023-07-04 14:00:00,26.50212223119623,10.172762666666666,1.088888888888889,18.258410811051856,0
2023-07-04 15:00:00,23.263721742247313,8.26132,1.0566666666666666,18.44427273489469,0
2023-07-04 16:00:00,24.303848613438035,6.382274666666667,1.0616666666666668,18.1189206707223,0
2023-07-04 17:00:00,23.76073027367505,5.863917333333333,1.1877777777777776,17.842062532051468,0
2023-07-04 18:00:00,26.125570379361506,6.220288,1.1272222222222223,18.654686944929356,0
2023-07-04 19:00:00,26.646158520049173,7.9373466666666666,1.0255555555555556,18.793404990811677,0
2023-07-04 20:00:00,23.020833266887447,6.155493333333333,0.9622222222222222,18.375909610773913,0
2023-07-04 21:00:00,24.985917117110247,2.2678133333333332,0.9211111111111112,19.49281105068138,0
2023-07-04 22:00:00,26.501523005447268,3.3369253333333333,0.8761111111111112,19.171229422292022,0
2023-07-04 23:00:00,23.73680656536983,6.3498773333333345,0.8538888888888888,18.439184975698254,0
2023-07-05 00:00:00,23.37163721758303,6.738645333333333,0.8377777777777778,18.256151753105126,0
2023-07-05 01:00:00,25.541441278408698,5.183573333333333,0.8255555555555555,18.99583332553659,0
2023-07-05 02:00:00,24.049508742264532,0.9395226666666666,0.8233333333333334,18.991285424104188,0
2023-07-05 03:00:00,25.661183258716093,1.360688,0.8355555555555556,18.03348369550839,0
2023-07-05 04:00:00,25.550217638276138,0.7451386666666666,0.9066666666666666,19.09358659698037,0
2023-07-05 05:00:00,25.577358794716787,1.3282906666666667,0.8638888888888889,19.756449349965454,0
2023-07-05 06:00:00,25.563849749012537,3.4665146666666664,0.8305555555555556,19.80297539952105,0
2023-07-05 07:00:00,24.590791063072142,6.31748,0.7927777777777778,17.386961172799378,0
2023-07-05 08:00:00,24.212295905052546,3.855282666666667,0.7786111111111111,19.457478685446617,0
2023-07-05 09:00:00,22.816128263698797,0.9071253333333335,0.7472222222222222,19.982587916320586,0
2023-07-05 10:00:00,23.606131803464752,0.5507546666666666,0.7638888888888888,19.047303438361784,0
2023-07-05 11:00:00,24.47709643296309,3.628501333333334,0.8055555555555555,19.213795927560273,0
2023-07-05 12:00:00,24.50416144153017,4.146858666666667,0.7811111111111111,19.136779801443904,0
2023-07-05 13:00:00,23.982462944237238,1.0043173333333335,0.7744444444444444,18.45350406823398,0
2023-07-05 14:00:00,26.117469726168377,0.42116533333333334,0.735,17.72393069472535,0
2023-07-05 15:00:00,26.42212674254442,0.0,0.7294444444444445,19.38138772438435,0
2023-07-05 16:00:00,25.353621423403794,0.5183573333333333,0.71,18.937566716001545,0
2023-07-05 17:00:00,25.30190773152343,1.3282906666666667,0.71,19.535144776793484,0
2023-07-05 18:00:00,24.41327765112899,1.8142506666666665,0.7072222222222222,18.984933788796692,0
2023-07-05 19:00:00,25.168513709577937,4.179256,0.6894444444444444,18.010128374470337,0
2023-07-05 20:00:00,25.724746754382206,8.099333333333334,0.6705555555555556,18.768182390701273,0
2023-07-05 21:00:00,23.890317318457633,10.205160000000001,0.64,16.83362457604538,0
2023-07-05 22:00:00,24.11621199465365,9.686802666666667,0.6733333333333333,19.37720658681967,0
2023-07-05 23:00:00,24.6352517939553,8.423306666666667,0.6727777777777778,18.20371228573425,0
2023-07-06 00:00:00,25.143846716179933,8.034538666666666,0.6699999999999999,17.24257070929479,0
2023-07-06 01:00:00,26.594416888004414,7.775359999999999,0.6483333333333333,17.766600510882935,1
2023-07-06 02:00:00,23.816786819942937,8.488101333333333,0.648888888888889,19.09493375373164,0
2023-07-06 03:00:00,24.95684160071035,7.516181333333333,0.6355555555555555,17.665893513353364,0
2023-07-06 04:00:00,25.00591461600879,6.123096,0.6333333333333333,18.888022364455303,0
2023-07-06 05:00:00,24.20543056300859,5.896314666666666,0.6055555555555555,18.905141970288348,0
2023-07-06 06:00:00,24.371202117263554,7.678167999999999,0.5955555555555555,18.68411677285048,0
2023-07-06 07:00:00,24.612179944135764,6.835837333333334,0.5897222222222221,17.500900335771664,0
2023-07-06 08:00:00,25.533747304926766,6.771042666666666,0.5727777777777777,17.769133620853765,0
2023-07-06 09:00:00,24.217236060519003,4.794805333333334,0.5938888888888888,18.62978084611692,0
2023-07-06 10:00:00,26.126111746506044,3.790488,0.5866666666666666,19.412102047528577,0
2023-07-06 11:00:00,26.119948357994446,6.673850666666667,0.5866666666666667,18.18912696499649,0
2023-07-06 12:00:00,25.69093028554452,6.609056,0.5488888888888889,16.982567714829134,0
2023-07-06 13:00:00,23.795963933441783,6.771042666666666,0.5588888888888889,16.771540457816787,0
2023-07-06 14:00:00,25.8703175032495,7.257002666666666,0.5472222222222223,18.452664882110337,0
2023-07-06 15:00:00,24.462607811223354,8.455703999999999,0.5755555555555555,17.217858913669208,0
2023-07-06 16:00:00,24.995939642676024,8.293717333333333,0.5522222222222223,18.0500420771946,0
2023-07-06 17:00:00,24.96817939675878,8.812074666666666,0.5594444444444444,17.434056724250503,0
2023-07-06 18:00:00,26.60311839024439,7.451386666666667,0.5683333333333334,18.2407521950842,0
2023-07-06 19:00:00,24.31994003472478,6.576658666666667,0.5427777777777778,18.74517634106036,0
2023-07-06 20:00:00,24.652405535055966,6.835837333333334,0.548888888888889,17.195376684609766,1
2023-07-06 21:00:00,27.616608034167058,8.682485333333334,0.5466666666666667,18.881784014224046,0
2023-07-06 22:00:00,24.4558654340522,10.658722666666668,0.5605555555555556,18.131942318719407,0
2023-07-06 23:00:00,23.017316440092312,10.723517333333334,0.5888888888888889,17.812365783058688,0
2023-07-07 00:00:00,25.076143040567345,10.237557333333333,0.6105555555555555,18.72928791570493,0
2023-07-07 01:00:00,25.233604070406113,10.269954666666665,0.62,17.14168995221048,0
2023-07-07 02:00:00,23.866477287580228,10.529133333333332,0.6238888888888888,18.659893996566577,0
2023-07-07 03:00:00,26.5902678523854,8.650088,0.6344444444444445,18.21672417068748,0
2023-07-07 04:00:00,22.67563808245796,6.576658666666667,0.6094444444444445,17.88461896780718,0
2023-07-07 05:00:00,25.397139854102345,6.123096,0.5650000000000001,18.86654718140643,0
2023-07-07 06:00:00,23.559835845615865,5.507546666666666,0.5494444444444445,19.315824168832275,0
2023-07-07 07:00:00,24.19721922379536,4.276448,0.5405555555555556,17.105836339124846,0
2023-07-07 08:00:00,25.745565224281805,1.0043173333333335,0.5372222222222223,18.450943108311943,0
2023-07-07 09:00:00,23.70292939619161,0.032397333333333334,0.5383333333333334,19.883852648924652,0
2023-07-07 10:00:00,24.800900718037866,2.5593893333333333,0.513888888888889,18.860233744063656,0
2023-07-07 11:00:00,24.94465607717879,6.025904,0.5416666666666666,18.455613558997328,0
2023-07-07 12:00:00,25.089825288598576,5.410354666666667,0.5294444444444445,17.87204657194204,0
2023-07-07 13:00:00,26.566793452204507,4.114461333333334,0.5172222222222222,18.304814020854725,0
2023-07-07 14:00:00,23.271177423923746,7.6457706666666665,0.5327777777777778,19.458359451912216,0
2023-07-07 15:00:00,24.858401190530348,7.548578666666667,0.5311111111111111,18.97883983343731,0
2023-07-07 16:00:00,23.337780445718916,8.26132,0.5547222222222222,17.19290256679664,0
2023-07-07 17:00:00,24.813738131189798,8.779677333333334,0.5666666666666667,18.928163667661355,0
2023-07-07 18:00:00,24.445949655502503,7.451386666666667,0.5911111111111111,18.19659742681098,0
2023-07-07 19:00:00,25.273985836469453,7.095016,0.5733333333333334,17.874734164738722,0
2023-07-07 20:00:00,23.156151008525498,5.928712,0.5833333333333334,18.78220918379795,0
2023-07-07 21:00:00,25.516338155006455,4.341242666666667,0.6277777777777778,18.956155425218032,0
2023-07-07 22:00:00,27.45595254146744,4.146858666666667,0.6216666666666667,17.58261263637424,0
2023-07-07 23:00:00,25.188008708190125,4.114461333333334,0.6372222222222222,18.326906456660023,0
2023-07-08 00:00:00,23.684601142398915,4.2116533333333335,0.6433333333333334,16.908661634830906,0
2023-07-08 01:00:00,24.891282608689128,0.48595999999999995,0.6194444444444445,19.056734992123825,0
2023-07-08 02:00:00,25.3504829704774,2.008634666666667,0.6372222222222222,18.485290735749473,0
2023-07-08 03:00:00,25.86141581578168,2.7861706666666666,0.6238888888888888,18.230884411954708,0
2023-07-08 04:00:00,26.150708033265968,2.948157333333333,0.6311111111111111,18.34512360644673,0
2023-07-08 05:00:00,25.196286118436834,2.2030186666666665,0.6383333333333333,19.05743892078745,0
2023-07-08 06:00:00,23.18260453666107,1.5226746666666668,0.6216666666666667,18.756966255351006,0
2023-07-08 07:00:00,24.433198993254454,0.12958933333333333,0.6355555555555555,19.292295980509582,0
2023-07-08 08:00:00,25.15032890021099,1.0691119999999998,0.6344444444444445,19.43378834993412,0
2023-07-08 09:00:00,23.934009609936265,1.360688,0.6194444444444445,19.35925660721752,0
2023-07-08 10:00:00,24.437621707125597,3.1425413333333334,0.6116666666666667,19.101718663470248,0
2023-07-08 11:00:00,24.01888593924788,4.665216,0.6533333333333333,18.647672841814167,0
2023-07-08 12:00:00,27.516579359616014,5.183573333333333,0.63,18.84436686068187,0
2023-07-08 13:00:00,23.378186765791558,5.377957333333334,0.6311111111111111,18.12863653021064,0
2023-07-08 14:00:00,25.675105364428074,6.025904000000001,0.6133333333333333,19.050553242777827,0
2023-07-08 15:00:00,25.04351771387393,6.3822746666666665,0.6122222222222222,18.251574200083848,0
2023-07-08 16:00:00,24.453237637742603,5.021586666666667,0.6427777777777778,18.87068632873068,0
2023-07-08 17:00:00,23.224738696611155,5.248368,0.6461111111111112,17.81244950620091,0
2023-07-08 18:00:00,23.35076019423818,5.669533333333334,0.6661111111111111,19.11269778683518,0
2023-07-08 19:00:00,25.902013148441544,5.572341333333334,0.6766666666666666,19.71991279851554,0
2023-07-08 20:00:00,22.997020948614416,6.868234666666667,0.6505555555555556,17.055757295084128,0
2023-07-08 21:00:00,26.74659465064609,6.220288,0.6405555555555555,18.601523144953585,0
2023-07-08 22:00:00,24.165334249876537,6.9978240000000005,0.6088888888888889,18.416215475549873,0
2023-07-08 23:00:00,25.500804667420454,7.840154666666666,0.6094444444444445,18.582734121281955,0
2023-07-09 00:00:00,24.507736049848884,7.807757333333332,0.6544444444444445,19.483231101968116,0
2023-07-09 01:00:00,24.776047669717727,7.580976,0.6377777777777778,17.373665490335927,0
2023-07-09 02:00:00,22.581736819672603,7.2894000000000005,0.6672222222222223,17.842320306787922,0
2023-07-09 03:00:00,24.51830496746741,7.613373333333333,0.6672222222222223,18.013003516993653,0
2023-07-09 04:00:00,21.68633336404237,6.479466666666667,0.688888888888889,18.655409642461215,0
2023-07-09 05:00:00,25.916761153624325,6.738645333333333,0.6927777777777777,19.669504170298378,0
2023-07-09 06:00:00,26.98414584486461,5.086381333333333,0.73,19.275949507690964,0
2023-07-09 07:00:00,25.324267220323687,5.021586666666667,0.6938888888888889,17.460170562106924,0
2023-07-09 08:00:00,27.424558020100736,5.539944000000001,0.7027777777777778,17.811198354837657,0
2023-07-09 09:00:00,25.532115332289056,4.924394666666667,0.6966666666666667,18.9554617493101,0
2023-07-09 10:00:00,24.364332827974792,6.090698666666667,0.6455555555555555,18.900744450477685,0
2023-07-09 11:00:00,24.267590245566268,6.609056,0.6766666666666666,18.892423901685664,0
2023-07-09 12:00:00,26.764715665591027,7.030221333333333,0.6783333333333333,18.726831024822555,0
2023-07-09 13:00:00,23.678373638522533,8.326114666666667,0.6922222222222222,18.31074758179411,0
2023-07-09 14:00:00,24.541826097602396,9.103650666666667,0.6794444444444445,19.11893935994981,0
2023-07-09 15:00:00,24.17111334633108,9.978378666666666,0.67,17.94487801026107,0
2023-07-09 16:00:00,25.65529688599919,11.306669333333334,0.6777777777777777,15.91403557097797,0
2023-07-09 17:00:00,27.697543070006944,12.602562666666666,0.7633333333333333,17.763285955503544,0
2023-07-09 18:00:00,27.91562896208416,12.505370666666666,0.7922222222222223,17.528301063578684,0
2023-07-09 19:00:00,26.471309777611552,12.991330666666665,0.8572222222222222,16.874509632093268,0
2023-07-09 20:00:00,26.98701478002337,12.278589333333334,0.888888888888889,17.462239826416138,0
2023-07-09 21:00:00,25.076529861557486,12.667357333333333,0.9016666666666667,17.712156056359635,0
2023-07-09 22:00:00,25.370832781189563,14.514005333333332,0.9594444444444444,17.362493927321854,0
2023-07-09 23:00:00,24.460391621486224,14.060442666666667,0.9588888888888888,17.153560244068373,0
2023-07-10 00:00:00,22.736618928631582,14.578800000000001,0.9416666666666668,18.430886862461954,0
2023-07-10 01:00:00,26.867292444023807,14.902773333333334,0.8961111111111112,16.515510687124397,0
2023-07-10 02:00:00,27.04712676482406,17.105791999999997,0.9788888888888888,16.671428874546237,1
2023-07-10 03:00:00,25.64155719819094,15.194349333333333,1.0361111111111112,16.6826317447854,0
2023-07-10 04:00:00,24.087339460309764,6.933029333333334,1.0655555555555556,18.218914827760603,1
2023-07-10 05:00:00,23.856431879835366,10.302352,1.146111111111111,18.026101127622567,0
2023-07-10 06:00:00,25.138467326933334,12.472973333333334,1.1094444444444445,17.544461355391675,0
2023-07-10 07:00:00,25.050489375012162,14.416813333333332,1.1316666666666666,16.810716147693636,0
2023-07-10 08:00:00,23.47146494250899,12.181397333333335,1.1077777777777778,17.140432871345528,0
2023-07-10 09:00:00,24.720036968667262,11.533450666666667,1.0555555555555556,17.097175290202376,0
2023-07-10 10:00:00,23.37931471281004,8.358512,0.9272222222222223,18.43418851649498,0
2023-07-10 11:00:00,26.30640088380233,10.529133333333332,0.8544444444444445,19.034943559519466,0
2023-07-10 12:00:00,25.29487042691736,8.228922666666667,0.8161111111111111,16.903854294956215,0
2023-07-10 13:00:00,25.58715208657929,8.617690666666666,0.7944444444444444,17.35242558466638,0
2023-07-10 14:00:00,23.14453337704367,6.9978240000000005,0.8155555555555556,17.586321894293636,0
2023-07-10 15:00:00,24.740400978656638,9.136048,0.8022222222222223,17.351259162594726,0
2023-07-10 16:00:00,26.969149949648813,12.246192,0.7961111111111112,18.876412874181298,0
2023-07-10 17:00:00,24.13885996741493,12.084205333333331,0.8544444444444445,16.971415114105074,0
2023-07-10 18:00:00,24.897784942018514,11.403861333333333,0.8522222222222222,17.491537264797994,0
2023-07-10 19:00:00,26.35909609326924,12.699754666666665,0.8788888888888889,16.944772632434773,0
2023-07-10 20:00:00,25.578366182290125,13.866058666666667,0.898888888888889,17.403290910836162,0
2023-07-10 21:00:00,23.423523839418582,10.367146666666667,0.8922222222222222,16.998204547945562,0
2023-07-10 22:00:00,26.361270187491943,8.196525333333332,0.798888888888889,18.5455500250395,0
2023-07-10 23:00:00,24.48557479842253,5.701930666666667,0.7166666666666667,17.085052583384783,0
2023-07-11 00:00:00,26.545697675548535,4.470832,0.6572222222222223,18.722439572815425,0
2023-07-11 01:00:00,25.345959394531786,4.8272026666666665,0.6316666666666667,19.364122616974644,0
2023-07-11 02:00:00,24.309163989780036,4.568024,0.6116666666666667,18.55456557015668,0
2023-07-11 03:00:00,24.918119706979407,5.993506666666666,0.6083333333333333,19.072736800795962,0
2023-07-11 04:00:00,24.661025780948126,12.278589333333334,0.6666666666666666,18.420442976122867,0
2023-07-11 05:00:00,23.51536115916545,10.755914666666667,0.7616666666666667,17.164830948864296,1
2023-07-11 06:00:00,24.226050761314912,8.520498666666667,0.7622222222222222,17.107107506841746,0
2023-07-11 07:00:00,24.475299531570954,6.803439999999999,0.7511111111111112,18.37245863835854,0
2023-07-11 08:00:00,22.81542494786159,11.565848,0.6811111111111111,17.601693816420944,0
2023-07-11 09:00:00,24.43859192691605,11.630642666666667,0.66,18.067492511053803,0
2023-07-11 10:00:00,24.23273304398303,12.667357333333333,0.701111111111111,16.932277545562002,0
2023-07-11 11:00:00,26.10613175754975,10.723517333333334,0.6833333333333332,17.151383650211283,0
2023-07-11 12:00:00,25.361498614480983,10.20516,0.6694444444444444,16.891641115010266,0
2023-07-11 13:00:00,26.537810640362483,8.066936,0.6327777777777778,18.22725802699014,0
2023-07-11 14:00:00,24.121542064689894,7.224605333333334,0.6233333333333334,16.997752913913207,0
2023-07-11 15:00:00,24.214152184372832,6.9978240000000005,0.63,18.332474361410544,0
2023-07-11 16:00:00,25.730408303396114,7.613373333333333,0.6088888888888889,19.030246210092344,0
2023-07-11 17:00:00,25.314975671572967,8.455703999999999,0.6438888888888888,18.28270503710279,0
2023-07-11 18:00:00,25.762379704782532,8.293717333333333,0.6627777777777778,18.931447881967085,0
2023-07-11 19:00:00,25.268387408398684,7.710565333333332,0.6905555555555555,18.898182851989752,0
2023-07-11 20:00:00,24.79135106348463,7.2894000000000005,0.6944444444444445,18.58899140782717,0
2023-07-11 21:00:00,27.786099591286348,8.682485333333332,0.6766666666666666,19.221986310515835,0
2023-07-11 22:00:00,24.04075235340326,10.172762666666666,0.6766666666666667,17.61755556102412,0
2023-07-11 23:00:00,24.488900020868282,10.399544,0.7133333333333333,17.974437708108727,0
2023-07-12 00:00:00,25.426602995453873,10.626325333333332,0.7544444444444444,17.548543260298686,0
2023-07-12 01:00:00,24.449747312148038,10.367146666666667,0.81,17.459758561093096,0
2023-07-12 02:00:00,24.277503677090635,11.177079999999998,0.8438888888888889,16.863769516033248,0
2023-07-12 03:00:00,23.800229832352525,11.306669333333334,0.8411111111111111,18.060242690376427,0
2023-07-12 04:00:00,26.32978400702682,9.978378666666666,0.8266666666666667,17.808928954598752,0
2023-07-12 05:00:00,25.6645193005747,7.710565333333334,0.785,17.39551179947557,0
2023-07-12 06:00:00,24.195025272607214,7.807757333333334,0.7050000000000001,18.823588936944585,0
2023-07-12 07:00:00,26.034292412572455,9.071253333333333,0.6833333333333332,16.183382619388695,0
2023-07-12 08:00:00,23.854866816783968,8.650088,0.6933333333333334,17.753105225693293,0
2023-07-12 09:00:00,24.831395064740168,7.418989333333333,0.7077777777777778,17.41267799378157,0
2023-07-12 10:00:00,25.674548431028867,7.580976,0.7033333333333333,18.334454093539247,0
2023-07-12 11:00:00,26.786959515106144,7.192208000000001,0.7077777777777777,18.079060117541093,0
2023-07-12 12:00:00,23.16913832711998,7.062618666666668,0.7133333333333333,18.787472216347947,0
2023-07-12 13:00:00,24.465259721831103,7.710565333333332,0.695,19.067259979496452,0
2023-07-12 14:00:00,23.435540079834713,7.062618666666666,0.7072222222222222,19.086109537930515,0
2023-07-12 15:00:00,24.453442410139047,6.025904000000001,0.6822222222222223,18.509434685409474,0
2023-07-12 16:00:00,25.933850460463617,5.896314666666666,0.6855555555555556,19.219276626362046,0
2023-07-12 17:00:00,25.27456268435209,6.025904,0.6933333333333334,18.545187911101287,0
2023-07-12 18:00:00,23.4720970166501,7.77536,0.6788888888888889,19.20810339872826,0
2023-07-12 19:00:00,24.314440990304917,8.423306666666667,0.638888888888889,18.60790417137882,0
2023-07-12 20:00:00,24.566179058845986,7.872552,0.6494444444444445,18.639653391850874,0
2023-07-12 21:00:00,23.95908811972076,8.714882666666666,0.6655555555555556,19.015606359970906,0
2023-07-12 22:00:00,24.079854725508653,8.650088,0.6833333333333332,16.962954299924338,0
2023-07-12 23:00:00,25.121682138364946,8.164128,0.6788888888888889,18.61794187559253,0
2023-07-13 00:00:00,26.728168799840702,9.23324,0.6761111111111111,18.132244273373292,0
2023-07-13 01:00:00,27.078935859444147,11.112285333333332,0.6983333333333333,17.21912838686607,0
2023-07-13 02:00:00,24.75643043825345,11.079887999999999,0.7338888888888889,17.04979465470117,0
2023-07-13 03:00:00,23.806161484541104,11.889821333333332,0.7916666666666666,17.234772710020483,0
2023-07-13 04:00:00,23.874176001547948,12.699754666666665,0.9333333333333332,14.749631265666387,0
2023-07-13 05:00:00,25.834574319673163,11.306669333333332,0.9199999999999999,16.756042896182567,0
2023-07-13 06:00:00,25.786121986123618,11.112285333333332,0.9505555555555555,18.34368957647199,0
2023-07-13 07:00:00,25.109693036799168,11.371464000000001,0.9305555555555557,18.298943851874615,0
2023-07-13 08:00:00,26.654528190538656,10.755914666666667,0.9022222222222221,16.964891186189913,0
2023-07-13 09:00:00,25.209913918580455,10.431941333333333,0.9166666666666666,18.1297728823663,0
2023-07-13 10:00:00,26.219783996064802,9.686802666666667,0.9055555555555556,17.703662543135234,0
2023-07-13 11:00:00,24.16366518489215,6.609056,0.8961111111111112,18.475574417627897,0
2023-07-13 12:00:00,23.77348503113903,0.291576,0.8483333333333333,19.332200049428067,0
2023-07-13 13:00:00,25.009254517711906,3.304528,0.8450000000000001,18.896472878423463,0
2023-07-13 14:00:00,25.43603037042629,7.9373466666666666,0.8088888888888889,17.97410853584963,0
2023-07-13 15:00:00,25.08420639289442,10.496736,0.8344444444444444,17.914266260725245,0
2023-07-13 16:00:00,23.75639690331612,13.250509333333333,0.8099999999999999,17.25010730632286,0
2023-07-13 17:00:00,25.337822710084065,14.157634666666667,0.8916666666666666,17.01638745938835,0
2023-07-13 18:00:00,23.790859428149364,14.578800000000001,0.9938888888888888,18.009311177229296,0
2023-07-13 19:00:00,27.212992570981168,15.097157333333334,1.0977777777777777,16.015339586017074,0
2023-07-13 20:00:00,23.78679981288776,15.388733333333334,1.2016666666666667,17.34615675822986,1
2023-07-13 21:00:00,25.285302108668393,16.425448,1.3466666666666667,16.24441354796441,0
2023-07-13 22:00:00,25.76773090665897,16.814216,1.4191666666666665,15.96156746652577,0
2023-07-13 23:00:00,22.86761162922466,16.393050666666667,1.4855555555555557,15.6834779182582,0
2023-07-14 00:00:00,25.121396375235758,16.814216,1.4816666666666667,16.01070078664715,1
2023-07-14 01:00:00,24.296054353203996,14.870376,1.5666666666666667,16.37224875556684,1
2023-07-14 02:00:00,27.235892946468255,14.514005333333335,1.6516666666666666,17.27832928091719,0
2023-07-14 03:00:00,23.646204725788618,16.03668,1.5761111111111112,16.336401385508623,1
2023-07-14 04:00:00,25.721993854939303,15.842296,1.6255555555555556,17.268162595137586,0
2023-07-14 05:00:00,25.660287202391586,15.583117333333334,1.5644444444444445,16.745611573856664,1
2023-07-14 06:00:00,26.113872266597085,14.384416,1.6033333333333333,16.507679113569527,0
2023-07-14 07:00:00,26.421306660942175,13.639277333333334,1.597222222222222,15.809213854822886,0
2023-07-14 08:00:00,26.3845805710135,13.347701333333333,1.5011111111111113,16.582251523283908,0
2023-07-14 09:00:00,25.617007625444362,15.453528,1.476111111111111,16.251616914421916,0
2023-07-14 10:00:00,25.991185142008053,7.6457706666666665,1.4416666666666667,17.844597051757304,0
2023-07-14 11:00:00,24.753450704016643,10.431941333333334,1.3944444444444446,17.6229122492523,0
2023-07-14 12:00:00,22.934446262293093,10.107968,1.4377777777777778,17.790560102996825,0
2023-07-14 13:00:00,25.884138442651203,12.116602666666665,1.4216666666666669,15.543224657184384,0
2023-07-14 14:00:00,24.64143587335219,9.427624,1.4116666666666664,17.826119297108903,0
2023-07-14 15:00:00,25.29094058066236,5.086381333333333,1.3916666666666666,18.309992059293826,0
2023-07-14 16:00:00,28.13537211712953,5.799122666666666,1.3566666666666667,18.698596484467174,0
2023-07-14 17:00:00,25.746945160030933,4.017269333333334,1.3516666666666668,18.41508523338816,0
2023-07-14 18:00:00,24.38962963965908,5.410354666666667,1.3477777777777777,19.0303453113001,0
2023-07-14 19:00:00,25.539110078817682,6.609056,1.3816666666666666,17.994665817981083,0
2023-07-14 20:00:00,23.711792155319937,7.321797333333333,1.4249999999999998,17.559577766221732,0
2023-07-14 21:00:00,24.11077492968451,8.131730666666666,1.4305555555555554,19.49789508396182,0
2023-07-14 22:00:00,27.894660837468226,7.872552,1.457222222222222,17.86973909007507,0
2023-07-14 23:00:00,24.210209503226142,10.367146666666667,1.461111111111111,18.49413440383885,0
2023-07-15 00:00:00,25.1562333398406,10.496736,1.5172222222222222,17.95997257271876,0
2023-07-15 01:00:00,26.859425576806107,11.306669333333332,1.4877777777777776,17.61726170952792,0
2023-07-15 02:00:00,23.95356557081036,10.172762666666666,1.5633333333333335,16.732068035664536,0
2023-07-15 03:00:00,26.0354136314761,8.164128,1.5327777777777778,18.694522295886106,0
2023-07-15 04:00:00,25.73987480863083,6.123096,1.42,19.243163339475768,0
2023-07-15 05:00:00,25.72066626436349,10.561530666666668,1.4561111111111111,18.392964372054426,1
2023-07-15 06:00:00,25.366747028122816,10.302352,1.4983333333333333,17.3342290304238,0
2023-07-15 07:00:00,23.24072066471226,8.326114666666667,1.5200000000000002,19.027106338646377,0
2023-07-15 08:00:00,23.98187508720783,6.285082666666667,1.4566666666666668,17.740315167145702,0
2023-07-15 09:00:00,22.501924382274325,6.123096,1.3666666666666665,18.148181872698036,0
2023-07-15 10:00:00,24.33118514136076,5.863917333333333,1.335,19.606555676844224,1
2023-07-15 11:00:00,23.08380504899012,7.062618666666666,1.2469444444444444,18.456254096161086,0
2023-07-15 12:00:00,26.007911768828674,6.835837333333333,1.2038888888888888,18.593308525367167,0
2023-07-15 13:00:00,26.67896204786162,4.794805333333334,1.2277777777777779,18.65559634108102,0
2023-07-15 14:00:00,26.072828987927238,3.0777466666666666,1.2883333333333333,18.74325654405306,0
2023-07-15 15:00:00,27.119501573703147,4.989189333333333,1.186388888888889,18.860142970006454,0
2023-07-15 16:00:00,23.593999828750796,6.738645333333333,1.212777777777778,18.134788121934033,0
2023-07-15 17:00:00,23.490807299649543,2.041032,1.1694444444444445,19.280473698227325,1
2023-07-15 18:00:00,26.857342779050594,4.827202666666667,1.1505555555555556,17.957576321908814,0
2023-07-15 19:00:00,24.965775744528727,7.192208,1.1722222222222223,17.257502055848086,0
2023-07-15 20:00:00,25.249771063249156,9.557213333333333,1.172777777777778,18.049270897940403,0
2023-07-15 21:00:00,25.067061295962716,9.298034666666668,1.1855555555555555,17.820192390001594,0
2023-07-15 22:00:00,24.220936735988044,9.200842666666667,1.1894444444444445,18.422170486719867,0
2023-07-15 23:00:00,25.508753487956454,8.844472,1.182222222222222,18.114162122781742,0
2023-07-16 00:00:00,27.8691271552289,9.751597333333335,1.1588888888888889,17.206623183783186,0
2023-07-16 01:00:00,26.185208534823932,9.783994666666667,1.1788888888888889,18.15001189280561,0
2023-07-16 02:00:00,24.829458888134397,11.144682666666666,1.2133333333333332,18.214691515298103,0
2023-07-16 03:00:00,22.36015381462037,12.861741333333333,1.166111111111111,18.385949634423984,0
2023-07-16 04:00:00,26.446837016312298,14.319621333333332,1.2194444444444443,17.446092636929265,0
2023-07-16 05:00:00,26.21809012490532,13.768866666666668,1.27,16.557744362186238,0
2023-07-16 06:00:00,25.84777617203282,15.323938666666665,1.298888888888889,16.740775718590324,0
2023-07-16 07:00:00,24.35054044749351,15.728905333333332,1.385,17.189563409201124,0
2023-07-16 08:00:00,23.86753733602966,15.453528,1.3944444444444446,15.47975347841784,0
2023-07-16 09:00:00,23.049245939419464,15.388733333333334,1.3805555555555555,16.4356920526545,0
2023-07-16 10:00:00,25.973871987308865,15.421130666666668,1.3755555555555556,17.046623424693923,0
2023-07-16 11:00:00,24.717604104884046,17.040997333333333,1.4244444444444444,16.498863763171226,1
2023-07-16 12:00:00,25.928257774498377,16.814216,1.5055555555555555,16.458749555538493,0
2023-07-16 13:00:00,24.595315622225296,18.207301333333334,1.607222222222222,16.266484745487148,0
2023-07-16 14:00:00,23.57716319013079,11.727834666666666,1.5924074074074077,17.932708030020734,0
2023-07-16 15:00:00,25.40561685414697,11.468656000000001,1.5953703703703705,17.197857753420752,0
2023-07-16 16:00:00,24.965273516251187,10.529133333333334,1.5250000000000001,18.458889353923208,0
2023-07-16 17:00:00,25.51596320477311,14.352018666666666,1.555,17.615848285845992,0
2023-07-16 18:00:00,27.210845515346005,13.930853333333333,1.6105555555555557,17.709211671961594,0
2023-07-16 19:00:00,26.991461715961833,18.693261333333336,1.8111111111111111,16.014555715354565,1
2023-07-16 20:00:00,25.762917437671437,16.101474666666665,1.8016666666666667,17.076062997674093,0
2023-07-16 21:00:00,23.203342580433993,12.796946666666665,1.7283333333333333,17.799654431364413,0
2023-07-16 22:00:00,25.360715538737427,10.172762666666667,1.6644444444444444,16.82668259888952,0
2023-07-16 23:00:00,24.128342081622204,6.933029333333334,1.6616666666666668,18.253741705390492,0
2023-07-17 00:00:00,26.09618837877009,7.742962666666667,1.5583333333333333,18.979496411225984,0
2023-07-17 01:00:00,25.08687547417915,7.159810666666666,1.4938888888888888,17.145717951508505,0
2023-07-17 02:00:00,25.82231837349484,1.9762373333333334,1.5694444444444446,19.431961980245163,0
2023-07-17 03:00:00,23.057755226956413,3.045349333333333,1.578888888888889,18.847543464066444,0
2023-07-17 04:00:00,23.166397138265726,2.5593893333333333,1.5827777777777776,17.82725373838918,0
2023-07-17 05:00:00,24.9946766500552,2.1058266666666667,1.7394444444444446,18.830610356719113,0
2023-07-17 06:00:00,24.100083407835573,5.183573333333333,1.6588888888888889,18.879959377015236,0
2023-07-17 07:00:00,23.717360675412433,7.904949333333334,1.6822222222222223,17.19220665840866,0
2023-07-17 08:00:00,24.545754183824588,9.589610666666667,1.9294444444444447,18.356690319529765,0
2023-07-17 09:00:00,26.747171510164176,8.099333333333334,1.8083333333333333,18.070912956380422,0
2023-07-17 10:00:00,25.60272157200787,8.423306666666667,1.7477777777777777,19.245516913040166,0
2023-07-17 11:00:00,26.411245667713587,10.334749333333333,1.76,16.367090133583485,0
2023-07-17 12:00:00,24.652150442139135,6.933029333333334,1.692222222222222,17.616642400345487,1
2023-07-17 13:00:00,24.30594207651846,4.568024,1.6888888888888889,19.130000381385866,0
2023-07-17 14:00:00,27.226629414911415,3.8228853333333337,1.6666666666666667,18.859123535103492,0
2023-07-17 15:00:00,24.258761808403577,3.4017199999999996,1.613888888888889,18.20491102889569,0
2023-07-17 16:00:00,25.65355889762849,2.9805546666666665,1.4483333333333333,19.687450205922044,0
2023-07-17 17:00:00,27.033624859697696,4.406037333333334,1.4233333333333331,19.09254680709385,0
2023-07-17 18:00:00,23.53734467181454,6.025904,1.4288888888888887,18.233465586364446,0
2023-07-17 19:00:00,26.601854307447528,6.220288,1.4349999999999998,18.110745530454455,0
2023-07-17 20:00:00,27.982621404126604,9.200842666666667,1.3127777777777778,18.369090651338016,0
2023-07-17 21:00:00,25.13192341825912,11.501053333333333,1.3427777777777778,18.099646177917645,0
2023-07-17 22:00:00,24.850784376328587,9.589610666666667,1.337777777777778,19.336143046596067,0
2023-07-17 23:00:00,23.782386555139087,7.451386666666667,1.3016666666666667,18.94961581078833,0
2023-07-18 00:00:00,25.13583163704109,6.965426666666667,1.2338888888888888,17.493644499079046,0
2023-07-18 01:00:00,27.022867630811472,7.3217973333333335,1.2572222222222222,19.48905779621279,0
2023-07-18 02:00:00,24.035714078722382,8.066936,1.2277777777777779,17.212730098078485,0
2023-07-18 03:00:00,25.352036481509575,8.066936,1.2861111111111112,18.128691446930844,0
2023-07-18 04:00:00,26.2632720683276,9.783994666666667,1.2002777777777778,18.226437512605667,0
2023-07-18 05:00:00,23.266281109000854,7.159810666666666,1.2316666666666667,18.987779284863965,0
2023-07-18 06:00:00,25.600823510118058,4.8596,1.223888888888889,18.855259817669147,0
2023-07-18 07:00:00,23.905601518571615,4.5356266666666665,1.1933333333333334,18.94630733967354,0
2023-07-18 08:00:00,25.545943598101474,4.632818666666666,1.198888888888889,19.06264649625489,0
2023-07-18 09:00:00,25.638807748739463,3.693296,1.15,19.0479303149643,0
2023-07-18 10:00:00,23.708310122546763,5.377957333333334,1.161111111111111,18.52079318353545,0
2023-07-18 11:00:00,22.67578375620462,5.701930666666667,1.1155555555555556,18.982930278453505,0
2023-07-18 12:00:00,25.868084059069574,8.002141333333334,1.0705555555555557,18.11429308430901,0
2023-07-18 13:00:00,22.43974791276391,7.159810666666666,1.0605555555555555,18.781859079899302,0
2023-07-18 14:00:00,27.45528353172018,6.7062479999999995,1.0044444444444445,17.833228678012798,0
2023-07-18 15:00:00,24.751899587029087,8.650088,1.0022222222222223,18.778086921002227,0
2023-07-18 16:00:00,23.524782573636404,7.483784,1.0127777777777778,18.49205218800778,0
2023-07-18 17:00:00,25.22665981773243,8.617690666666666,0.9899999999999999,18.706803703545372,0
2023-07-18 18:00:00,23.617674199762963,8.131730666666666,0.9772222222222222,17.415469990400652,0
2023-07-18 19:00:00,25.224306101628255,6.868234666666667,0.9838888888888889,18.583735897185658,0
2023-07-18 20:00:00,25.088960121641552,5.280765333333334,0.9899999999999999,18.658496835063502,0
2023-07-18 21:00:00,25.34304960742711,5.637136000000001,1.001111111111111,17.946008618533543,0
2023-07-18 22:00:00,25.6403161213762,5.637136000000001,0.9572222222222223,18.753223216584757,0
2023-07-18 23:00:00,25.085127284658984,10.334749333333333,0.9511111111111111,18.162137017983508,0
2023-07-19 00:00:00,23.79481782686729,8.034538666666666,0.9522222222222222,16.460439499170626,0
2023-07-19 01:00:00,24.845678495945734,9.427624,0.9133333333333334,18.788003935052473,0
2023-07-19 02:00:00,25.373417494356648,10.140365333333333,0.9227777777777778,17.116206720750657,0
2023-07-19 03:00:00,25.61335084389941,11.565848,0.9500000000000001,18.08126750197368,0
2023-07-19 04:00:00,26.840297291422228,10.140365333333333,0.9638888888888889,18.541725235552523,0
2023-07-19 05:00:00,25.833014729957295,11.339066666666668,0.9522222222222223,16.88859739579668,0
2023-07-19 06:00:00,25.231195733342542,11.209477333333332,0.9338888888888889,17.215187463029444,0
2023-07-19 07:00:00,24.758491948919055,8.164128,0.971111111111111,17.651164603450702,1
2023-07-19 08:00:00,23.405689067223026,8.423306666666667,0.9688888888888889,17.915456047513867,0
2023-07-19 09:00:00,24.58126165612072,8.002141333333332,0.9955555555555556,17.858399908528966,0
2023-07-19 10:00:00,22.799496270786022,7.030221333333333,0.9961111111111111,19.150508775922095,0
2023-07-19 11:00:00,22.42069704371714,6.252685333333333,1.0305555555555557,18.317584084167482,0
2023-07-19 12:00:00,25.192379586886066,10.075570666666666,0.9899999999999999,18.182403310967874,0
2023-07-19 13:00:00,24.655657086283085,11.468656000000001,1.0094444444444444,18.319708504318033,0
2023-07-19 14:00:00,25.99863707329665,4.5356266666666665,0.9719444444444445,19.676925644391336,0
2023-07-19 15:00:00,25.818486378126902,1.7170586666666665,0.9027777777777778,19.78753112537594,0
2023-07-19 16:00:00,25.229801492844,0.097192,0.9161111111111112,19.746160859531756,0
2023-07-19 17:00:00,23.42365883308264,0.6155493333333334,0.8961111111111112,19.073976845401507,0
2023-07-19 18:00:00,25.28849771905296,3.5637066666666666,0.861111111111111,19.339212840974536,0
2023-07-19 19:00:00,26.125859180774977,1.6198666666666668,0.8533333333333334,19.43909280788168,0
2023-07-19 20:00:00,24.969863788583485,0.032397333333333334,0.8583333333333334,19.68854361399526,0
2023-07-19 21:00:00,26.87250655863563,0.97192,0.866111111111111,19.24453662168375,0
2023-07-19 22:00:00,22.346256603543726,0.06479466666666667,0.8488888888888888,19.477139400661226,0
2023-07-19 23:00:00,24.276461035691828,2.1706213333333335,0.8327777777777778,19.246066535528758,0
2023-07-20 00:00:00,23.751214124199848,4.357441333333333,0.8011111111111111,17.914655587608745,0
2023-07-20 01:00:00,26.396707902765883,5.7343280000000005,0.8038888888888889,19.191953565275593,0
2023-07-20 02:00:00,25.078719642932626,5.7343280000000005,0.765,19.3659498750368,0
2023-07-20 03:00:00,23.325479779663038,3.7256933333333335,0.8144444444444444,19.44655990655752,0
2023-07-20 04:00:00,23.66866339095822,1.45788,0.7416666666666667,18.88861820198394,0
2023-07-20 05:00:00,24.28906894007338,2.332608,0.7597222222222223,19.257669214278366,0
2023-07-20 06:00:00,25.638072374925713,4.470832000000001,0.7916666666666666,17.510859594924447,0
2023-07-20 07:00:00,23.011286935591475,6.609056,0.7772222222222221,19.304151207779306,0
2023-07-20 08:00:00,23.822408450718978,8.034538666666666,0.7994444444444445,18.729558324832624,0
2023-07-20 09:00:00,26.042962565756557,7.451386666666667,0.8022222222222223,18.833480926866493,0
2023-07-20 10:00:00,25.88360854201079,6.576658666666667,0.8266666666666667,18.394158274468587,0
2023-07-20 11:00:00,24.47101533652759,4.794805333333334,0.9077777777777779,17.678239123875017,0
2023-07-20 12:00:00,25.102423857109006,6.868234666666666,0.8622222222222223,18.522697514640793,0
2023-07-20 13:00:00,24.244342421038628,7.257002666666668,0.7905555555555556,18.69889934573305,0
2023-07-20 14:00:00,22.929106351074193,6.835837333333334,0.7538888888888889,18.116920426284313,0
2023-07-20 15:00:00,24.843149829537268,7.548578666666667,0.715,18.517587207964734,0
2023-07-20 16:00:00,24.724411963504696,7.030221333333333,0.6938888888888889,17.396950937160938,0
2023-07-20 17:00:00,24.945781964618288,5.863917333333333,0.701111111111111,19.666974735507818,0
2023-07-20 18:00:00,26.54714313212489,2.5593893333333333,0.6958333333333333,18.443433800840793,0
2023-07-20 19:00:00,25.65645503445087,0.06479466666666667,0.7116666666666666,18.17529763081332,0
2023-07-20 20:00:00,24.490057880418632,1.976237333333333,0.7038888888888889,19.366373363920452,0
2023-07-20 21:00:00,26.031306348938447,3.272130666666666,0.7427777777777779,18.87908831581125,0
2023-07-20 22:00:00,24.426681870148034,4.438434666666667,0.7583333333333333,18.61586524728494,0
2023-07-20 23:00:00,24.82801656337698,6.900631999999999,0.7677777777777778,17.447395098100145,0
2023-07-21 00:00:00,26.477158191475798,6.641453333333334,0.7288888888888888,18.552965939467775,0
2023-07-21 01:00:00,26.754929072672724,5.83152,0.7744444444444444,19.147746442395867,0
2023-07-21 02:00:00,26.21901044364077,5.961109333333333,0.7216666666666667,18.580828611848016,0
2023-07-21 03:00:00,25.6645813114598,6.997823999999999,0.7066666666666667,16.71028615785909,0
2023-07-21 04:00:00,23.14352217284103,7.451386666666667,0.7488888888888888,17.72590844916321,0
2023-07-21 05:00:00,22.711926389124386,8.034538666666666,0.6838888888888889,16.39051438820637,0
2023-07-21 06:00:00,25.798846610519206,8.034538666666666,0.6955555555555555,17.554513865032778,0
2023-07-21 07:00:00,25.43152411741103,7.807757333333332,0.6933333333333334,17.64154122573482,0
2023-07-21 08:00:00,22.247664400271347,8.326114666666667,0.7227777777777776,17.05082533643942,0
2023-07-21 09:00:00,25.249500657518976,8.26132,0.7027777777777778,18.346996617077053,0
2023-07-21 10:00:00,25.50604886945258,8.488101333333333,0.7366666666666667,18.290174440601564,0
2023-07-21 11:00:00,24.243233710616973,8.617690666666666,0.7561111111111112,18.481928617464167,0
2023-07-21 12:00:00,24.689432422651706,8.74728,0.7116666666666666,18.323491395334447,0
2023-07-21 13:00:00,23.79507166404606,9.200842666666667,0.7266666666666666,17.3813875687474,0
2023-07-21 14:00:00,23.85394810087372,9.913584,0.6888888888888888,18.519440199250948,0
2023-07-21 15:00:00,25.085320137985363,11.630642666666667,0.726111111111111,18.309914573191055,0
2023-07-21 16:00:00,25.720897592992944,9.23324,0.795,18.54314559772835,0
2023-07-21 17:00:00,26.516699372273923,5.248368,0.8155555555555556,19.374740114870534,0
2023-07-21 18:00:00,25.530073794020357,9.557213333333333,0.8027777777777777,18.78427157972084,0
2023-07-21 19:00:00,26.174164770760274,8.812074666666666,0.7955555555555556,18.62772591998061,0
2023-07-21 20:00:00,25.762610970517912,8.326114666666667,0.8355555555555556,19.11342648575145,0
2023-07-21 21:00:00,23.841857553807277,8.390909333333333,0.8233333333333333,19.11670803539965,0
2023-07-21 22:00:00,26.342406295505313,7.678167999999999,0.8450000000000001,18.692968113058217,0
2023-07-21 23:00:00,25.39528472671829,7.580976,0.8205555555555556,18.605326654674055,0
2023-07-22 00:00:00,26.094089350966787,6.609056,0.8038888888888889,18.636925006332945,0
2023-07-22 01:00:00,23.501826008918556,6.058301333333333,0.7861111111111111,18.903054444635426,0
2023-07-22 02:00:00,27.192245006621935,5.34556,0.7861111111111111,18.457845788748955,0
2023-07-22 03:00:00,25.223139753580345,6.868234666666666,0.7933333333333333,18.304895400104353,1
2023-07-22 04:00:00,25.37278285783134,8.552895999999999,0.7983333333333333,17.201409564195433,0
2023-07-22 05:00:00,26.611771140861617,8.455703999999999,0.795,18.47594845615397,0
2023-07-22 06:00:00,25.049674772829245,12.958933333333334,0.8427777777777777,17.792205171366238,0
2023-07-22 07:00:00,24.847858733334046,14.514005333333335,0.87,15.602272983850293,0
2023-07-22 08:00:00,24.16713994633653,15.06476,0.8955555555555555,17.40698081155345,0
2023-07-22 09:00:00,24.904496188127112,13.995648000000001,0.9122222222222223,16.31201659716431,0
2023-07-22 10:00:00,25.9935184401612,12.278589333333334,0.8922222222222222,17.212034177448775,0
2023-07-22 11:00:00,24.557081318700167,10.496736,0.8333333333333334,17.74745804199613,0
2023-07-22 12:00:00,24.423436750366324,11.371464000000001,0.8327777777777777,18.281578108946988,0
2023-07-22 13:00:00,25.55948230776919,10.853106666666667,0.815,17.098897521949237,0
2023-07-22 14:00:00,25.72727500371987,8.488101333333333,0.7761111111111111,16.104074443702004,0
2023-07-22 15:00:00,24.384598676336097,6.3822746666666665,0.758888888888889,17.57064060221892,0
2023-07-22 16:00:00,28.37553861085576,5.215970666666666,0.71,18.35846227021617,0
2023-07-22 17:00:00,24.484462125184674,4.276448,0.655,18.127088955950576,0
2023-07-22 18:00:00,25.608763816114095,4.924394666666667,0.6094444444444443,18.741423176895406,0
2023-07-22 19:00:00,24.67361364601365,5.572341333333334,0.6166666666666667,18.807769221292727,0
2023-07-22 20:00:00,23.68428917675968,4.665216,0.5772222222222222,17.665233039673524,0
2023-07-22 21:00:00,24.115776532285455,5.280765333333334,0.5655555555555556,18.260465597241588,0
2023-07-22 22:00:00,25.736077200586582,4.438434666666667,0.5683333333333334,19.29007339951553,0
2023-07-22 23:00:00,23.81662129811247,2.721376,0.56,18.64381563656141,0
2023-07-23 00:00:00,24.208831983682458,7.6457706666666665,0.5494444444444445,18.638493415482557,0
2023-07-23 01:00:00,25.14924357770592,9.751597333333335,0.5599999999999999,17.10035277921853,0
2023-07-23 02:00:00,24.09318980820218,9.589610666666667,0.6055555555555555,18.570869513081565,0
2023-07-23 03:00:00,25.758568540428886,10.464338666666666,0.6255555555555555,16.2898477498797,0
2023-07-23 04:00:00,25.36542258025325,11.533450666666667,0.6438888888888888,17.62143777488797,1
2023-07-23 05:00:00,23.7829751401747,10.140365333333333,0.6511111111111111,17.820452713624306,0
2023-07-23 06:00:00,24.49467518197625,8.617690666666666,0.645,18.31587393813182,0
2023-07-23 07:00:00,22.821375641655248,5.021586666666667,0.6116666666666667,18.590107259394404,0
2023-07-23 08:00:00,27.428942928600577,3.4989120000000002,0.5527777777777778,19.2071750866026,0
2023-07-23 09:00:00,26.726552226878013,4.308845333333333,0.5416666666666666,19.036277261712733,0
2023-07-23 10:00:00,24.045715329015632,7.257002666666668,0.5227777777777778,18.82764654362509,0
2023-07-23 11:00:00,25.525727197484084,9.654405333333335,0.4916666666666667,18.34012292163274,0
2023-07-23 12:00:00,24.759211298995734,9.816392,0.5083333333333333,18.233614885110402,0
2023-07-23 13:00:00,27.19893212847819,8.358512,0.5505555555555556,18.603963570724094,0
2023-07-23 14:00:00,23.21425367928576,6.349877333333333,0.5533333333333333,18.548301205422337,0
2023-07-23 15:00:00,25.241270396634278,4.8595999999999995,0.5411111111111112,18.855182366755994,0
2023-07-23 16:00:00,23.536077047046927,2.688978666666667,0.5333333333333333,18.497774284768628,0
2023-07-23 17:00:00,23.981532426365018,2.688978666666667,0.533888888888889,18.875870296078325,0
2023-07-23 18:00:00,25.247406520890035,5.183573333333333,0.5483333333333333,18.810418867568945,0
2023-07-23 19:00:00,25.21389005620294,6.544261333333334,0.5072222222222222,18.544334610566654,0
2023-07-23 20:00:00,25.024797578497857,7.6457706666666665,0.5255555555555556,18.209596634929177,0
2023-07-23 21:00:00,26.518505506248104,8.779677333333334,0.5177777777777778,18.016869590037167,0
2023-07-23 22:00:00,26.16872092122988,10.010776,0.5505555555555556,17.815389520354064,0
2023-07-23 23:00:00,22.862471735214474,10.107968,0.5833333333333334,18.5266486341677,0
2023-07-24 00:00:00,24.840951939764974,10.464338666666666,0.65,18.01552202753284,0
2023-07-24 01:00:00,24.076951128109837,11.371463999999998,0.6411111111111111,18.22764991595082,0
2023-07-24 02:00:00,24.049092027392835,9.783994666666667,0.6516666666666667,17.74601370886885,0
2023-07-24 03:00:00,24.987576115550564,9.200842666666667,0.6783333333333333,18.180095967217813,0
2023-07-24 04:00:00,26.9897651666721,8.390909333333333,0.6822222222222223,17.230109851681437,0
2023-07-24 05:00:00,26.216847827018725,8.974061333333333,0.6272222222222222,19.113897392772042,0
2023-07-24 06:00:00,23.928237035398414,8.293717333333333,0.7027777777777778,18.73330991201387,0
2023-07-24 07:00:00,24.79654149891878,8.228922666666667,0.7077777777777777,17.849240433761274,0
2023-07-24 08:00:00,24.266831446125618,6.7062479999999995,0.7205555555555555,18.716464118317678,0
2023-07-24 09:00:00,24.802854472431417,6.511864,0.7088888888888888,17.177056676145906,0
2023-07-24 10:00:00,25.086223047849774,5.410354666666667,0.6844444444444444,18.217241951871717,0
2023-07-24 11:00:00,27.358592419144713,4.8595999999999995,0.6594444444444445,18.6808659285154,0
2023-07-24 12:00:00,22.060055185839555,1.9114426666666666,0.6555555555555556,18.959141278579285,0
2023-07-24 13:00:00,24.125980986230285,3.1749386666666664,0.6555555555555556,19.442810537289372,0
2023-07-24 14:00:00,24.67705237459684,4.956792,0.6194444444444445,18.46690416699832,0
2023-07-24 15:00:00,23.637521965482836,6.576658666666667,0.6016666666666667,18.198257080885597,0
2023-07-24 16:00:00,25.99726774465866,8.066936,0.63,18.83093558622006,0
2023-07-24 17:00:00,24.454253419494027,8.488101333333333,0.5894444444444443,17.286801884662456,0
2023-07-24 18:00:00,26.864960471113665,6.933029333333334,0.6105555555555555,18.798013346852056,0
2023-07-24 19:00:00,25.658867948341477,6.0583013333333335,0.6194444444444445,17.48100309019474,0
2023-07-24 20:00:00,22.91135470951434,7.77536,0.6244444444444445,19.02451994250092,0
2023-07-24 21:00:00,23.943711366287847,8.552895999999999,0.6638888888888889,19.06625217443425,0
2023-07-24 22:00:00,25.23023488541546,7.77536,0.6749999999999999,19.36628131669981,0
2023-07-24 23:00:00,23.5438767693351,8.520498666666667,0.6905555555555556,17.802023518466424,0
2023-07-25 00:00:00,23.401977046675352,9.848789333333334,0.7138888888888889,17.161615509395002,0
2023-07-25 01:00:00,25.34499786632969,8.974061333333333,0.7622222222222222,18.724156610375918,0
2023-07-25 02:00:00,24.528952666140608,10.464338666666666,0.7272222222222222,17.506557671272194,0
2023-07-25 03:00:00,25.681507901081563,10.69112,0.7266666666666666,17.77816719306595,0
2023-07-25 04:00:00,25.35583575281431,10.107968,0.726111111111111,17.523345797273862,0
2023-07-25 05:00:00,24.579798441683945,7.548578666666667,0.7322222222222222,18.11500255254853,0
2023-07-25 06:00:00,26.08105423105496,5.021586666666667,0.6999999999999998,17.529720234547174,0
2023-07-25 07:00:00,24.721575528275206,2.8833626666666667,0.6572222222222223,17.785102609941024,0
2023-07-25 08:00:00,24.47481339827519,3.596104,0.6233333333333334,18.966783809908613,0
2023-07-25 09:00:00,26.011579343280715,4.5356266666666665,0.6466666666666666,19.123049893341243,0
2023-07-25 10:00:00,23.322788985908108,5.637136000000001,0.6288888888888889,19.134371017546922,0
2023-07-25 11:00:00,23.6740827127912,5.701930666666667,0.6516666666666667,19.465606488702537,0
2023-07-25 12:00:00,25.75713778914708,6.868234666666667,0.6411111111111111,18.45634044271324,0
2023-07-25 13:00:00,25.808378367582538,6.479466666666667,0.665,18.750876117292297,0
2023-07-25 14:00:00,25.514276668710945,5.83152,0.6980555555555554,19.28772673211372,0
2023-07-25 15:00:00,24.419805706775225,6.025904000000001,0.6905555555555555,17.660321787413434,0
2023-07-25 16:00:00,24.681978169584692,7.516181333333333,0.6472222222222223,18.63257220664921,0
2023-07-25 17:00:00,24.206307238154455,8.099333333333334,0.6444444444444445,17.870159020071984,0
2023-07-25 18:00:00,25.632635230601053,10.464338666666668,0.6377777777777778,18.030887634855024,0
2023-07-25 19:00:00,26.75691073127881,12.181397333333335,0.6877777777777778,16.28298243587814,1
2023-07-25 20:00:00,22.484376702387408,12.63496,0.7316666666666666,18.546517454640604,0
2023-07-25 21:00:00,26.014171360833547,11.760232,0.7994444444444445,17.81819084769866,1
2023-07-25 22:00:00,23.667446356018896,12.829344,0.8377777777777777,17.547082474855596,0
2023-07-25 23:00:00,24.646728119401065,5.572341333333333,0.9405555555555556,19.03892495330875,0
2023-07-26 00:00:00,26.145344892451693,11.274272,0.8276666666666668,17.37883703598765,0
2023-07-26 01:00:00,24.030957630298875,5.572341333333333,0.7825000000000001,19.13079674137793,0
2023-07-26 02:00:00,26.866228837966833,6.123096,0.7372222222222221,18.580273635578227,0
2023-07-26 03:00:00,23.90171665796962,4.438434666666667,0.7000000000000001,18.94106430465003,0
2023-07-26 04:00:00,22.34379778852258,5.799122666666666,0.6855555555555556,17.320811956735607,0
2023-07-26 05:00:00,22.427205915133754,3.207336,0.6425,19.283855175080394,0
2023-07-26 06:00:00,26.094058854305974,10.20516,0.6461111111111112,17.97788324589925,0
2023-07-26 07:00:00,24.465743442900344,8.812074666666666,0.6222222222222222,18.500900995644006,0
2023-07-26 08:00:00,25.08480581616908,7.742962666666666,0.6144444444444445,15.015857909575894,0
2023-07-26 09:00:00,25.602303174497546,6.285082666666667,0.5936111111111111,18.087166966378955,0
2023-07-26 10:00:00,23.58133681225028,6.609056,0.5588888888888889,19.391783096887274,0
2023-07-26 11:00:00,23.31321341589357,6.738645333333333,0.5555555555555556,18.802333323416224,0
2023-07-26 12:00:00,25.181727315581963,5.701930666666667,0.5461111111111111,18.420821857558398,0
2023-07-26 13:00:00,25.24320565444647,8.876869333333334,0.5483333333333333,16.469151089167003,0
2023-07-26 14:00:00,24.461761520577117,7.257002666666666,0.553888888888889,18.027272121136523,0
2023-07-26 15:00:00,25.249419025274488,6.155493333333333,0.5422222222222223,18.900742673101288,0
2023-07-26 16:00:00,23.00927996114285,5.993506666666666,0.5533333333333333,18.23900007194744,0
2023-07-26 17:00:00,25.986343973300137,7.159810666666666,0.545,18.680155979508132,0
2023-07-26 18:00:00,25.30386165438377,8.034538666666666,0.5205555555555555,17.939940005069634,0
2023-07-26 19:00:00,24.67663817025606,8.974061333333333,0.5233333333333333,17.18454578020581,0
2023-07-26 20:00:00,25.561835470719483,9.557213333333335,0.5344444444444445,17.398221528545204,0
2023-07-26 21:00:00,24.418275141642052,10.917901333333333,0.5294444444444445,17.17093165450802,0
2023-07-26 22:00:00,23.4336686567503,12.958933333333334,0.59,16.294644613990258,0
2023-07-26 23:00:00,22.988362692557445,14.708389333333335,0.668888888888889,17.46155565693996,0
2023-07-27 00:00:00,26.09718602497217,13.736469333333334,0.73,16.014572285088203,0
2023-07-27 01:00:00,24.361058739964918,14.773184,0.7838888888888889,17.311865043008147,0
2023-07-27 02:00:00,25.117606610192414,14.675992,0.9227777777777778,16.194607159784017,0
2023-07-27 03:00:00,26.29161335390491,14.902773333333334,0.9722222222222222,15.967442482994974,0
2023-07-27 04:00:00,26.99934379529769,15.323938666666669,1.0133333333333334,16.538214605977185,0
2023-07-27 05:00:00,26.55452486886259,13.736469333333334,1.0133333333333334,17.524777810874053,0
2023-07-27 06:00:00,24.06217753620049,12.440576,0.9700000000000001,17.863572373168495,0
2023-07-27 07:00:00,23.2044100273514,10.820709333333333,0.9005555555555556,16.874939154511043,0
2023-07-27 08:00:00,21.65193000858484,10.561530666666666,0.8722222222222222,17.489556931150133,0
2023-07-27 09:00:00,25.326741122436744,11.274272000000002,0.956111111111111,18.372782075811955,0
2023-07-27 10:00:00,24.207431800112037,12.926536,0.9355555555555556,16.244897749874557,0
2023-07-27 11:00:00,24.641335829407634,14.546402666666667,0.9616666666666668,16.558585663760372,0
2023-07-27 12:00:00,24.83574727135844,15.939487999999999,0.9899999999999999,18.02630540185527,1
2023-07-27 13:00:00,22.877442824053208,16.457845333333335,1.0866666666666667,17.391184279426568,0
2023-07-27 14:00:00,24.286006929165694,17.559354666666668,1.2305555555555554,15.322962556076078,1
2023-07-27 15:00:00,25.844691902323998,19.211618666666666,1.337777777777778,16.2722227891167,0
2023-07-27 16:00:00,23.236935822390762,19.79477066666667,1.5955555555555556,16.194936604018306,0
2023-07-27 17:00:00,23.40910895712874,21.058266666666665,1.6533333333333333,16.419938852855967,1
2023-07-27 18:00:00,25.035649351794632,22.062584,1.8494444444444442,15.35055925354409,0
2023-07-27 19:00:00,26.188205164902243,23.09929866666667,2.042777777777778,14.383448140846331,0
2023-07-27 20:00:00,26.214291069359547,22.516146666666668,2.1566666666666667,15.570794893231904,1
2023-07-27 21:00:00,25.298548145401885,21.771008,2.0972222222222223,16.609071622692596,0
2023-07-27 22:00:00,24.8567523129701,21.641418666666667,2.1916666666666664,16.084015776652276,0
2023-07-27 23:00:00,22.672474748468016,20.313128,2.2255555555555557,16.47478919487978,0
2023-07-28 00:00:00,26.078720544252974,19.535592,2.3088888888888888,16.320685840267487,0
2023-07-28 01:00:00,25.658138543863767,17.300176,2.116111111111111,16.414206795366898,0
2023-07-28 02:00:00,24.68674287119805,16.717024,2.091666666666667,15.94678293514571,0
2023-07-28 03:00:00,24.07633375686964,16.52264,2.172222222222222,16.50149612770198,1
2023-07-28 04:00:00,21.950585900912092,14.675991999999999,1.905,16.055654969791856,0
2023-07-28 05:00:00,26.18215256836778,13.023728,1.8505555555555555,17.24940019053901,0
2023-07-28 06:00:00,25.56208688201684,13.282906666666667,1.9744444444444442,16.934537359997307,1
2023-07-28 07:00:00,24.455569192322425,8.034538666666666,1.9349999999999998,18.5639280771006,0
2023-07-28 08:00:00,25.856362003485263,3.0777466666666666,1.8277777777777777,18.986927157617504,0
2023-07-28 09:00:00,23.700182154327333,2.235416,1.7277777777777779,18.817828232417178,0
2023-07-28 10:00:00,24.85506544241925,3.1749386666666664,1.67,18.546805077910847,0
2023-07-28 11:00:00,26.032514585118918,4.406037333333333,1.568888888888889,17.93448393136859,0
2023-07-28 12:00:00,23.528181376316255,4.924394666666667,1.594166666666667,19.449380658137947,0
2023-07-28 13:00:00,24.50682325818585,6.31748,1.4622222222222223,17.110992109512292,0
2023-07-28 14:00:00,25.916985178399372,5.928712,1.4511111111111112,17.57893028186621,0
2023-07-28 15:00:00,23.494869522579013,4.341242666666667,1.3716666666666668,19.329726004038736,0
2023-07-28 16:00:00,27.150276184965815,5.313162666666667,1.3122222222222222,18.597996905784036,0
2023-07-28 17:00:00,25.184547672914302,5.248368,1.3066666666666666,18.770346721326863,0
2023-07-28 18:00:00,26.203740242443406,5.34556,1.2694444444444446,17.96757566429297,0
2023-07-28 19:00:00,24.89396881346357,4.956792,1.2833333333333334,18.941372865269972,0
2023-07-28 20:00:00,26.115045458346113,5.928712,1.3055555555555556,19.80623466913251,0
2023-07-28 21:00:00,23.777708057465432,6.868234666666667,1.3405555555555555,18.757838086261103,0
2023-07-28 22:00:00,24.72917097530576,7.095016,1.3883333333333334,17.442639035165488,0
2023-07-28 23:00:00,25.628320416339402,8.455703999999999,1.365,18.131371671094897,0
2023-07-29 00:00:00,25.640921722387805,9.330432,1.4072222222222222,17.89319125401126,0
2023-07-29 01:00:00,23.515024971357352,11.66304,1.381111111111111,16.99829946470456,0
2023-07-29 02:00:00,24.735044096687147,11.954616,1.3433333333333335,18.296994268244138,0
2023-07-29 03:00:00,25.37816051243637,10.820709333333333,1.485,17.549104249733105,0
2023-07-29 04:00:00,23.44678514756032,9.103650666666667,1.5694444444444446,18.790660902724895,0
2023-07-29 05:00:00,25.180526139995607,7.969744000000001,1.4755555555555555,18.32191344594749,0
2023-07-29 06:00:00,25.810479527588512,6.900631999999999,1.43,17.96883338820026,0
2023-07-29 07:00:00,23.486616425974926,12.829344,1.4533333333333331,17.966297307612958,0
2023-07-29 08:00:00,24.916957172178297,8.326114666666667,1.4749999999999999,18.30954179092302,0
2023-07-29 09:00:00,25.28304074235452,9.654405333333335,1.4866666666666666,17.84663086446652,0
2023-07-29 10:00:00,25.306170565491342,11.468656000000001,1.4694444444444443,17.79997832828883,0
2023-07-29 11:00:00,25.949284733009907,12.116602666666665,1.4016666666666666,16.54886937123714,1
2023-07-29 12:00:00,24.539855616629975,12.116602666666665,1.3705555555555557,17.432750881960878,0
2023-07-29 13:00:00,26.179845415419535,12.602562666666666,1.3244444444444445,17.316958919553745,0
2023-07-29 14:00:00,24.758130747221472,12.602562666666666,1.3005555555555557,17.994943492030693,0
2023-07-29 15:00:00,25.322793439152136,12.894138666666668,1.3569444444444443,18.06089108324662,0
2023-07-29 16:00:00,24.080910245872975,13.963250666666667,1.3588888888888888,16.237694391196182,0
2023-07-29 17:00:00,26.69925279767524,12.667357333333333,1.3627777777777779,18.189606070258403,0
2023-07-29 18:00:00,26.624179973241855,14.190032,1.4805555555555554,15.883651196574904,1
2023-07-29 19:00:00,22.28103405259107,16.749421333333334,1.5788888888888888,16.89643750250627,0
2023-07-29 20:00:00,24.73066972178303,19.049632,1.8077777777777777,16.389051317514006,0
2023-07-29 21:00:00,25.45073818510588,19.567989333333333,1.9644444444444444,15.953987972129013,1
2023-07-29 22:00:00,26.297250388392754,20.669498666666666,2.0044444444444447,15.490268442211947,1
2023-07-29 23:00:00,25.238245486839077,19.211618666666666,2.033333333333333,15.588654251337445,0
2023-07-30 00:00:00,24.037026587842348,21.576624,1.9905555555555556,14.04814838541605,1
2023-07-30 01:00:00,28.511863628270792,18.660864,1.8827777777777779,15.980614058159702,0
2023-07-30 02:00:00,24.85258324796219,17.202984,1.801111111111111,17.460744062251134,0
2023-07-30 03:00:00,24.525367783265974,15.680309333333334,1.7544444444444445,16.166446009814607,0
2023-07-30 04:00:00,22.878750207135216,20.183538666666667,1.773888888888889,15.831371975946498,1
2023-07-30 05:00:00,26.344498688159703,22.451352,1.8116666666666668,16.681169785053665,1
2023-07-30 06:00:00,25.511993715144893,23.84443733333333,1.8727777777777777,13.724947706678156,0
2023-07-30 07:00:00,25.551769124222147,23.941629333333335,1.7061111111111111,16.503619771694822,0
2023-07-30 08:00:00,23.862624549291073,20.799088,1.636111111111111,14.855843651220631,1
2023-07-30 09:00:00,25.566156464896082,18.628466666666665,1.5772222222222225,16.606369187201114,0
2023-07-30 10:00:00,25.799868719973816,13.898456000000001,1.4511111111111112,18.41583664114439,0
2023-07-30 11:00:00,27.40985389592711,16.749421333333334,1.325,15.858175233343607,0
2023-07-30 12:00:00,24.386728806459256,14.999965333333334,1.357222222222222,18.440485416958726,0
2023-07-30 13:00:00,25.79775485416084,11.144682666666668,1.2972222222222223,18.76500579603168,0
2023-07-30 14:00:00,27.514995896750943,12.051808000000001,1.1166666666666667,16.979973254396697,0
2023-07-30 15:00:00,26.001059447648263,13.574482666666666,1.1194444444444445,18.510556367026858,0
2023-07-30 16:00:00,25.721574371110734,11.889821333333332,1.176111111111111,16.42052663255663,0
2023-07-30 17:00:00,25.55221774772149,6.771042666666666,1.15,19.158882711470046,0
2023-07-30 18:00:00,26.07471429204657,5.863917333333333,1.0266666666666666,18.334134318765916,0
2023-07-30 19:00:00,25.390963415052834,8.228922666666667,0.9466666666666667,16.764237247301224,0
2023-07-30 20:00:00,25.03852842332437,7.483784,0.875,18.593095275426943,0
2023-07-30 21:00:00,23.524448139294837,2.4945946666666665,0.8305555555555556,18.289813257655364,0
2023-07-30 22:00:00,24.053097150478965,5.151176,0.7677777777777778,18.54690318676793,0
2023-07-30 23:00:00,23.319366908401875,2.688978666666667,0.7455555555555556,19.421753875096538,0
2023-07-31 00:00:00,26.461339594252575,2.8833626666666667,0.6677777777777778,19.0315694806733,0
2023-07-31 01:00:00,24.35101729448986,3.2397333333333336,0.66,18.927660263767606,0
2023-07-31 02:00:00,26.464589948433215,2.688978666666667,0.6438888888888888,19.051349259366706,0
2023-07-31 03:00:00,24.493691287221015,2.8185680000000004,0.65,18.672489473939603,0
2023-07-31 04:00:00,24.846732130455184,0.12958933333333333,0.6383333333333333,19.224887122885132,0
2023-07-31 05:00:00,27.007195974825773,0.0,0.6438888888888888,19.86502814515914,0
2023-07-31 06:00:00,24.961612601254952,0.0,0.6677777777777778,19.243468652111645,0
2023-07-31 07:00:00,29.55471676737491,0.06479466666666667,0.6927777777777777,19.452577514829034,0
2023-07-31 08:00:00,24.583435467164282,1.2310986666666668,0.6616666666666666,19.32262777519409,0
2023-07-31 09:00:00,24.580570663355445,0.8099333333333333,0.6422222222222221,19.770043113725745,0
2023-07-31 10:00:00,24.57880979342897,5.928712,0.6038888888888888,19.31271989219378,0
2023-07-31 11:00:00,26.28494669900243,6.900632000000001,0.5916666666666667,18.84388866850387,0
2023-07-31 12:00:00,26.167238098078503,8.099333333333332,0.6088888888888889,18.600789711782298,0
2023-07-31 13:00:00,23.904665757228013,6.609056,0.6255555555555555,17.10748604206676,0
2023-07-31 14:00:00,25.145867847698554,6.220288,0.6050000000000001,17.661312843497388,0
2023-07-31 15:00:00,23.88474947163809,2.4945946666666665,0.5588888888888889,19.022540167402852,0
2023-07-31 16:00:00,24.844969699481723,4.244050666666666,0.545,18.56470220301234,0
2023-07-31 17:00:00,25.645151562103734,6.025904,0.5327777777777778,18.97680043959431,0
2023-07-31 18:00:00,23.60380533106267,7.548578666666667,0.49166666666666664,18.06056111355943,0
2023-07-31 19:00:00,26.132582714643558,7.678167999999999,0.4811111111111111,18.42638612101491,0
2023-07-31 20:00:00,25.774989725587673,8.099333333333334,0.49444444444444446,18.532697520940882,0
2023-07-31 21:00:00,24.304091015850926,9.103650666666667,0.49166666666666664,17.962346064018323,0
2023-07-31 22:00:00,24.11497633426688,9.913584,0.5127777777777778,16.647519097655515,0
2023-07-31 23:00:00,25.950180634388687,9.7192,0.5752777777777778,18.033144842676247,0
2023-08-01 00:00:00,23.715329121094086,10.626325333333334,0.6172222222222222,17.351845622301862,0
2023-08-01 01:00:00,23.758285174093274,10.788312,0.6938888888888889,16.79087415222688,0
2023-08-01 02:00:00,24.106384698247435,12.278589333333334,0.8183333333333334,16.631134151138983,0
2023-08-01 03:00:00,25.17443015911324,11.954616000000001,0.8877777777777777,17.740846083926304,0
2023-08-01 04:00:00,23.01008113723407,11.079888000000002,0.9366666666666666,17.652849528693746,0
2023-08-01 05:00:00,23.521101528092498,9.298034666666666,0.8805555555555555,17.949116130697945,0
2023-08-01 06:00:00,25.122884512169165,13.995648000000001,0.81,16.757118734758894,0
2023-08-01 07:00:00,23.996157779275368,15.226746666666665,0.7922222222222223,17.51358639975753,0
2023-08-01 08:00:00,24.816471436563447,12.926536,0.7961111111111111,18.047410049242007,0
2023-08-01 09:00:00,23.019372658032125,13.461092,0.7661111111111111,18.065697442352654,0
2023-08-01 10:00:00,24.08687363102602,13.898456000000001,0.7977777777777778,16.454923916690962,0
2023-08-01 11:00:00,24.084729081967563,13.801264000000002,0.7844444444444445,17.74522974099879,0
2023-08-01 12:00:00,23.456778334494327,14.319621333333336,0.8211111111111111,18.226475399502743,1
2023-08-01 13:00:00,22.3581748662171,14.416813333333332,0.7972222222222222,16.695201541449443,0
2023-08-01 14:00:00,24.862499955540883,12.958933333333334,0.805,17.51988733708283,0
2023-08-01 15:00:00,22.603833194617977,12.343384,0.7399999999999999,18.264261512521028,0
2023-08-01 16:00:00,25.863795634729968,10.140365333333333,0.6627777777777778,17.498258802721775,0
2023-08-01 17:00:00,26.563181062748313,6.090698666666667,0.6511111111111111,18.486069976239648,0
2023-08-01 18:00:00,23.599526375812868,3.0453493333333337,0.5944444444444444,19.06041122267715,0
2023-08-01 19:00:00,22.24571764451513,2.5917866666666667,0.6472222222222223,18.854621732947,0
2023-08-01 20:00:00,23.770171259503496,2.9805546666666665,0.625,19.061354797549786,0
2023-08-01 21:00:00,22.695875995965437,3.3369253333333333,0.6072222222222222,19.218778616692294,0
2023-08-01 22:00:00,24.834709733162146,2.6565813333333335,0.5922222222222222,18.990015658050435,0
2023-08-01 23:00:00,24.736283302942795,2.5593893333333333,0.5994444444444444,19.788121967649616,0
2023-08-02 00:00:00,23.9223059535108,1.166304,0.5916666666666667,19.66940234080406,0
2023-08-02 01:00:00,21.606397884584585,0.22678133333333336,0.5716666666666667,19.540072501440076,0
2023-08-02 02:00:00,22.318498600401472,0.9719199999999999,0.5738888888888889,18.28371806750106,0
2023-08-02 03:00:00,23.67094703516636,4.665216,0.5383333333333334,18.575008034580616,0
2023-08-02 04:00:00,21.674274819194306,6.965426666666666,0.5244444444444445,17.44510650694353,0
2023-08-02 05:00:00,25.495636676154742,9.168445333333333,0.4911111111111111,17.8486292241993,0
2023-08-02 06:00:00,23.903227694684166,9.913584,0.5022222222222222,17.643023831498073,0
2023-08-02 07:00:00,20.44977932667631,10.302352,0.5594444444444444,16.99958273408312,0
2023-08-02 08:00:00,24.250821543167095,11.436258666666667,0.5650000000000001,17.485185132791766,0
2023-08-02 09:00:00,26.545016902532268,12.019410666666667,0.63,16.72770317392115,0
2023-08-02 10:00:00,22.99832705132897,11.047490666666667,0.5983333333333333,18.393066102150225,0
2023-08-02 11:00:00,22.654809780040363,10.269954666666667,0.6016666666666667,19.257074761266242,0
2023-08-02 12:00:00,22.79746623699843,10.917901333333333,0.6438888888888888,18.054135860200088,0
2023-08-02 13:00:00,25.603230426988915,11.468656000000001,0.6922222222222222,18.17575274002248,0
2023-08-02 14:00:00,21.67803399567096,11.241874666666668,0.7094444444444443,18.37726482894267,0
2023-08-02 15:00:00,23.08655625524929,9.330432,0.7116666666666666,17.628045563385612,0
2023-08-02 16:00:00,22.274458541980938,6.349877333333333,0.7055555555555556,17.953407748548354,0
2023-08-02 17:00:00,23.593934416673505,3.304528,0.726111111111111,19.03150861306322,0
2023-08-02 18:00:00,24.51635993977725,2.332608,0.7055555555555556,19.020098162780165,0
2023-08-02 19:00:00,25.567059300518398,3.466514666666667,0.6655555555555556,18.2311655646872,0
2023-08-02 20:00:00,25.165930344065348,4.001070666666666,0.6266666666666666,19.442196608334633,0
2023-08-02 21:00:00,27.27805997161911,4.649017333333333,0.6094444444444445,19.058696934744624,0
2023-08-02 22:00:00,23.21282200780549,5.701930666666667,0.5783333333333333,19.225160041670357,0
2023-08-02 23:00:00,21.689277819377526,6.641453333333334,0.5444444444444444,17.69639463565589,0
2023-08-03 00:00:00,23.104702183906213,6.555875471698112,0.5,18.0749736842843,0
2023-08-03 01:00:00,24.177785518489937,6.797938566037736,0.5127777777777778,18.205633014415238,0
2023-08-03 02:00:00,21.477562747128285,7.040001660377357,0.5111111111111112,18.26528170269117,0
2023-08-03 03:00:00,21.950631721653394,7.282064754716981,0.5,18.160830043177533,0
2023-08-03 04:00:00,24.38825572263285,7.524127849056604,0.5022222222222222,19.06466778983785,0
2023-08-03 05:00:00,23.47905233736552,7.766190943396226,0.49222222222222217,17.82865668518556,0
2023-08-03 06:00:00,25.15171911985445,8.008254037735849,0.5,18.069633362498497,0
2023-08-03 07:00:00,23.462902173772402,8.250317132075471,0.5077777777777778,18.523205860066295,0
2023-08-03 08:00:00,25.67094940606201,8.492380226415094,0.5422222222222223,17.218749303528615,0
2023-08-03 09:00:00,23.03185701412286,8.734443320754716,0.5344444444444445,17.974689046766887,0
2023-08-03 10:00:00,23.66585129361948,8.97650641509434,0.5427777777777778,19.08312255882488,0
2023-08-03 11:00:00,22.675792314632787,9.218569509433962,0.5327777777777778,17.80123902266384,0
2023-08-03 12:00:00,23.72606411604579,9.460632603773584,0.5594444444444444,17.467602968147506,0
2023-08-03 13:00:00,23.654887703674053,9.702695698113208,0.5627777777777777,16.142978027145887,0
2023-08-03 14:00:00,22.674983642637812,9.94475879245283,0.5827777777777777,18.032760845575428,0
2023-08-03 15:00:00,22.16056522688305,10.186821886792453,0.5677777777777778,17.97870814758591,0
2023-08-03 16:00:00,24.494941104788253,10.428884981132075,0.5827777777777777,18.059034115142612,0
2023-08-03 17:00:00,21.81299622115739,10.709091350943396,0.5988888888888889,18.161204259192402,0
2023-08-03 18:00:00,24.395091157467004,11.332587199999999,0.6322222222222222,18.802397210810422,0
2023-08-03 19:00:00,23.41120005474336,12.0323696,0.7172222222222223,17.240336755406435,0
2023-08-03 20:00:00,23.67512499033155,12.732152,0.7716666666666666,16.929749044409558,0
2023-08-03 21:00:00,24.07410387962646,13.431934399999998,0.8266666666666667,17.22939197210872,0
2023-08-03 22:00:00,25.697400340032896,14.1317168,0.8505555555555556,18.371421121941488,0
2023-08-03 23:00:00,22.602702458151906,14.941650133333333,0.936111111111111,17.985303673483752,0
2023-08-04 00:00:00,24.741054342565032,15.793700000000001,1.0450000000000002,16.126542366378114,0
2023-08-04 01:00:00,24.97966110930732,15.421130666666665,1.1222222222222222,17.772665145842378,0
2023-08-04 02:00:00,23.20587807698098,15.097157333333334,1.1227777777777777,15.119694054972607,1
2023-08-04 03:00:00,25.21998883012974,15.745104,1.118888888888889,17.106987823391442,0
2023-08-04 04:00:00,24.036573564338767,16.328256,1.162222222222222,17.050822944674874,0
2023-08-04 05:00:00,24.69324469665031,14.643594666666667,1.2027777777777777,17.940186976510727,0
2023-08-04 06:00:00,23.10286803757069,14.287224,1.152777777777778,16.291756481100208,0
2023-08-04 07:00:00,23.305258533433275,14.028045333333333,1.136111111111111,16.91062084641494,0
2023-08-04 08:00:00,24.374469008474176,13.704072000000002,1.163888888888889,16.744847556920615,0
2023-08-04 09:00:00,24.396070798727447,11.047490666666667,1.2,18.131339012460636,0
2023-08-04 10:00:00,23.785590371700852,11.112285333333332,1.133888888888889,16.01958250389616,0
2023-08-04 11:00:00,23.834897802826518,9.7192,1.1338888888888887,17.721798501535904,1
2023-08-04 12:00:00,22.94877777145017,8.876869333333334,1.0744444444444445,18.14273550084745,0
2023-08-04 13:00:00,25.15971751790663,9.298034666666666,0.9888888888888889,17.954376079532825,0
2023-08-04 14:00:00,23.73879827209537,9.103650666666667,0.9905555555555555,17.947154231449616,0
2023-08-04 15:00:00,23.339390192452054,7.3217973333333335,0.9677777777777777,18.63979494931171,0
2023-08-04 16:00:00,23.269401125029802,12.084205333333335,0.9961111111111111,17.322136327997146,1
2023-08-04 17:00:00,22.73668240735907,12.699754666666665,1.1216666666666668,17.33591146173075,0
2023-08-04 18:00:00,24.665662612681075,12.926536,1.0783333333333334,15.899737820757077,0
2023-08-04 19:00:00,22.72895916683515,12.181397333333331,1.09,16.432080808129143,0
2023-08-04 20:00:00,22.60323258245072,12.375781333333334,1.1977777777777778,16.9456635416543,0
2023-08-04 21:00:00,21.08452914128909,14.384416,1.19,17.243919425908643,0
2023-08-04 22:00:00,22.31119988947817,15.388733333333333,1.2716666666666667,16.952147040148848,1
2023-08-04 23:00:00,23.30026674258083,16.976202666666666,1.3772222222222223,15.386294068653163,1
2023-08-05 00:00:00,24.51892867479421,14.190032,1.3583333333333334,15.58660427636876,0
2023-08-05 01:00:00,22.505128077387365,14.481608,1.3138888888888889,16.90461790412361,1
2023-08-05 02:00:00,27.36028101002715,16.976202666666666,1.4727777777777777,15.335787130891205,1
2023-08-05 03:00:00,24.083371844889836,15.518322666666668,1.7138888888888888,17.040096783798855,0
2023-08-05 04:00:00,21.142980058786694,15.06476,1.6238888888888887,17.27289033988437,1
2023-08-05 05:00:00,25.55205328726777,16.198666666666664,1.586111111111111,17.709196134893165,0
2023-08-05 06:00:00,26.204881439945385,14.870376,1.571111111111111,17.5258365589337,0
2023-08-05 07:00:00,24.48190494920185,11.112285333333332,1.455,17.754007144853716,0
2023-08-05 08:00:00,24.696394688900693,8.74728,1.3022222222222222,17.64094189382902,0
2023-08-05 09:00:00,25.812019858981845,8.876869333333334,1.1794444444444443,16.24427504063741,0
2023-08-05 10:00:00,23.962076916614592,6.965426666666667,1.1722222222222223,18.24910436104189,0
2023-08-05 11:00:00,23.580295125911874,7.2894,1.1888888888888889,18.506225896590475,0
2023-08-05 12:00:00,22.713957907216685,4.276447999999999,1.1849999999999998,19.23819107272179,0
2023-08-05 13:00:00,24.949459025717925,3.7580906666666665,1.2077777777777776,19.595067867777512,0
2023-08-05 14:00:00,25.502201854545746,4.114461333333334,1.1466666666666665,19.317197124578307,0
2023-08-05 15:00:00,24.291712496513977,2.2030186666666665,1.307222222222222,18.475338630073598,1
2023-08-05 16:00:00,25.260354841955373,2.8833626666666667,1.2327777777777778,18.861165539367978,0
2023-08-05 17:00:00,22.295724518055383,2.5917866666666667,1.2033333333333334,19.013863964753163,0
2023-08-05 18:00:00,22.613078903731957,1.9762373333333334,1.2355555555555555,18.962175669969966,0
2023-08-05 19:00:00,22.375138023926542,2.753773333333333,1.181111111111111,18.255654944945274,0
2023-08-05 20:00:00,24.260975702293404,3.466514666666667,1.2550000000000001,18.437016598832077,0
2023-08-05 21:00:00,24.397186102484966,3.3369253333333333,1.2105555555555554,18.717683720790273,0
2023-08-05 22:00:00,24.14093821556355,2.948157333333333,1.2322222222222223,19.036172785032814,0
2023-08-05 23:00:00,24.151107304231562,0.097192,1.2344444444444445,18.755950108983313,0
2023-08-06 00:00:00,26.374185458405947,0.06479466666666667,1.1616666666666666,19.803487698173416,0
2023-08-06 01:00:00,22.961676260663804,2.3650053333333334,1.0555555555555556,19.620000673983313,0
2023-08-06 02:00:00,26.014019697530625,2.8185680000000004,1.0033333333333334,19.060314322589292,0
2023-08-06 03:00:00,26.0797780720238,4.632818666666666,0.9883333333333333,19.46990870713869,0
2023-08-06 04:00:00,22.101233620862445,3.7580906666666665,0.9416666666666668,18.891745950524836,0
2023-08-06 05:00:00,22.46823447126225,4.244050666666667,0.9155555555555556,18.746430032053706,0
2023-08-06 06:00:00,24.404396245933302,6.31748,0.8883333333333333,18.70118971068471,0
2023-08-06 07:00:00,22.68179789291868,5.961109333333333,0.8622222222222223,18.99761999179201,0
2023-08-06 08:00:00,22.418449125615854,8.196525333333334,0.8472222222222223,18.066709158450113,0
2023-08-06 09:00:00,24.34103961792953,8.585293333333333,0.93,18.597520090367123,0
2023-08-06 10:00:00,22.330963464141703,7.613373333333333,0.9108333333333333,18.182028524879367,0
2023-08-06 11:00:00,23.699391564274745,6.835837333333334,0.8772222222222222,18.317852334653967,0
2023-08-06 12:00:00,24.55357450000136,8.099333333333332,0.895,17.184606518251694,0
2023-08-06 13:00:00,22.487243020194228,8.552896,0.9077777777777777,18.339006906569765,0
2023-08-06 14:00:00,23.362597900867808,7.742962666666666,0.8788888888888889,18.658243895230555,0
2023-08-06 15:00:00,24.086843064163173,5.151176,0.8466666666666667,19.00006822484288,0
2023-08-06 16:00:00,24.24214634148254,4.438434666666667,0.8211111111111111,18.829133308926952,0
2023-08-06 17:00:00,23.13178000326454,1.814250666666667,0.7483333333333334,19.365372796096914,0
2023-08-06 18:00:00,24.90898500437444,2.753773333333333,0.7155555555555555,18.844834888574407,0
2023-08-06 19:00:00,25.514921364625554,3.7256933333333335,0.7066666666666667,17.908211867532827,0
2023-08-06 20:00:00,23.207830701696626,5.151176,0.6555555555555556,18.616692420506066,0
2023-08-06 21:00:00,24.277322528413112,7.127413333333333,0.7022222222222222,18.531870615656374,0
2023-08-06 22:00:00,24.244868427112603,8.520498666666667,0.68,17.752803585493826,0
2023-08-06 23:00:00,22.485009781190442,9.265637333333334,0.7127777777777777,17.054117234136864,0
2023-08-07 00:00:00,22.26818191008557,9.460021333333335,0.7330555555555556,17.572127107618513,0
2023-08-07 01:00:00,22.027326640218607,10.20516,0.7555555555555555,16.510633591734845,0
2023-08-07 02:00:00,23.993069700487002,10.529133333333332,0.7772222222222221,18.19694188681664,0
2023-08-07 03:00:00,23.62342552223816,10.853106666666667,0.8816666666666667,18.62421820668047,0
2023-08-07 04:00:00,22.13966163802897,10.237557333333333,0.8583333333333334,17.277261909985498,0
2023-08-07 05:00:00,23.04476444838556,9.168445333333333,0.8594444444444443,17.556589097308848,0
2023-08-07 06:00:00,24.25281321448007,9.298034666666668,0.8033333333333333,18.918363110831585,0
2023-08-07 07:00:00,22.648598647176986,9.460021333333334,0.8011111111111111,17.26241993822136,0
2023-08-07 08:00:00,23.71740348403632,9.330432,0.7822222222222223,17.46792984291304,0
2023-08-07 09:00:00,22.503338310167774,9.200842666666667,0.7388888888888889,16.684078300626147,0
2023-08-07 10:00:00,21.59457310360752,11.452457333333333,0.8055555555555555,17.24710249369808,0
2023-08-07 11:00:00,24.377932152544897,12.246192,0.8605555555555555,17.969794396795958,0
2023-08-07 12:00:00,24.110062878528538,12.570165333333334,0.8850000000000001,16.838180794874244,0
2023-08-07 13:00:00,24.03391202725581,13.305469095238095,0.9152777777777779,17.68814717743041,0
2023-08-07 14:00:00,23.610358177066743,13.638120285714285,0.9719999999999999,18.01177123355336,0
2023-08-07 15:00:00,25.069398019511638,13.886307,1.0727777777777778,15.989341208654272,0
2023-08-07 16:00:00,21.43320039019665,14.157056142857144,1.0777777777777777,17.698887343925392,0
2023-08-07 17:00:00,22.71062300574614,14.427805285714285,0.9994444444444444,17.04190097748181,0
2023-08-07 18:00:00,24.02066037277764,14.698554428571429,1.0255555555555556,16.961796837323003,0
2023-08-07 19:00:00,23.80189073092866,14.96930357142857,1.066111111111111,16.066466364612534,0
2023-08-07 20:00:00,23.606474320520007,15.240052714285715,1.1316666666666666,17.91924243168531,0
2023-08-07 21:00:00,24.352970855000525,15.510801857142857,1.1683333333333332,17.07073631949942,1
2023-08-07 22:00:00,21.681343932816706,15.781550999999999,1.2122222222222223,17.102433190670585,0
2023-08-07 23:00:00,22.726047114069015,16.992401333333333,1.278888888888889,15.524922911236347,0
2023-08-08 00:00:00,24.47145729016792,17.818533333333335,1.2838888888888889,17.138250154873564,1
2023-08-08 01:00:00,22.690149019744357,16.263461333333336,1.303888888888889,17.775324330000732,0
2023-08-08 02:00:00,24.60429180959458,14.675992,1.3583333333333334,16.892196509372468,0
2023-08-08 03:00:00,23.591256297835645,14.935170666666666,1.3527777777777779,15.989505150181628,0
2023-08-08 04:00:00,25.109308863941624,14.481608,1.3272222222222223,17.51042213314649,0
2023-08-08 05:00:00,24.685199458435182,11.857424,1.1655555555555555,17.598469023350585,0
2023-08-08 06:00:00,23.748887875428508,12.748350666666667,1.2138888888888888,16.885536563677707,0
2023-08-08 07:00:00,23.65635925251496,13.331502666666665,1.2283333333333333,15.073117090963995,0
2023-08-08 08:00:00,22.486135383038988,12.958933333333334,1.2683333333333333,18.74109883637592,0
2023-08-08 09:00:00,23.999652607068157,16.198666666666664,1.3855555555555554,17.424044522735734,0
2023-08-08 10:00:00,23.025253309854293,14.497806666666667,1.4077777777777778,16.873928653296616,0
2023-08-08 11:00:00,22.623270177614298,12.521569333333334,1.4605555555555556,16.676186932787534,0
2023-08-08 12:00:00,23.81716631356498,10.529133333333332,1.445,17.862901032598103,0
2023-08-08 13:00:00,22.635551348172967,12.63496,1.3755555555555554,17.056952102162843,0
2023-08-08 14:00:00,23.443068378704734,13.687873333333334,1.2605555555555557,15.863585130047161,0
2023-08-08 15:00:00,24.09431218910539,13.866058666666667,1.2322222222222223,14.939724496642933,1
2023-08-08 16:00:00,23.597021865651016,13.201913333333332,1.1849999999999998,17.882764287278626,0
2023-08-08 17:00:00,24.041269861462098,11.630642666666667,1.1305555555555555,17.196328895161685,1
2023-08-08 18:00:00,21.3390434673347,15.356335999999999,1.1144444444444443,17.19868637563968,0
2023-08-08 19:00:00,23.285342089297526,19.519393333333333,1.1294444444444445,16.20489138781884,0
2023-08-08 20:00:00,22.133287321267833,20.53990933333333,1.3427777777777778,14.180901981552601,0
2023-08-08 21:00:00,23.116995390686437,21.835802666666666,1.5938888888888887,16.865656588211312,1
2023-08-08 22:00:00,22.962998109847817,20.588505333333334,1.738888888888889,16.022022210946123,1
2023-08-08 23:00:00,22.167595136243822,20.426518666666666,1.9205555555555556,15.749586272176343,1
2023-08-09 00:00:00,22.447638405902925,20.847684,1.9383333333333332,16.336942953346114,0
2023-08-09 01:00:00,21.20766040715857,21.641418666666667,1.945,15.268703355689842,0
2023-08-09 02:00:00,21.9484705058413,20.053949333333332,1.9283333333333335,15.446927221433311,1
2023-08-09 03:00:00,23.881990887295643,18.547473333333333,1.9066666666666665,16.89850887532296,0
2023-08-09 04:00:00,23.784242869291294,20.6533,1.678888888888889,14.577620037168865,0
2023-08-09 05:00:00,23.957011557258188,22.305564,1.6794444444444443,15.860746267286208,0
2023-08-09 06:00:00,24.746133325434005,21.528028000000003,1.6905555555555554,15.722481838287413,0
2023-08-09 07:00:00,21.667919926772935,23.763444000000003,1.6116666666666666,16.055007359406456,0
2023-08-09 08:00:00,23.85446379985788,23.358477333333337,1.6483333333333334,15.503037099135332,1
2023-08-09 09:00:00,22.85800211580988,21.36604133333333,1.726111111111111,15.62474584578642,0
2023-08-09 10:00:00,24.20913232582569,22.564742666666664,1.8,13.745199592726763,0
2023-08-09 11:00:00,23.997706521964673,22.467550666666668,1.8516666666666666,15.492412116207788,0
2023-08-09 12:00:00,23.15038638541398,20.734293333333333,1.7422222222222221,15.064469774732993,1
2023-08-09 13:00:00,24.612581205508235,20.653299999999998,1.659722222222222,15.72740632870763,0
2023-08-09 14:00:00,19.254612390814682,19.211618666666666,1.5905555555555555,15.270869873272938,0
2023-08-09 15:00:00,24.40607982105413,17.219182666666665,1.4705555555555554,16.27722713788425,0
2023-08-09 16:00:00,23.79726079688461,16.312057333333335,1.3694444444444445,16.34295495893328,0
2023-08-09 17:00:00,25.11297735054636,13.866058666666667,1.2672222222222222,18.216008759035358,0
2023-08-09 18:00:00,21.825998779354148,11.792629333333332,1.1883333333333332,17.243322643840994,1
2023-08-09 19:00:00,24.12782321076855,10.140365333333333,1.0533333333333335,18.609832185691634,0
2023-08-09 20:00:00,24.385793092565596,11.646841333333334,0.9455555555555556,17.303065000076675,0
2023-08-09 21:00:00,23.183156195445594,10.286153333333333,0.9316666666666666,18.325640600275904,0
2023-08-09 22:00:00,23.12465541917294,11.096086666666666,0.9088888888888889,16.943322769703798,0
2023-08-09 23:00:00,23.54863186451178,11.808828,0.8616666666666667,17.982677307306783,0
2023-08-10 00:00:00,25.01339195360841,10.674921333333332,0.8172222222222222,17.000418401004566,0
2023-08-10 01:00:00,22.928285384089907,8.99026,0.8127777777777778,18.425633509565433,0
2023-08-10 02:00:00,25.229939327090886,9.703001333333333,0.7922222222222223,16.947651615337477,0
2023-08-10 03:00:00,22.54832586439011,11.225676,0.851111111111111,18.894062097866133,0
2023-08-10 04:00:00,23.54307069431152,9.881186666666666,0.8572222222222222,18.422825055198228,0
2023-08-10 05:00:00,24.355443473010656,8.876869333333334,0.8972222222222223,18.125761806486555,0
2023-08-10 06:00:00,23.029797157111357,6.544261333333334,0.945,18.832821829808385,0
2023-08-10 07:00:00,24.46788381213452,5.896314666666666,0.9316666666666666,18.29217292566731,0
2023-08-10 08:00:00,22.96724091896819,7.208406666666668,0.8766666666666666,17.893154107963994,0
2023-08-10 09:00:00,24.18462377502721,6.025904000000001,0.8605555555555555,17.81957387273412,0
2023-08-10 10:00:00,22.83570129716598,5.4913479999999995,0.8016666666666667,18.330782198873482,0
2023-08-10 11:00:00,24.67164423256573,6.511863999999999,0.7772222222222221,18.60484573700114,0
2023-08-10 12:00:00,22.971646333391305,7.710565333333332,0.7555555555555555,18.0493384759356,0
2023-08-10 13:00:00,22.8764931895039,9.022657333333333,0.7522222222222222,18.381139896354792,0
2023-08-10 14:00:00,24.734783897411017,9.427624000000002,0.81,17.949002866221942,0
2023-08-10 15:00:00,24.373936408938174,10.043173333333334,0.8211111111111111,18.018313409623342,0
2023-08-10 16:00:00,25.957434608380414,9.913584,0.8638888888888889,18.045043014650577,0
2023-08-10 17:00:00,23.321497361035345,10.739716,0.875,18.51042719310343,0
2023-08-10 18:00:00,24.52951898381777,11.922218666666666,0.9277777777777777,17.26951229644071,0
2023-08-10 19:00:00,24.584143507073765,11.209477333333334,0.9227777777777778,17.495554702334775,0
2023-08-10 20:00:00,24.36461605421735,12.084205333333331,0.9894444444444445,16.43396296618774,0
2023-08-10 21:00:00,21.051545137600844,17.640348,1.0944444444444446,17.081413412477257,0
2023-08-10 22:00:00,22.56842742899055,20.037750666666668,1.3127777777777778,15.874644857412529,1
2023-08-10 23:00:00,22.17663399936539,17.91572533333333,1.4577777777777776,15.95797625603133,1
2023-08-11 00:00:00,24.26152741223885,18.239698666666666,1.6433333333333333,16.07829653470122,1
2023-08-11 01:00:00,25.00729793899883,16.733222666666666,1.6261111111111113,16.67158894725121,0
2023-08-11 02:00:00,21.384094978215362,13.704071999999998,1.6127777777777776,16.028961127223305,0
2023-08-11 03:00:00,23.15469632887925,13.396297333333331,1.5250000000000001,17.261186626729266,0
2023-08-11 04:00:00,24.825331422669617,15.016163999999998,1.4333333333333333,15.733580892836272,1
2023-08-11 05:00:00,23.549525201528542,15.30774,1.2683333333333333,17.578483730138668,0
2023-08-11 06:00:00,24.047264415591922,16.927606666666666,1.3194444444444444,17.12030760442666,1
2023-08-11 07:00:00,22.813236692097064,15.259144,1.4044444444444444,16.38467048801226,0
2023-08-11 08:00:00,23.479163676250565,15.194349333333333,1.356111111111111,15.573861532312703,0
2023-08-11 09:00:00,21.606109675915036,15.259144,1.2772222222222223,17.891446986538284,0
2023-08-11 10:00:00,24.645409340626845,13.590681333333334,1.1872222222222222,17.32524231763702,0
2023-08-11 11:00:00,22.92156593080921,15.356335999999999,1.1872222222222222,18.219934275965862,0
2023-08-11 12:00:00,24.535037512691293,14.190032,1.098888888888889,15.785293832876057,0
2023-08-11 13:00:00,23.94744329014614,13.558284,1.0872222222222223,17.62669823174394,0
2023-08-11 14:00:00,23.23260948025737,12.229993333333333,1.018888888888889,17.794604367447207,0
2023-08-11 15:00:00,24.88740756533252,12.051808000000001,1.011111111111111,18.641967017280784,0
2023-08-11 16:00:00,21.16872197357677,10.059372,0.9377777777777778,18.281888358343895,0
2023-08-11 17:00:00,25.309168380552617,9.751597333333335,0.8816666666666667,18.007531162944954,0
2023-08-11 18:00:00,24.153821634629953,9.541014666666667,0.8666666666666667,18.042104091544406,0
2023-08-11 19:00:00,23.39183132046413,8.423306666666667,0.8322222222222222,17.67890361044039,0
2023-08-11 20:00:00,24.04690005229256,7.888750666666667,0.9049999999999999,18.389318185191655,0
2023-08-11 21:00:00,23.226288845417272,10.156564,0.98,18.063323608225286,0
2023-08-11 22:00:00,22.48944821804413,7.710565333333334,0.9922222222222222,19.296889285269575,0
2023-08-11 23:00:00,24.18136061352848,7.062618666666666,0.9672222222222223,18.636508744890715,0
2023-08-12 00:00:00,21.281389050378316,8.569094666666667,1.0305555555555557,17.439718479484828,0
2023-08-12 01:00:00,22.300347373690546,10.788312,1.038888888888889,17.44316793077469,0
2023-08-12 02:00:00,23.218330824000613,9.168445333333333,1.013888888888889,18.4037379400944,0
2023-08-12 03:00:00,24.808059545107152,8.407108,1.021111111111111,17.36371794069441,0
2023-08-12 04:00:00,23.65954606677387,5.912513333333333,1.066111111111111,17.814539304877535,0
2023-08-12 05:00:00,23.58023790980815,4.2116533333333335,1.0083333333333333,18.798098720059333,0
2023-08-12 06:00:00,23.746424425051867,4.357441333333333,0.9505555555555555,18.33103655278713,0
2023-08-12 07:00:00,21.515097075630848,3.3369253333333333,0.9644444444444445,18.719592038747464,0
2023-08-12 08:00:00,23.546648832837633,1.895244,0.9422222222222222,19.736772387657258,0
2023-08-12 09:00:00,23.62784920160333,2.170621333333333,0.9022222222222221,19.348381216347285,0
2023-08-12 10:00:00,23.98872874943757,3.628501333333334,0.8683333333333333,18.846469242424842,0
2023-08-12 11:00:00,23.529799121640934,3.0777466666666666,0.8666666666666667,19.490716019560114,0
2023-08-12 12:00:00,23.973878316007458,3.4211584,0.8277777777777778,19.4194987475148,0
2023-08-12 13:00:00,25.581784387017805,4.6341145599999995,0.7922222222222223,18.080431498814125,0
2023-08-12 14:00:00,22.43539480868273,5.8470707200000005,0.8227777777777777,18.79358403425016,0
2023-08-12 15:00:00,24.34813447943694,7.06002688,0.8122222222222222,19.018966518260694,0
2023-08-12 16:00:00,22.671389800797954,9.029460773333332,0.8072222222222223,18.746433332019624,1
2023-08-12 17:00:00,23.516624194310324,10.764014000000001,0.8477777777777779,17.11273168734888,0
2023-08-12 18:00:00,25.539922969008458,11.638742,0.8755555555555556,18.191011995677993,0
2023-08-12 19:00:00,24.152599588121287,12.668093636363636,0.898888888888889,18.002683456920682,0
2023-08-12 20:00:00,23.8704747691461,14.393251636363637,0.8922222222222222,18.01064521585295,0
2023-08-12 21:00:00,23.257545994203316,15.371062060606059,0.9794444444444445,16.393846392661953,0
2023-08-12 22:00:00,24.82692918096664,14.456641247706422,1.0027777777777778,16.213269849440398,0
2023-08-12 23:00:00,22.54668592852462,13.8832976146789,1.03,17.064926320586,0
2023-08-13 00:00:00,21.896103875979964,13.326895706422016,1.0927777777777778,16.26240771843296,0
2023-08-13 01:00:00,23.59194009342328,12.77049379816514,1.0455555555555556,17.322238303442532,0
2023-08-13 02:00:00,24.593914301640257,12.214091889908255,0.9972222222222222,18.48463660423647,0
2023-08-13 03:00:00,23.033416289872054,11.657689981651375,0.96,18.286777770935934,0
2023-08-13 04:00:00,24.51696929870557,11.147654899082568,0.9233333333333332,17.414030695659054,0
2023-08-13 05:00:00,22.384528375850305,10.63761981651376,0.8588888888888889,18.047969309163808,0
2023-08-13 06:00:00,25.5577445205011,10.08121790825688,0.8655555555555555,18.056169268344146,0
2023-08-13 07:00:00,22.630874233532165,9.524816,0.8716666666666667,16.6108331987448,0
2023-08-13 08:00:00,24.989985389717088,8.968414091743119,0.8744444444444445,18.18289531452074,0
2023-08-13 09:00:00,24.73892605247174,8.412012183486238,0.846111111111111,17.90364681334004,0
2023-08-13 10:00:00,19.96720759829546,7.855610275229357,0.8638888888888889,18.048164790668963,0
2023-08-13 11:00:00,21.677748963053144,7.2992083669724765,0.8638888888888889,18.263929924931613,0
2023-08-13 12:00:00,23.565327412612238,6.742806458715596,0.8677777777777779,18.556144635187387,0
2023-08-13 13:00:00,25.651850996248925,6.1864045504587155,0.8711111111111111,19.436587411106956,0
2023-08-13 14:00:00,24.136890894360732,5.630002642201835,0.9277777777777777,18.590819489586078,0
2023-08-13 15:00:00,22.006815802692785,5.073600733944954,0.93,17.88857204688676,0
2023-08-13 16:00:00,24.12311741917304,4.660757651376147,0.9477777777777777,19.001646180936262,0
2023-08-13 17:00:00,23.220933513267237,5.539944000000001,0.9105555555555557,19.470574990226464,0
2023-08-13 18:00:00,24.610427469658948,6.7062479999999995,0.8683333333333333,18.38300389042198,0
2023-08-13 19:00:00,25.671533940504943,7.8725520000000015,0.888888888888889,17.776550904105367,0
2023-08-13 20:00:00,23.387586018969007,9.038856000000001,0.8888888888888888,17.92116919269046,0
2023-08-13 21:00:00,22.393179829528417,9.494578488888889,0.8533333333333334,17.8067511175724,0
2023-08-13 22:00:00,23.968038416061287,9.442742755555557,0.8905555555555557,18.096020417433447,0
2023-08-13 23:00:00,25.53677013008752,9.390907022222223,0.8627777777777778,17.784332097914948,0
2023-08-14 00:00:00,23.96076003551661,9.33907128888889,0.8666666666666667,17.223541102682667,0
2023-08-14 01:00:00,23.31028300812014,9.287235555555556,0.8450000000000001,18.62212903211436,0
2023-08-14 02:00:00,23.980133622932325,9.235399822222222,0.8866666666666667,17.516607796815535,1
2023-08-14 03:00:00,24.525951056274042,9.18356408888889,0.8755555555555555,16.10160657356558,0
2023-08-14 04:00:00,22.244868535444212,9.112059294929882,0.9222222222222222,18.488626509613578,0
2023-08-14 05:00:00,21.59438486519768,8.95204372815534,0.9261111111111111,17.744099011939852,1
2023-08-14 06:00:00,25.300465111739157,8.782193631067962,0.9555555555555556,17.052078928047592,0
2023-08-14 07:00:00,23.71930119926321,8.612343533980583,0.9211111111111112,18.294179075674908,0
2023-08-14 08:00:00,23.746545578490572,8.442493436893203,0.9466666666666667,18.913811919684903,0
2023-08-14 09:00:00,24.169994156289246,8.272643339805827,0.9683333333333334,17.996713263864596,0
2023-08-14 10:00:00,23.78277167665748,8.102793242718446,0.96,16.493383589854492,0
2023-08-14 11:00:00,24.940586786082395,7.932943145631068,1.015,17.494310762741698,0
2023-08-14 12:00:00,25.36395034608637,7.76309304854369,0.9577777777777777,18.615950364880813,0
2023-08-14 13:00:00,25.53542405616876,7.593242951456311,0.9433333333333334,17.985986608664867,0
2023-08-14 14:00:00,25.122555579721,7.423392854368932,0.8927777777777778,19.266874171130926,0
2023-08-14 15:00:00,23.590658169540614,7.253542757281554,0.8783333333333333,18.304122257880522,0
2023-08-14 16:00:00,24.548973084451717,7.083692660194175,0.8744444444444444,18.230297181228867,0
2023-08-14 17:00:00,25.835831805612603,6.913842563106797,0.8127777777777778,18.426870107264893,0
2023-08-14 18:00:00,24.179064447277014,6.743992466019417,0.7994444444444445,17.47268633906846,0
2023-08-14 19:00:00,23.825323635705967,6.57414236893204,0.7838888888888889,19.156191651406427,0
2023-08-14 20:00:00,23.432965917797603,6.40429227184466,0.7405555555555555,19.261483645548058,0
2023-08-14 21:00:00,22.532899834021787,6.301028875830352,0.7122222222222222,18.97282972857671,0
2023-08-14 22:00:00,22.685903057565994,6.797045789473684,0.6616666666666667,18.126346961772708,0
2023-08-14 23:00:00,23.596281233501784,7.426236105263158,0.6472222222222223,18.009077217166595,0
2023-08-15 00:00:00,24.66665707162238,8.055426421052632,0.6311111111111111,19.565431418363257,0
2023-08-15 01:00:00,22.989080470224337,8.684616736842106,0.6283333333333333,16.302296155688715,0
2023-08-15 02:00:00,24.912027873572658,9.31380705263158,0.6316666666666667,17.100942545837185,0
2023-08-15 03:00:00,22.730257668608175,9.942997368421052,0.6577777777777778,18.169838244213086,0
2023-08-15 04:00:00,24.921823236691363,10.572187684210528,0.6277777777777778,17.51867547452652,0
2023-08-15 05:00:00,21.346126543285948,11.201378,0.6633333333333333,17.31746323659733,0
2023-08-15 06:00:00,23.99979736389088,11.830568315789472,0.7105555555555555,17.53145358529002,0
2023-08-15 07:00:00,24.34005145734331,12.459758631578948,0.7661111111111111,17.89318041755286,0
2023-08-15 08:00:00,24.586649434884745,13.088948947368422,0.81,17.4467876400086,0
2023-08-15 09:00:00,22.525273042227052,13.718139263157894,0.8672222222222222,16.95261136639205,0
2023-08-15 10:00:00,22.97267939769721,13.833855097288676,0.9583333333333334,17.2349238573813,0
2023-08-15 11:00:00,22.977087416212274,12.665884727272728,1.113888888888889,16.728258400146544,0
2023-08-15 12:00:00,23.836875688991146,11.44656690909091,1.2283333333333333,16.54015763272015,0
2023-08-15 13:00:00,22.959265405338723,10.227249090909092,1.2927777777777778,17.915080105785087,1
2023-08-15 14:00:00,23.82793944710897,9.787234400000001,1.2755555555555556,17.366933247749685,0
2023-08-15 15:00:00,23.444046851157626,9.732158933333332,1.1805555555555556,16.567911196460706,0
2023-08-15 16:00:00,22.49025612629444,8.131730666666668,1.2061111111111111,17.737412859553945,0
2023-08-15 17:00:00,21.687020855919556,7.364773387755103,1.2122222222222223,19.427586765114185,1
2023-08-15 18:00:00,22.846531490137753,8.245451918367348,1.2622222222222221,18.550474702092195,0
2023-08-15 19:00:00,22.3440074650412,9.126130448979593,1.2961111111111112,18.159558343804832,0
2023-08-15 20:00:00,22.244387896460122,10.006808979591836,1.4641666666666666,17.510838720721576,0
2023-08-15 21:00:00,23.362681942426256,10.814097632653063,1.5586666666666666,17.724759175681996,0
2023-08-15 22:00:00,25.08330669922545,11.621386285714285,1.6033333333333335,18.152515191958024,0
2023-08-15 23:00:00,22.9581199364486,12.50206481632653,1.4516666666666664,17.915145882480243,0
2023-08-16 00:00:00,22.384013728275715,13.382743346938776,1.4980555555555555,16.524330853042724,0
2023-08-16 01:00:00,23.647818024643016,14.105639254524453,1.4955555555555555,17.95600285680858,0
2023-08-16 02:00:00,24.618357372269145,14.118513358490567,1.3216666666666668,18.352692264506675,0
2023-08-16 03:00:00,23.35733582848518,14.052496150943396,1.25,17.563072996196087,0
2023-08-16 04:00:00,21.79872319114907,13.986478943396227,1.1866666666666665,17.809846600427772,0
2023-08-16 05:00:00,22.318617309781292,13.920461735849058,1.228888888888889,17.608798514882142,0
2023-08-16 06:00:00,25.073241046748247,13.854444528301888,1.2633333333333334,15.889445870223673,0
2023-08-16 07:00:00,23.483480149663965,13.788427320754716,1.2394444444444443,16.450296180581713,1
2023-08-16 08:00:00,24.600818113542218,13.722410113207546,1.2661111111111112,16.658231432343964,1
2023-08-16 09:00:00,24.602232241611947,13.656392905660377,1.3372222222222223,17.14586175962061,0
2023-08-16 10:00:00,25.622508325018778,13.595877132075472,1.2526666666666668,16.403545108034177,0
2023-08-16 11:00:00,22.093772922589697,13.535361358490567,1.192777777777778,17.139814780477252,0
2023-08-16 12:00:00,25.189711490057118,13.469344150943394,1.1594444444444443,16.310819636825038,0
2023-08-16 13:00:00,23.54369353477348,13.403326943396229,1.1938888888888888,16.90285473137826,0
2023-08-16 14:00:00,24.83557453881299,13.337309735849056,1.2994444444444444,17.57593657914064,1
2023-08-16 15:00:00,24.291616982340297,13.271292528301887,1.303888888888889,16.132450034089562,1
2023-08-16 16:00:00,24.499832957395824,13.205275320754717,1.2138888888888888,17.637418119641584,0
2023-08-16 17:00:00,23.838355761755604,13.139258113207548,1.2016666666666667,18.077773879251417,0
2023-08-16 18:00:00,23.881554152420886,13.073240905660377,1.1872222222222222,18.005827593394088,0
2023-08-16 19:00:00,25.23509339540092,13.007223698113208,1.1616666666666666,17.109393002749055,0
2023-08-16 20:00:00,22.089670285689593,12.941206490566039,1.1394444444444443,17.280109612994327,0
2023-08-16 21:00:00,23.593210687277914,12.875189283018868,1.1638888888888888,16.300971618435835,0
2023-08-16 22:00:00,24.58147030559216,12.809172075471698,1.1622222222222223,18.39009681284789,0
2023-08-16 23:00:00,22.305884243601085,12.74315486792453,1.1555555555555554,17.371685776757392,0
2023-08-17 00:00:00,21.756573596536484,12.67713766037736,1.0633333333333335,16.68954055404473,0
2023-08-17 01:00:00,22.79716629426474,12.611120452830187,1.0594444444444446,17.30943175893481,0
2023-08-17 02:00:00,21.69562113700322,12.545103245283018,1.0227777777777778,18.170384802631126,0
2023-08-17 03:00:00,25.4559666117044,12.479086037735849,1.0055555555555555,17.601972842398556,0
2023-08-17 04:00:00,23.20377789851044,12.41306883018868,0.9827777777777778,16.176765730614132,0
2023-08-17 05:00:00,25.00106998922841,12.34705162264151,0.9205555555555556,16.967541430707417,0
2023-08-17 06:00:00,24.444979943786688,12.28103441509434,0.9222222222222222,15.969569653565458,0
2023-08-17 07:00:00,22.909206999521604,12.21501720754717,0.8450000000000001,18.124932514423573,0
2023-08-17 08:00:00,23.4440434093664,12.149,0.8572222222222222,17.010342151082707,0
2023-08-17 09:00:00,23.84283856560225,12.08298279245283,0.8077777777777778,18.701644618578964,0
2023-08-17 10:00:00,23.789232926209078,12.01696558490566,0.7927777777777778,18.37654291312715,0
2023-08-17 11:00:00,23.956788314319315,11.950948377358491,0.8105555555555556,18.904001202091134,0
2023-08-17 12:00:00,22.829005130793956,11.884931169811319,0.826111111111111,18.336101803312438,0
2023-08-17 13:00:00,22.469991755209957,11.818913962264153,0.8488888888888888,18.45220308702197,0
2023-08-17 14:00:00,24.737279155512425,11.75289675471698,0.846111111111111,17.547483283419727,0
2023-08-17 15:00:00,23.417749496251393,11.686879547169811,0.87,17.946110618735542,0
2023-08-17 16:00:00,24.42189422583031,11.620862339622642,0.8938888888888888,16.74835601404789,0
2023-08-17 17:00:00,24.1623052002701,11.55484513207547,0.9072222222222223,18.183789784276517,0
2023-08-17 18:00:00,22.896760355171693,11.488827924528302,0.898888888888889,18.46614490302187,0
2023-08-17 19:00:00,24.30812020119998,11.422810716981132,0.9383333333333334,16.18835415342333,0
2023-08-17 20:00:00,26.992022721291704,11.356793509433961,0.9616666666666666,17.001177823422314,0
2023-08-17 21:00:00,22.790758450840503,11.290776301886792,1.0261111111111112,16.929510442575438,0
2023-08-17 22:00:00,23.22746624139422,11.224759094339623,0.9611111111111111,17.322412849686398,0
2023-08-17 23:00:00,24.469878103401058,11.158741886792454,0.9466666666666667,18.310174100236818,0
2023-08-18 00:00:00,24.39575203534892,11.092724679245284,0.8627777777777778,16.690944916938424,0
2023-08-18 01:00:00,24.079901854217486,11.026707471698112,0.8394444444444443,18.414765758566233,0
2023-08-18 02:00:00,25.482248022810563,10.960690264150942,0.8205555555555555,16.905221725269463,0
2023-08-18 03:00:00,23.498482641226374,10.894673056603773,0.7994444444444445,17.82819768087185,0
2023-08-18 04:00:00,24.68085330504194,10.828655849056604,0.7711111111111112,17.976121654015177,1
2023-08-18 05:00:00,25.01900813284358,10.762638641509433,0.7533333333333333,19.05597128599567,0
2023-08-18 06:00:00,24.088217924162052,10.706591465625678,0.81,17.2068296175466,0
2023-08-18 07:00:00,25.802262386912307,10.740274574712643,0.8011111111111111,17.54870586017181,0
2023-08-18 08:00:00,24.581192127680158,10.793897747126437,0.8777777777777778,18.37917942645116,0
2023-08-18 09:00:00,22.69318206329045,10.84752091954023,0.9550000000000001,18.735041843503556,0
2023-08-18 10:00:00,21.301796425704875,10.901144091954023,1.1083333333333334,16.56289916445958,0
2023-08-18 11:00:00,23.8671072835588,10.954767264367817,1.2044444444444444,17.851144475291424,0
2023-08-18 12:00:00,23.271319301912,11.00839043678161,1.3605555555555557,17.258147220700323,0
2023-08-18 13:00:00,24.00454114619518,11.062013609195404,1.3527777777777779,17.39169739671635,0
2023-08-18 14:00:00,22.875750230921938,11.115636781609197,1.3694444444444445,19.49188522166206,0
2023-08-18 15:00:00,25.12872366155271,11.169259954022989,1.3255555555555556,18.021428006454027,0
2023-08-18 16:00:00,23.81199233229893,11.222883126436782,1.3111111111111111,17.29823355338461,0
2023-08-18 17:00:00,24.428798729194792,11.276506298850576,1.3555555555555554,18.516609272517794,0
2023-08-18 18:00:00,24.29064003856458,11.33012947126437,1.3955555555555554,17.336749598839692,0
2023-08-18 19:00:00,24.051940352791803,11.383752643678163,1.4677777777777778,17.16936383121282,0
2023-08-18 20:00:00,22.19142994860496,11.437375816091956,1.4255555555555555,17.66327449609973,0
2023-08-18 21:00:00,21.826549227286886,12.537768,1.3061111111111112,17.09534211924986,1
2023-08-18 22:00:00,24.21090897730163,13.220426095238095,1.3694444444444445,16.473771584058067,0
2023-08-18 23:00:00,25.011732981664597,17.11967657142857,1.4316666666666666,15.378989204033147,1
2023-08-19 00:00:00,23.78841285499656,20.512911555555554,1.6422222222222222,17.11451575751276,0
2023-08-19 01:00:00,21.65829454707288,20.118744,1.643888888888889,15.997785417946645,0
2023-08-19 02:00:00,22.176489998008364,19.729976,1.6672222222222224,16.182266270029167,0
2023-08-19 03:00:00,21.976691710002616,19.345657884980458,1.68,15.805377625293232,0
2023-08-19 04:00:00,24.073712015572838,19.072586894472362,1.7005555555555556,15.809205037028724,0
2023-08-19 05:00:00,28.04269827778558,18.844014753768846,1.7383333333333333,17.3215845910215,0
2023-08-19 06:00:00,22.487018939524578,18.61544261306533,1.6505555555555553,16.461381625131946,0
2023-08-19 07:00:00,25.185776088489032,18.38687047236181,1.6616666666666664,16.162805619970097,0
2023-08-19 08:00:00,23.027841477833643,18.158298331658294,1.4913888888888887,16.866899685815984,1
2023-08-19 09:00:00,24.293316949372663,17.929726190954778,1.4766666666666666,18.060716042247464,0
2023-08-19 10:00:00,24.15754044335125,17.701154050251258,1.4033333333333333,17.574238264197216,1
2023-08-19 11:00:00,22.649106582689644,17.47258190954774,1.323888888888889,16.541939050151402,0
2023-08-19 12:00:00,24.423983881185716,17.244009768844222,1.2377777777777779,17.438863131201057,0
2023-08-19 13:00:00,22.23764548065174,17.015437628140706,1.351111111111111,16.846204531309223,0
2023-08-19 14:00:00,23.169672972090414,16.786865487437186,1.3694444444444445,16.947425603114414,0
2023-08-19 15:00:00,23.949148040076874,16.55829334673367,1.3766666666666667,16.03486080592138,0
2023-08-19 16:00:00,25.317112796641783,16.329721206030154,1.3022222222222222,15.640909924488907,0
2023-08-19 17:00:00,26.406838508817856,16.101149065326634,1.165,17.26402674225652,0
2023-08-19 18:00:00,23.981274372013072,15.872576924623118,1.0472222222222223,18.06000835205156,0
2023-08-19 19:00:00,23.40346976767082,15.663052462311558,0.96,18.695189072514818,0
2023-08-19 20:00:00,23.276148593366354,15.453528,0.8933333333333334,16.183073316355948,0
2023-08-19 21:00:00,24.887543470770073,15.224955859296484,0.8116666666666666,18.095572125362725,0
2023-08-19 22:00:00,23.83667193565528,14.996383718592966,0.7600000000000001,17.49655480643065,0
2023-08-19 23:00:00,24.774678750553093,14.767811577889448,0.7200000000000001,17.140112291622966,0
2023-08-20 00:00:00,23.61970703996091,14.539239437185932,0.701111111111111,16.21017786910497,1
2023-08-20 01:00:00,20.6428441949037,14.310667296482414,0.7322222222222222,17.04277833588249,0
2023-08-20 02:00:00,23.378102155087813,14.082095155778894,0.7555555555555555,16.76453191639976,0
2023-08-20 03:00:00,23.526319806448214,13.853523015075377,0.7766666666666667,17.964829526831085,1
2023-08-20 04:00:00,22.69838013849757,13.62495087437186,0.7994444444444445,17.049232762039924,0
2023-08-20 05:00:00,23.481728012527412,13.396378733668342,0.8022222222222223,16.834042071537606,0
2023-08-20 06:00:00,22.212188646251104,13.167806592964824,0.8116666666666666,18.01617528792853,0
2023-08-20 07:00:00,21.982270862508653,12.939234452261308,0.8877777777777779,16.911465994902418,0
2023-08-20 08:00:00,24.608465286210286,12.71066231155779,0.875,17.733966135123104,0
2023-08-20 09:00:00,22.320982753910158,12.48209017085427,0.8177777777777777,16.977194359576384,0
2023-08-20 10:00:00,22.605320415880865,12.253518030150753,0.8088888888888889,17.374770890455284,0
2023-08-20 11:00:00,25.889728788179937,12.024945889447237,0.8133333333333334,17.637200979391622,0
2023-08-20 12:00:00,22.75518636875219,11.796373748743719,0.7888888888888889,17.08742786928853,0
2023-08-20 13:00:00,24.144056376389035,10.707318666666666,0.7999999999999999,17.878969435616103,0
2023-08-20 14:00:00,25.116600600179094,8.26132,0.8033333333333333,17.399147021018212,0
2023-08-20 15:00:00,22.46551680706106,7.499982666666667,0.7961111111111112,18.814405786627177,0
2023-08-20 16:00:00,22.600553845347974,9.152246666666668,0.7505555555555555,17.07241688053362,1
2023-08-20 17:00:00,22.37167888747579,9.217041333333333,0.6983333333333334,17.345113495858453,0
2023-08-20 18:00:00,23.823397565280885,9.298034666666668,0.6866666666666666,17.392148545314203,0
2023-08-20 19:00:00,23.15417484412856,9.184644,0.7205555555555555,17.591027873102856,0
2023-08-20 20:00:00,24.244152451081124,6.528062666666667,0.7127777777777777,18.10430318285876,0
2023-08-20 21:00:00,24.487252174383325,5.620937333333333,0.7344444444444443,18.735556492732528,0
2023-08-20 22:00:00,23.71803502131971,6.398473333333334,0.7427777777777779,18.978220688985566,0
2023-08-20 23:00:00,24.682020659066055,9.136048,0.7466666666666667,17.882277317777074,0
2023-08-21 00:00:00,23.380020130483548,12.796946666666665,0.8127777777777778,16.723709014964133,0
2023-08-21 01:00:00,26.082395714887,14.433012,1.0433333333333332,17.40968642543449,0
2023-08-21 02:00:00,21.08004486323635,13.590681333333334,1.1855555555555555,18.14621688845732,0
2023-08-21 03:00:00,25.228891962199384,12.683556000000001,1.1961111111111111,18.150943996225806,0
2023-08-21 04:00:00,24.819115985419273,10.043173333333334,1.093888888888889,17.417367767890454,0
2023-08-21 05:00:00,21.564369664896798,9.638206666666667,0.9783333333333334,18.142019793898942,0
2023-08-21 06:00:00,22.974670559419383,7.9535453333333335,0.8977777777777778,17.351475472897956,0
2023-08-21 07:00:00,22.40641261680709,7.629572,0.8244444444444445,15.990931966809727,0
2023-08-21 08:00:00,25.749142967204932,9.346630666666668,0.7866666666666666,16.482480305346787,0
2023-08-21 09:00:00,23.384847090835986,9.23324,0.7394444444444445,17.82125926342601,0
2023-08-21 10:00:00,23.669122335562395,8.601491999999999,0.73,17.517606170500812,0
2023-08-21 11:00:00,25.603438651987656,9.038856000000001,0.73,17.754632541046096,0
2023-08-21 12:00:00,24.39485567363302,8.374710666666667,0.7427777777777779,18.313531527398506,0
2023-08-21 13:00:00,23.358134981396358,7.904949333333334,0.7611111111111111,18.061216285374517,0
2023-08-21 14:00:00,24.49414197683167,8.536697333333334,0.7722222222222223,19.732669371020933,0
2023-08-21 15:00:00,26.18291577549076,8.01834,0.7455555555555556,18.229099033358228,0
2023-08-21 16:00:00,24.048322915719087,7.078817333333333,0.706111111111111,18.822238162297648,0
2023-08-21 17:00:00,27.064416798267327,6.495665333333334,0.6772222222222223,19.24634509688482,0
2023-08-21 18:00:00,22.035823842852267,6.544261333333334,0.6294444444444444,17.68925716486707,0
2023-08-21 19:00:00,23.283737738316436,7.257002666666668,0.5866666666666666,18.556755390153143,0
2023-08-21 20:00:00,23.4148314481403,7.9535453333333335,0.59,18.13011624579046,0
2023-08-21 21:00:00,23.49245010625941,7.694366666666666,0.58,17.219557953551384,0
2023-08-21 22:00:00,25.064529676136857,7.370393333333333,0.5599999999999999,18.96456805078036,0
2023-08-21 23:00:00,24.63196211845872,5.1673746666666664,0.5505555555555556,18.41262715276626,0
2023-08-22 00:00:00,22.217156020317734,4.082064,0.5433333333333333,18.409634725638107,0
2023-08-22 01:00:00,24.184827453215263,4.470832000000001,0.5172222222222222,18.163313185137675,0
2023-08-22 02:00:00,21.803525641780993,6.495665333333334,0.5066666666666667,17.500731254677888,0
2023-08-22 03:00:00,23.87806340552503,6.414672,0.5011111111111112,19.679642719519197,0
2023-08-22 04:00:00,23.394509455824224,8.747280000000002,0.49444444444444446,17.29052830737026,0
2023-08-22 05:00:00,22.64207560465833,9.087452,0.4961111111111111,17.8868746459904,0
2023-08-22 06:00:00,23.594105383906623,10.2440368,0.488,17.732846795684605,0
2023-08-22 08:00:00,23.752389489868627,15.9006112,0.75,16.809136038796773,1
2023-08-22 09:00:00,24.486370648649515,17.186785333333333,0.9238888888888889,15.810845467824445,0
2023-08-22 10:00:00,24.416519804902883,19.1662624,1.0953333333333333,17.267799777699047,1
2023-08-22 11:00:00,24.756826426499376,21.220253333333332,1.1833333333333333,15.429073776976125,0
2023-08-22 12:00:00,22.88405016211428,19.584188,1.181111111111111,15.601798053135028,0
2023-08-22 13:00:00,23.273807920184282,18.790453333333335,1.1855555555555555,16.168748816293693,1
2023-08-22 14:00:00,22.604928499039744,17.899526666666667,1.1977777777777778,16.286065552290776,0
2023-08-22 15:00:00,22.52538504033409,15.534521333333332,1.23,16.57977044034149,0
2023-08-22 16:00:00,21.87183279117735,14.611197333333331,1.162222222222222,17.656109604159564,0
2023-08-22 17:00:00,24.689612431361326,13.039926666666666,1.1394444444444443,17.590229209589253,0
2023-08-22 18:00:00,23.50009733994091,10.674921333333332,1.0944444444444443,17.447111506749067,0
2023-08-22 19:00:00,23.51855488435025,8.925465333333333,1.021111111111111,18.00731910266741,0
2023-08-22 20:00:00,24.03415212797944,10.885504,0.92,17.972884952782145,0
2023-08-22 21:00:00,26.01970789649511,9.006458666666667,0.8972222222222223,17.394409363936038,0
2023-08-22 22:00:00,24.311242114946793,6.835837333333333,0.84,18.54477444535091,0
2023-08-22 23:00:00,25.155159986943968,7.564777333333333,0.7955555555555556,16.908437377095584,0
2023-08-23 00:00:00,24.67833254197801,5.912513333333333,0.7525,18.542701188215617,0
2023-08-23 01:00:00,24.611586509083306,2.7699719999999997,0.7483333333333334,19.08265128642541,0
2023-08-23 02:00:00,25.25776114732577,0.9071253333333335,0.7727777777777778,19.6269806838224,0
2023-08-23 03:00:00,23.33906317675678,0.21058266666666667,0.7672222222222222,18.90365715877941,0
2023-08-23 04:00:00,21.847362518708135,3.272130666666667,0.7655555555555557,18.546190941776633,0
2023-08-23 05:00:00,23.672643726741583,3.8228853333333332,0.7461111111111111,18.14581569397507,0
2023-08-23 06:00:00,22.912628186170394,8.26132,0.7555555555555555,17.196761384342015,0
2023-08-23 07:00:00,25.104398991190887,17.607950666666667,0.8383333333333334,16.023627375635826,1
2023-08-23 08:00:00,23.02696133508881,18.709460000000004,1.0450000000000002,16.648145295569268,0
2023-08-23 09:00:00,22.925054215342353,17.964321333333334,1.1694444444444443,16.04854673544312,0
2023-08-23 10:00:00,23.864645411197483,15.777501333333333,1.065,15.444596794499432,0
2023-08-23 11:00:00,23.08404803474994,13.898456000000001,1.0094444444444444,17.954930433955713,0
2023-08-23 12:00:00,23.445029144854164,12.278589333333334,0.9294444444444444,17.440956605761652,0
2023-08-23 13:00:00,22.9727496904824,12.359582666666666,0.8927777777777778,17.703876126040047,0
2023-08-23 14:00:00,23.122786103590105,11.808828,0.9361111111111112,17.02023006960913,0
2023-08-23 15:00:00,21.989606112868113,10.529133333333332,0.9305555555555557,18.532743845521704,0
2023-08-23 16:00:00,23.487426656372417,9.038856000000001,0.895,18.36841517695704,0
2023-08-23 17:00:00,22.846032740948413,8.795876,0.8811111111111112,17.715305226563537,0
2023-08-23 18:00:00,22.678278653882046,9.96218,0.965,17.994166445093345,0
2023-08-23 19:00:00,23.494559004438685,9.703001333333335,0.8938888888888888,19.151440852144557,0
2023-08-23 20:00:00,23.498155749637068,9.362829333333334,0.8266666666666667,18.347978405319292,0
2023-08-23 21:00:00,24.3899456210262,7.127413333333333,0.75,18.158132667083677,0
2023-08-23 22:00:00,24.712506743860526,5.718129333333334,0.7233333333333333,18.65831359146102,0
2023-08-23 23:00:00,24.317327368410158,6.56046,0.6822222222222223,17.88683166028771,0
2023-08-24 00:00:00,25.266573204838522,7.208406666666666,0.6638888888888889,18.790041893763327,0
2023-08-24 01:00:00,22.260389453063457,6.868234666666667,0.65,18.820288241406963,0
2023-08-24 02:00:00,24.60249817536781,7.9049493333333345,0.6627777777777778,17.259135419899092,0
2023-08-24 03:00:00,23.86397491591166,9.281836,0.6527777777777778,17.620634166293915,0
2023-08-24 04:00:00,24.03533358238458,9.508617333333335,0.6605555555555556,17.86644908672586,0
2023-08-24 05:00:00,23.231281382759093,10.010776,0.668888888888889,18.711142362537057,0
2023-08-24 06:00:00,23.961851502079202,10.3412288,0.6763333333333333,16.84395036762428,0
2023-08-24 07:00:00,24.108734201813856,10.512934666666666,0.7127777777777777,16.894344746502636,0
2023-08-24 08:00:00,22.013358387574495,10.480537333333332,0.7155555555555555,16.210899326682277,0
2023-08-24 09:00:00,24.331077062114186,10.44814,0.7305555555555555,17.324053510904633,0
2023-08-24 10:00:00,22.195178553044183,10.739716,0.7555555555555555,18.930011057836357,0
2023-08-24 11:00:00,24.758881887278136,11.533450666666667,0.785,17.957494913364354,0
2023-08-24 12:00:00,22.980112084340373,12.229993333333333,0.8211111111111111,17.79918865209276,0
2023-08-24 13:00:00,25.52989605327566,12.651158666666667,0.8722222222222222,17.87398186365803,0
2023-08-24 14:00:00,23.732209512428582,13.817462666666666,0.9055555555555556,14.572082313132364,0
2023-08-24 15:00:00,23.22463529787873,13.169516000000002,0.9355555555555556,16.921002799062375,0
2023-08-24 16:00:00,23.445698226833077,12.975132,0.9316666666666666,18.128639785206868,0
2023-08-24 17:00:00,21.602343851243532,12.068006666666667,0.9444444444444443,17.014886496829288,0
2023-08-24 18:00:00,22.346006232611273,11.420060000000001,0.9383333333333334,17.278738857963138,0
2023-08-24 19:00:00,23.283077951713675,12.165198666666667,0.915,17.78480767077584,0
2023-08-24 20:00:00,22.573201413894314,13.606880000000002,0.9322222222222223,17.580373724041163,0
2023-08-24 21:00:00,22.63742518809097,14.303422666666668,0.9677777777777777,17.57479983519337,1
2023-08-24 22:00:00,24.958211590247874,13.979449333333335,1.0405555555555555,17.692209282913872,0
2023-08-24 23:00:00,25.548874495974292,14.368217333333334,1.1044444444444446,17.13701127970538,0
2023-08-25 00:00:00,23.955303359494064,13.558284,1.1583333333333332,17.802328382369883,0
2023-08-25 01:00:00,25.4356473134897,14.530204,1.1516666666666666,16.404345262024357,0
2023-08-25 02:00:00,24.792018962300062,15.631713333333332,1.318888888888889,17.95699701742149,1
2023-08-25 03:00:00,25.026141030219925,19.1857008,1.3493333333333335,17.142165834296257,0
2023-08-25 04:00:00,25.538316809622703,19.891962666666668,1.4666666666666668,16.27703687797084,0
2023-08-25 05:00:00,23.529586503821566,17.202984,1.42,15.774482521661293,0
2023-08-25 06:00:00,23.888786977917587,15.210548000000001,1.3505555555555555,17.39594487370796,1
2023-08-25 07:00:00,21.584529239569207,14.384416,1.3366666666666667,16.620153462724872,0
2023-08-25 08:00:00,22.618298460656884,13.185714666666668,1.2855555555555556,16.71747915948924,0
2023-08-25 09:00:00,23.64689530916831,16.538838666666667,1.2816666666666667,16.9998104074824,0
2023-08-25 10:00:00,21.51217601932436,15.291541333333333,1.2883333333333333,17.97856184637026,0
2023-08-25 11:00:00,23.133291518680455,15.194349333333333,1.3194444444444444,16.45061695760956,0
2023-08-25 12:00:00,23.686030801213644,14.254826666666666,1.3061111111111112,17.628027709561746,0
2023-08-25 13:00:00,25.706355790920103,15.728905333333332,1.3827777777777779,15.886921430592688,0
2023-08-25 14:00:00,22.188347803302843,11.954616000000001,1.365,18.056429166508796,0
2023-08-25 15:00:00,26.84732776293796,15.259144000000001,1.3294444444444444,16.87093871779048,0
2023-08-25 16:00:00,22.926295625071692,17.688944,1.4455555555555557,17.278440163342534,0
2023-08-25 17:00:00,21.799690444206316,16.295858666666668,1.4733333333333334,17.249326335102268,1
2023-08-25 18:00:00,25.302426623608778,18.48267866666667,1.4644444444444444,16.16943145040488,0
2023-08-25 19:00:00,22.139417559718648,18.693261333333336,1.6166666666666665,16.52731563142815,0
2023-08-25 20:00:00,27.129893457471727,19.389804,1.723888888888889,17.17708615202071,1
2023-08-25 21:00:00,23.597585885986362,18.207301333333334,1.7555555555555555,15.018494826108432,1
2023-08-25 22:00:00,23.50222961858549,17.0086,1.7394444444444446,17.147383022595232,0
2023-08-25 23:00:00,24.33729068395529,15.453527999999999,1.5811111111111111,17.22301346973519,0
2023-08-26 00:00:00,25.670011220144776,12.100404,1.47,16.911816634076768,0
2023-08-26 01:00:00,25.77548630174965,10.140365333333333,1.4633333333333332,18.22142238063225,0
2023-08-26 02:00:00,22.04265268942882,9.47622,1.4655555555555555,17.583272452400177,0
2023-08-26 03:00:00,21.448923036212737,9.298034666666666,1.4727777777777777,17.09045244964498,0
2023-08-26 04:00:00,24.0823408420442,10.545332,1.4799999999999998,18.221137359285816,1
2023-08-26 05:00:00,24.779198756608555,10.464338666666666,1.4938888888888888,18.146275312288193,0
2023-08-26 06:00:00,24.371588786751868,10.626325333333332,1.4649999999999999,17.891270415361994,0
2023-08-26 07:00:00,23.021255401236814,9.298034666666668,1.4833333333333334,18.56794398490622,0
2023-08-26 08:00:00,24.06028153252404,7.418989333333333,1.4388888888888889,17.358979590284058,0
2023-08-26 09:00:00,20.67568392998709,5.539943999999999,1.4305555555555554,18.483776261328632,0
2023-08-26 10:00:00,22.99205538963375,2.9805546666666665,1.4172222222222224,18.577159740679186,0
2023-08-26 11:00:00,22.042450704191975,1.9924360000000003,1.4055555555555557,18.38887970289043,0
2023-08-26 12:00:00,24.357849088497165,3.207336,1.3733333333333333,18.88569753687408,0
2023-08-26 13:00:00,22.876870756202006,5.847718666666666,1.3744444444444446,17.845625242524147,0
2023-08-26 14:00:00,23.79575454675781,11.031292,1.3405555555555555,17.931133227067882,0
2023-08-26 15:00:00,21.252407023269583,12.132801333333333,1.2822222222222222,18.651064779693296,0
2023-08-26 16:00:00,23.068370501893323,11.711636,1.2366666666666666,18.174296585670685,0
2023-08-26 17:00:00,22.235475502677417,9.492418666666667,1.2294444444444446,18.159941442646595,0
2023-08-26 18:00:00,23.018998754168027,6.252685333333333,1.222222222222222,18.65879823912848,0
2023-08-26 19:00:00,22.471449909894137,3.7742893333333334,1.265,18.72015684975394,0
2023-08-26 20:00:00,22.641491979293676,5.572341333333333,1.1577777777777778,19.699161709149518,0
2023-08-26 21:00:00,23.19684350833552,5.394156,1.202222222222222,18.66102937632996,0
2023-08-26 22:00:00,22.87929956356007,4.114461333333334,1.2544444444444445,17.784699353098752,0
2023-08-26 23:00:00,21.559191949174807,3.0939453333333335,1.1627777777777777,18.013031109398717,0
2023-08-27 00:00:00,22.24758229744005,0.291576,1.1494444444444445,19.43295130353707,0
2023-08-27 01:00:00,22.875215625388563,0.16198666666666667,1.1883333333333332,19.65592420968201,0
2023-08-27 02:00:00,23.441686119622506,0.42116533333333334,1.1405555555555555,19.284859256991066,0
2023-08-27 03:00:00,24.35056088007136,2.5593893333333333,1.223888888888889,19.097162224071806,0
2023-08-27 04:00:00,25.389895255924866,4.665216,1.2394444444444443,18.113584641152297,0
2023-08-27 05:00:00,25.0095459306665,4.8595999999999995,1.2066666666666668,18.22169811910596,0
2023-08-27 06:00:00,23.156669061547642,7.6457706666666665,1.155,17.702380200212087,0
2023-08-27 07:00:00,21.65568213070929,6.560459999999999,1.108888888888889,19.88675666688981,0
2023-08-27 08:00:00,24.003110729360696,7.516181333333333,1.0894444444444444,17.897140366810977,0
2023-08-27 09:00:00,24.730766265244934,9.638206666666667,1.1116666666666666,17.22353750716016,0
2023-08-27 10:00:00,24.812528555981526,8.034538666666666,1.0461111111111112,17.622186688396596,0
2023-08-27 11:00:00,26.135249038396562,8.115532,1.0083333333333333,18.717038202269478,0
2023-08-27 12:00:00,24.06230938664653,10.383345333333333,1.0166666666666666,18.901872721500037,0
2023-08-27 13:00:00,23.76896808530555,11.727834666666666,1.0066666666666666,17.691706015426316,0
2023-08-27 14:00:00,23.072520041466316,8.682485333333334,1.066111111111111,17.031149400802686,0
2023-08-27 15:00:00,24.78493016527465,9.168445333333333,1.0172222222222222,18.20517879987534,0
2023-08-27 16:00:00,24.535167682353975,7.337996,1.01,19.113115262207963,0
2023-08-27 17:00:00,23.69515769007403,5.4913479999999995,0.9900000000000001,18.467965640055166,0
2023-08-27 18:00:00,24.14747299422406,1.5226746666666668,0.9550000000000001,19.432809208661173,0
2023-08-27 19:00:00,24.9163921861652,0.6641453333333333,0.9305555555555555,18.12661289794001,0
2023-08-27 20:00:00,23.67733491992676,0.631748,0.9572222222222222,18.724563837542203,0
2023-08-27 21:00:00,21.722591659746836,7.791558666666667,0.9211111111111112,18.73866109450766,0
2023-08-27 22:00:00,23.882212438392276,8.164128,0.8822222222222221,18.0048405806323,0
2023-08-27 23:00:00,22.00900013630572,8.180326666666668,0.855,17.709441265354595,0
2023-08-28 00:00:00,24.237542164443695,6.544261333333334,0.8261111111111111,17.225449394552374,0
2023-08-28 01:00:00,24.5690304549602,6.0745,0.8450000000000001,18.33331051303423,0
2023-08-28 02:00:00,21.479009837496154,7.516181333333333,0.8577777777777778,18.070674804151633,0
2023-08-28 03:00:00,24.308280228281273,9.395226666666668,0.8744444444444445,18.00830518640247,0
2023-08-28 04:00:00,23.61940275257555,9.022657333333333,0.8922222222222222,18.913235421293606,0
2023-08-28 05:00:00,24.791979319066016,9.23324,0.875,18.265129282271094,0
2023-08-28 06:00:00,24.64254420598265,10.302351999999999,0.9094444444444445,18.199022840931804,0
2023-08-28 07:00:00,24.84057650335279,10.577729333333332,0.915,17.241212216616304,0
2023-08-28 08:00:00,23.65100147500279,11.452457333333333,0.9155555555555556,17.378585856695935,0
2023-08-28 09:00:00,22.400316299652417,12.958933333333334,0.9511111111111111,17.861781551802128,0
2023-08-28 10:00:00,23.105090370183742,11.533450666666667,0.9766666666666666,18.004464599823187,0
2023-08-28 11:00:00,23.598777034509865,11.290470666666666,0.9883333333333333,17.063723229244133,1
2023-08-28 12:00:00,22.81410021150239,11.744033333333334,1.001111111111111,19.083991885307224,0
2023-08-28 13:00:00,23.91959445886469,11.306669333333334,0.991111111111111,17.40273112106538,0
2023-08-28 14:00:00,23.790214647397974,12.715953333333333,1.0027777777777778,16.836464051668255,0
2023-08-28 15:00:00,23.53195636002559,12.991330666666665,1.0422222222222224,18.19347052940477,0
2023-08-28 16:00:00,25.35639160961111,10.674921333333332,1.1027777777777779,15.801369179198206,0
2023-08-28 17:00:00,23.241300598059464,11.209477333333334,1.1033333333333335,18.86993674397616,0
2023-08-28 18:00:00,24.78538724113127,11.873622666666668,1.1572222222222222,18.147990488733544,0
2023-08-28 19:00:00,25.48269748543743,11.954616000000001,1.2194444444444443,17.571816808934763,0
2023-08-28 20:00:00,24.13283184345977,10.464338666666666,1.2366666666666666,18.066155671074938,0
2023-08-28 21:00:00,23.883122284331662,10.383345333333333,1.2505555555555556,18.33668251146413,0
2023-08-28 22:00:00,19.768385929199276,10.917901333333333,1.1994444444444443,18.152351678149824,0
2023-08-28 23:00:00,24.160236346673795,11.8768624,1.2256666666666667,17.645101424592717,0
2023-08-29 00:00:00,22.37138434738868,11.954616,1.1905555555555554,16.41625590140023,0
2023-08-29 01:00:00,22.997758879845026,11.403861333333333,1.235,17.261187950814154,0
2023-08-29 02:00:00,26.444317609193657,11.063689333333334,1.258888888888889,16.31424912475959,0
2023-08-29 03:00:00,22.963111936810197,10.302351999999999,1.2655555555555555,17.93561523965056,0
2023-08-29 04:00:00,23.597000239187206,10.156564,1.2683333333333333,17.465060336663196,0
2023-08-29 05:00:00,23.38916326148564,11.096086666666666,1.2572222222222222,17.46798985192157,0
2023-08-29 06:00:00,22.105435856203666,12.537768,1.265,18.47868750767587,0
2023-08-29 07:00:00,23.140085935327647,13.153317333333334,1.2661111111111112,17.65608675844779,0
2023-08-29 08:00:00,24.88268624224629,12.602562666666666,1.2366666666666666,18.98733350363726,0
2023-08-29 09:00:00,23.397418870123744,11.744033333333334,1.2272222222222222,16.762610013173088,0
2023-08-29 10:00:00,25.24252402492262,11.533450666666667,1.3577777777777778,18.55637253014006,0
2023-08-29 11:00:00,20.996005314330183,10.642524,1.3216666666666668,17.595690202551257,0
2023-08-29 12:00:00,23.66916116214554,11.160881333333334,1.2744444444444445,18.69826863435513,0
2023-08-29 13:00:00,22.249429380314513,11.241874666666668,1.3027777777777778,17.49428604666254,1
2023-08-29 14:00:00,22.924962999564215,10.124166666666667,1.36,17.622818540795723,0
2023-08-29 15:00:00,25.278197561727207,8.974061333333333,1.446111111111111,17.62880224608045,0
2023-08-29 16:00:00,23.570704723074115,9.184644,1.5161111111111112,18.83833320427652,0
2023-08-29 17:00:00,22.69410978310981,8.390909333333333,1.5777777777777777,19.019069212194875,0
2023-08-29 18:00:00,23.733148107250162,9.897385333333334,1.6916666666666667,18.32449039322422,0
2023-08-29 19:00:00,23.638857566584402,10.804510666666665,1.6872222222222222,16.45734543824717,0
2023-08-29 20:00:00,24.78434133211075,10.9438192,1.576,16.40827661785871,0
2023-08-29 21:00:00,27.292455111041605,11.112285333333332,1.7141666666666666,18.378654521352345,0
2023-08-29 22:00:00,23.717761556562227,9.411425333333334,1.6955555555555557,18.179359626960064,1
2023-08-29 23:00:00,22.64966686792609,8.714882666666666,1.8255555555555556,18.028957304500015,0
2023-08-30 00:00:00,23.187966469459017,8.309916,1.9005555555555553,17.4129866833703,0
2023-08-30 01:00:00,22.377908416295284,6.463267999999999,1.7244444444444442,17.524908853229665,0
2023-08-30 02:00:00,24.208016799472784,4.5356266666666665,1.5788888888888888,18.087430134246144,0
2023-08-30 03:00:00,22.910743128756284,2.607985333333333,1.6333333333333335,18.81303303392455,0
2023-08-30 04:00:00,22.99458683638308,0.0,1.56,19.515740008537627,0
2023-08-30 05:00:00,24.614820412855078,0.3725693333333333,1.5722222222222222,18.316187565671758,0
2023-08-30 06:00:00,24.435376193912152,2.8185680000000004,1.5727777777777778,19.170793989331585,0
2023-08-30 07:00:00,22.847228153081023,4.276447999999999,1.6055555555555554,18.361188602089086,0
2023-08-30 08:00:00,23.690184696025906,5.264566666666666,1.662222222222222,18.25057197869917,0
2023-08-30 09:00:00,23.692168997810004,6.9978240000000005,1.7244444444444447,17.458285473308766,0
2023-08-30 10:00:00,24.189619517562733,6.784001599999999,1.7853333333333332,18.309121532924088,0
2023-08-30 11:00:00,24.544985750212685,6.7062479999999995,1.805,18.73157979883885,0
2023-08-30 12:00:00,24.521897622701545,7.742962666666666,1.8777777777777775,18.869294549677942,0
2023-08-30 13:00:00,22.682345655216242,6.7224466666666665,1.835,17.43668505765375,0
2023-08-30 14:00:00,24.210857072996685,7.53238,1.8422222222222224,17.783755336322084,0
2023-08-30 15:00:00,24.0842229632617,7.127413333333334,1.7705555555555554,18.55165676109388,0
2023-08-30 16:00:00,24.055713836283534,6.754844000000001,1.7244444444444447,15.952852369376524,0
2023-08-30 17:00:00,21.100106334896847,1.3282906666666667,1.7750000000000001,19.61279666623521,0
2023-08-30 18:00:00,22.850993158739115,3.255932,1.836111111111111,19.565227361470917,0
2023-08-30 19:00:00,22.91798771018293,7.856353333333334,1.7516666666666667,19.309735682535514,0
2023-08-30 20:00:00,24.091254729046586,8.147929333333334,1.683888888888889,18.972176107049588,0
2023-08-30 21:00:00,22.393410883064377,9.395226666666668,1.6972222222222222,18.22510228692059,0
2023-08-30 22:00:00,24.439390356159105,9.411425333333334,1.6638888888888888,18.41745140077455,1
2023-08-30 23:00:00,23.374245556847594,8.083134666666668,1.4866666666666666,18.006062457618004,0
2023-08-31 00:00:00,22.296147825315966,6.852036000000001,1.4694444444444443,16.857141999169432,0
2023-08-31 01:00:00,22.326245514012765,9.427624,1.4366666666666665,17.44520707880564,0
2023-08-31 02:00:00,22.694133403978658,12.910337333333333,1.3655555555555556,18.200377049569763,1
2023-08-31 03:00:00,24.02231859523064,12.975132,1.3877777777777778,17.183653390565166,0
2023-08-31 04:00:00,22.02144602639075,14.627396,1.431111111111111,16.961236462626108,0
2023-08-31 05:00:00,26.141772041178996,15.728905333333332,1.4327777777777777,15.106683550710764,0
2023-08-31 06:00:00,23.817564079738286,17.850930666666667,1.4072222222222222,15.992164309004146,0
2023-08-31 07:00:00,23.22709877914993,17.81853333333333,1.4077777777777776,15.918350637061181,0
2023-08-31 08:00:00,20.771691093236225,19.713777333333333,1.4255555555555555,15.865264496384023,0
2023-08-31 09:00:00,20.609793291663166,20.005353333333336,1.4766666666666666,16.561667954529714,0
2023-08-31 10:00:00,25.234730056714437,19.195420000000002,1.505,16.19350118860426,0
2023-08-31 11:00:00,21.00912707180986,18.822850666666668,1.4994444444444444,15.644684852318747,0
2023-08-31 12:00:00,22.629627258001733,18.936241333333335,1.5827777777777776,15.874217912218699,0
2023-08-31 13:00:00,23.87072941108038,19.049632,1.6766666666666665,15.509976981784511,0
2023-08-31 14:00:00,22.655906122091974,17.348772,1.6444444444444446,15.90480370211173,0
2023-08-31 15:00:00,24.145846082825514,18.191102666666666,1.6055555555555554,15.516755495175353,0
2023-08-31 16:00:00,23.366289890793833,17.931924,1.6677777777777776,15.673891901705083,0
2023-08-31 17:00:00,22.55758156712572,16.101474666666665,1.5844444444444445,17.46914241168255,0
2023-08-31 18:00:00,22.69088396256438,16.376852,1.5444444444444443,16.49240104364633,0
2023-08-31 19:00:00,23.265093270607682,16.150070666666668,1.5266666666666666,15.989130715566773,1
2023-08-31 20:00:00,24.15585546390604,13.817462666666666,1.473888888888889,16.329321905010374,0
2023-08-31 21:00:00,23.015061586859463,11.274272000000002,1.4583333333333333,16.601889667641444,0
2023-08-31 22:00:00,23.889287314206552,8.844472,1.4238888888888888,17.707605265372226,0
2023-08-31 23:00:00,26.88998277275265,7.095016,1.4033333333333333,19.112761069894045,0
2023-09-01 00:00:00,20.055244174683335,5.799122666666666,1.4241666666666666,17.575751260401088,0
2023-09-01 01:00:00,20.815402946069387,4.082064,1.3844444444444444,19.024698070805986,0
2023-09-01 02:00:00,20.045939979130846,5.086381333333333,1.485,19.257350094584734,0
2023-09-01 03:00:00,20.438254765878472,14.465409333333335,1.6577777777777778,16.871008364911983,0
2023-09-01 04:00:00,19.355550110466268,18.239698666666666,1.8416666666666668,17.350767054854728,1
2023-09-01 05:00:00,19.22870641759581,17.73754,1.9972222222222225,16.340420229497628,0
2023-09-01 06:00:00,20.400314407907462,16.717024,1.982222222222222,16.80031376839528,0
2023-09-01 07:00:00,21.669662007928565,16.927606666666666,1.9227777777777775,16.946662075592283,1
2023-09-01 08:00:00,19.254292555320315,17.316374666666665,1.9033333333333333,16.383949039829115,1
2023-09-01 09:00:00,20.654752953387252,17.810434,1.8645833333333333,15.981819928285006,0
2023-09-01 10:00:00,20.8113658191489,16.74942133333333,1.8227777777777778,17.157415551243297,0
2023-09-01 11:00:00,20.39030286336764,15.971885333333333,1.9177777777777776,15.042512965032296,0
2023-09-01 12:00:00,20.499051571053315,14.481608,1.8577777777777778,18.014887982378553,0
2023-09-01 13:00:00,18.310992904446525,12.910337333333333,1.74,17.78640140534939,0
2023-09-01 14:00:00,19.052465425003856,12.715953333333333,1.846111111111111,18.9565645621178,0
2023-09-01 15:00:00,20.56469193842322,12.019410666666667,1.7572222222222222,18.22829796124763,0
2023-09-01 16:00:00,20.373791536447566,11.582046666666665,1.6994444444444445,17.941764476960294,1
2023-09-01 17:00:00,18.409100912506656,10.901702666666665,1.5616666666666668,18.112616950083652,0
2023-09-01 18:00:00,21.295576788435373,8.228922666666666,1.638888888888889,17.994971125754986,0
2023-09-01 19:00:00,22.173296626325353,8.455703999999999,1.5350000000000001,17.89253374918545,0
2023-09-01 20:00:00,18.9913820115757,8.876869333333334,1.5305555555555557,18.697856742095013,0
2023-09-01 21:00:00,21.011157755657717,9.055054666666669,1.5927777777777778,17.34260074519371,0
2023-09-01 22:00:00,22.001190780750406,7.224605333333334,1.5,17.503202841380567,0
2023-09-01 23:00:00,20.82740469471886,6.852036000000001,1.4649999999999999,19.078840790629005,0
2023-09-02 00:00:00,19.511459449012566,6.625254666666667,1.4238888888888888,17.744547310699378,0
2023-09-02 01:00:00,20.10729855259399,6.949228000000001,1.3005555555555557,18.692785490721686,0
2023-09-02 02:00:00,20.16662107518571,4.406037333333333,1.2477777777777777,18.652485681592665,0
2023-09-02 03:00:00,20.985572559508494,3.693296,1.23,19.244012960529275,0
2023-09-02 04:00:00,20.823097653054766,2.5755879999999998,1.2233333333333334,19.035155128537216,0
2023-09-02 05:00:00,19.55479441534599,2.3650053333333334,1.2072222222222222,18.85510734040348,0
2023-09-02 06:00:00,19.767498063460867,2.6565813333333335,1.2177777777777778,19.257076965499333,0
2023-09-02 07:00:00,20.797269598861202,3.4017199999999996,1.2555555555555555,18.655794665848628,0
2023-09-02 08:00:00,22.006478124995798,2.7861706666666666,1.285,18.95960068107115,0
2023-09-02 09:00:00,19.172191948809907,2.67278,1.2705555555555554,19.972982135195448,0
2023-09-02 10:00:00,19.264491763197615,3.1263426666666665,1.2572222222222222,18.122021810695077,0
2023-09-02 11:00:00,20.584543330789568,4.778606666666667,1.2394444444444443,19.187197748135695,0
2023-09-02 12:00:00,20.1630807312568,3.0453493333333337,1.1522222222222223,19.601785635210106,0
2023-09-02 13:00:00,19.034898326910444,5.394156,1.1294444444444445,18.516032163628132,0
2023-09-02 14:00:00,19.420637079695652,4.794805333333334,1.0405555555555557,19.379710764282255,0
2023-09-02 15:00:00,21.023203797638587,4.179256,1.0719444444444444,17.087119294873972,0
2023-09-02 16:00:00,20.172390366560936,5.475149333333333,1.0555555555555556,18.118086791962664,0
2023-09-02 17:00:00,22.270639873719215,6.3822746666666665,1.0183333333333333,19.13976740881409,0
2023-09-02 18:00:00,20.406942052957447,7.791558666666667,1.011111111111111,17.831951632018956,0
2023-09-02 19:00:00,21.34436133428923,10.318550666666667,1.0027777777777778,18.472640287045497,0
2023-09-02 20:00:00,16.82322759097148,11.857424,1.0027777777777778,16.730271419700337,0
2023-09-02 21:00:00,18.816768360277155,12.213794666666667,1.0716666666666668,15.559917005306735,0
2023-09-02 22:00:00,18.43323258163608,13.752668,1.1116666666666666,16.909650191594984,1
2023-09-02 23:00:00,19.961833441302797,14.902773333333334,1.1805555555555556,15.879524430650262,0
2023-09-03 00:00:00,19.997506169531814,15.469726666666666,1.2366666666666666,17.125320804179207,0
2023-09-03 01:00:00,20.885756855652463,15.631713333333332,1.2833333333333334,17.272241648247434,0
2023-09-03 02:00:00,19.978497142002904,15.275342666666667,1.3038888888888889,16.314260563331477,0
2023-09-03 03:00:00,20.013340660032636,15.30774,1.2461111111111112,16.4155968346882,1
2023-09-03 04:00:00,19.35240153552463,15.453527999999999,1.26,17.60148705563231,0
2023-09-03 05:00:00,20.209580482021675,15.437329333333333,1.2766666666666666,17.890549786716686,0
2023-09-03 06:00:00,19.392913452472083,13.590681333333334,1.2477777777777777,16.58405103507739,0
2023-09-03 07:00:00,18.39473974032352,13.930853333333333,1.202222222222222,16.41741309430365,0
2023-09-03 08:00:00,21.738041545907734,14.287224000000002,1.21,17.00798407905965,1
2023-09-03 09:00:00,22.21403610915068,12.894138666666668,1.28,18.02735674198769,0
2023-09-03 10:00:00,22.714757354607553,12.327185333333333,1.1855555555555555,17.036627051516117,0
2023-09-03 11:00:00,18.910222798293947,12.019410666666667,1.1372222222222221,17.447460871697754,0
2023-09-03 12:00:00,20.264740287535595,12.537768,1.1466666666666667,18.448783282979786,0
2023-09-03 13:00:00,20.83801850771398,11.808828,1.21,18.265565727700903,0
2023-09-03 14:00:00,19.089001643283513,11.290470666666666,1.1638888888888888,18.199718934523904,1
2023-09-03 15:00:00,19.02153806880501,9.346630666666666,1.1133333333333333,18.325282227576263,0
2023-09-03 16:00:00,20.304419116690756,8.358512,1.0761111111111112,17.432203384517923,0
2023-09-03 17:00:00,19.747023861718123,8.536697333333333,1.0333333333333334,18.083187999448842,0
2023-09-03 18:00:00,21.189284501250327,8.002141333333332,1.027777777777778,18.967564012547925,0
2023-09-03 19:00:00,21.512436048011356,7.418989333333333,0.9866666666666667,18.26419210143699,0
2023-09-03 20:00:00,18.822927068571335,9.978378666666666,0.9727777777777779,17.92028633701136,1
2023-09-03 21:00:00,19.638911761980886,10.707318666666666,0.9888888888888889,16.990716165576394,0
2023-09-03 22:00:00,21.698306841819996,9.638206666666667,1.0105555555555557,16.18904238393144,0
2023-09-03 23:00:00,18.45987731975101,7.872552,1.013888888888889,18.148347973791278,0
2023-09-04 00:00:00,19.273916360189524,6.187890666666667,0.9788888888888888,18.5015210423708,0
2023-09-04 01:00:00,19.577809699066126,4.017269333333334,1.031111111111111,19.05664342791286,0
2023-09-04 02:00:00,19.406372382854244,1.5712706666666667,1.028888888888889,18.31167704816386,0
2023-09-04 03:00:00,17.01739769383765,3.9200773333333334,0.9833333333333334,19.157653912303093,0
2023-09-04 04:00:00,21.886767765904896,3.1263426666666665,0.9866666666666667,19.737920550770195,0
2023-09-04 05:00:00,20.098563241862298,4.13066,1.011111111111111,19.178739482654716,0
2023-09-04 06:00:00,18.879420572414833,4.065865333333334,0.9700000000000001,19.05236720660745,0
2023-09-04 07:00:00,21.37146702065992,4.2278519999999995,1.0194444444444446,19.98940677175441,0
2023-09-04 08:00:00,19.667734190486843,3.9686733333333333,1.0977777777777777,19.70058041983147,0
2023-09-04 09:00:00,19.09531861955219,4.1954546666666666,1.0161111111111112,19.118674737873835,0
2023-09-04 10:00:00,20.38743808323888,4.325043999999999,1.0322222222222222,18.446499938174757,0
2023-09-04 11:00:00,20.74434429402277,4.8595999999999995,1.0366666666666668,18.507642736894073,0
2023-09-04 12:00:00,21.45990068286348,2.4136013333333333,1.0733333333333333,18.880732221103997,0
2023-09-04 13:00:00,18.705850614391938,1.0043173333333335,1.096111111111111,19.839577597104537,0
2023-09-04 14:00:00,19.43650849981996,1.0367146666666667,1.0608333333333333,18.709273634933783,0
2023-09-04 15:00:00,18.582576216581376,0.6479466666666668,1.0427777777777778,18.736848293248233,0
2023-09-04 16:00:00,21.482551871847395,4.632818666666666,1.0105555555555557,19.041951265760797,0
2023-09-04 17:00:00,20.917520336594958,5.183573333333333,0.9944444444444445,19.611961892721194,0
2023-09-04 18:00:00,18.60499771885036,4.308845333333333,0.9777777777777777,19.233407208439587,0
2023-09-04 19:00:00,19.211601916369506,2.381204,0.9302777777777779,18.70045535665117,0
2023-09-04 20:00:00,19.47631091066891,2.138224,0.92,19.116921402647307,0
2023-09-04 21:00:00,17.899973719419958,2.138224,0.9927777777777779,18.540878852878755,0
2023-09-04 22:00:00,19.374868541464206,2.138224,1.0605555555555555,19.141976293518344,0
2023-09-04 23:00:00,19.82016104694313,2.138224,1.0527777777777778,19.576508209169287,0
2023-09-05 00:00:00,20.7094565079685,2.138224,1.0733333333333335,19.053951872575578,0
2023-09-05 01:00:00,20.58395928035408,2.138224,1.151111111111111,19.14238970974836,1
2023-09-05 02:00:00,19.180388703822377,2.138224,1.2772222222222223,19.40761884897764,0
2023-09-05 03:00:00,20.20530359392674,2.138224,1.2922222222222224,19.11598127839879,0
2023-09-05 04:00:00,19.10978588092607,2.138224,1.4077777777777778,19.25355553936363,0
2023-09-05 05:00:00,22.318285851361978,2.138224,1.3972222222222221,18.87915249278395,0
2023-09-05 06:00:00,22.07095566966287,2.138224,1.4405555555555558,18.468509921655865,0
2023-09-05 07:00:00,19.158474847950895,2.138224,1.462777777777778,19.31607883508319,0
2023-09-05 08:00:00,18.63875303509357,2.138224,1.461111111111111,18.88103653250513,0
2023-09-05 09:00:00,18.145277885772778,2.138224,1.5333333333333332,19.029863506074168,0
2023-09-05 10:00:00,18.475940374175803,2.138224,1.5566666666666666,19.3146145314746,0
2023-09-05 11:00:00,20.307039673591216,2.138224,1.415,19.749483883820474,0
2023-09-05 12:00:00,19.938117156577537,2.138224,1.4833333333333334,19.387638916092445,0
2023-09-05 13:00:00,21.086825634498517,2.138224,1.4005555555555553,18.77350694953517,0
2023-09-05 14:00:00,19.764078574875352,2.138224,1.2683333333333333,19.599062461480635,0
2023-09-05 15:00:00,20.2119149531936,2.138224,1.221111111111111,19.88726606282543,0
2023-09-05 16:00:00,19.69112177749348,2.138224,1.1316666666666666,18.14150001609295,0
2023-09-05 17:00:00,20.517695010467985,2.138224,1.1733333333333331,19.01180512683659,0
2023-09-05 18:00:00,20.782709523851576,2.138224,1.136111111111111,19.801479954704167,0
2023-09-05 19:00:00,18.74685587123068,2.138224,1.0305555555555557,18.77655079813997,0
2023-09-05 20:00:00,19.83784545558235,2.138224,1.0922222222222222,18.49315955705155,0
2023-09-05 21:00:00,20.37340330099644,2.138224,1.0797222222222222,18.543225370375357,0
2023-09-05 22:00:00,20.229154915911536,2.138224,1.0316666666666667,18.817781184833787,0
2023-09-05 23:00:00,19.676627700933476,2.138224,1.0916666666666666,17.993431290844267,0
2023-09-06 00:00:00,20.424067889671417,2.138224,1.1488888888888888,18.56847314829093,0
2023-09-06 01:00:00,20.414523939595327,2.138224,1.1127777777777779,19.264121207281867,0
2023-09-06 02:00:00,19.872727985717006,2.138224,1.1199999999999999,19.271175191223453,0
2023-09-06 03:00:00,20.585672110510057,2.138224,1.0361111111111112,19.104608414151752,0
2023-09-06 04:00:00,21.163290727613315,2.138224,1.0344444444444445,18.284148953269696,0
2023-09-06 05:00:00,20.474709131571323,2.138224,0.9772222222222222,19.659657208390346,0
2023-09-06 06:00:00,19.854959612556154,2.138224,0.9238888888888889,18.843500751793027,0
2023-09-06 07:00:00,19.13213482286749,2.138224,0.9122222222222223,18.966630005145657,0
2023-09-06 08:00:00,21.711481146819846,2.138224,0.9522222222222223,18.61587971556182,0
2023-09-06 09:00:00,21.24344260939855,2.138224,0.8933333333333334,19.115105857930427,0
2023-09-06 10:00:00,19.51850204215683,2.138224,0.86,17.85055711226916,0
2023-09-06 11:00:00,18.996599010574318,2.138224,0.8633333333333333,18.07383320948439,0
2023-09-06 12:00:00,20.740648438096255,2.138224,0.8238888888888889,18.596462408705918,0
2023-09-06 13:00:00,18.738598913815206,2.138224,0.7661111111111111,18.67591252906571,0
2023-09-06 14:00:00,18.077402663663648,2.138224,0.7877777777777778,19.505931584650792,0
2023-09-06 15:00:00,18.450161438990545,2.138224,0.7622222222222222,18.319315657035066,0
2023-09-06 16:00:00,20.408873869252922,2.138224,0.6877777777777778,19.734515626480835,0
2023-09-06 17:00:00,19.77532436497424,2.138224,0.7605555555555555,18.573754326549466,0
2023-09-06 18:00:00,19.718592288859583,2.138224,0.7216666666666667,19.801038526884295,0
2023-09-06 19:00:00,22.42210117327079,2.138224,0.7111111111111111,19.14847397715359,0
2023-09-06 20:00:00,18.71034557686495,2.138224,0.6761111111111111,19.07010134607511,0
2023-09-06 21:00:00,20.350130354847142,2.138224,0.6894444444444444,19.392086798659715,0
2023-09-06 22:00:00,20.21986585686326,2.138224,0.721111111111111,19.41443876131258,0
2023-09-06 23:00:00,20.797693312078607,2.138224,0.6805555555555557,18.405508907798136,0
2023-09-07 00:00:00,17.655729123562427,2.138224,0.6472222222222223,18.51311913905246,0
2023-09-07 01:00:00,18.0092680166716,2.138224,0.6561111111111111,19.12979764910619,0
2023-09-07 02:00:00,21.455419079466576,2.138224,0.7244444444444444,18.13145605054563,0
2023-09-07 03:00:00,17.78780139596339,2.138224,0.75,19.562480688021452,0
2023-09-07 04:00:00,20.039782501007004,2.138224,0.7333333333333334,19.04542754854509,0
2023-09-07 05:00:00,20.423756456338023,2.138224,0.7361111111111112,18.247759154633915,0
2023-09-07 06:00:00,21.270074320923225,2.138224,0.721111111111111,19.698553346879706,0
2023-09-07 07:00:00,19.780922294022982,2.138224,0.7105555555555555,19.53551039104616,0
2023-09-07 08:00:00,22.822343387604576,2.138224,0.6211111111111111,19.958171779614634,0
2023-09-07 09:00:00,22.768734839019654,2.138224,0.6433333333333333,18.882854951811826,0
2023-09-07 10:00:00,19.86067226495893,2.138224,0.6194444444444445,18.434536331400235,0
2023-09-07 11:00:00,20.318349637059125,2.138224,0.5916666666666667,19.49044176733716,0
2023-09-07 12:00:00,19.556189578095367,2.138224,0.5655555555555556,18.754323973194442,0
2023-09-07 13:00:00,20.721962113120174,2.138224,0.5488888888888889,18.22116139801059,0
2023-09-07 14:00:00,20.18575871888707,2.138224,0.5888888888888889,18.606257625917355,0
2023-09-07 15:00:00,21.389472460500542,2.138224,0.58,18.93651034003314,0
2023-09-07 16:00:00,20.33609907199349,2.138224,0.5744444444444444,19.577574576879343,0
2023-09-07 17:00:00,20.10804295092357,2.138224,0.5761111111111111,18.88618227254404,0
2023-09-07 18:00:00,21.476482470960335,2.138224,0.5983333333333333,18.28276023774869,0
2023-09-07 19:00:00,20.112013946183687,2.138224,0.5344444444444444,19.76962925050964,0
2023-09-07 20:00:00,20.816294050123847,2.138224,0.5505555555555556,18.94842486224319,0
2023-09-07 21:00:00,18.73021285717086,2.138224,0.55,18.440385498382142,0
2023-09-07 22:00:00,19.30137592590645,2.138224,0.5316666666666667,18.30947579333728,0
2023-09-07 23:00:00,17.932358533769953,2.138224,0.4916666666666667,19.504641700855817,0
2023-09-08 00:00:00,20.29713009884875,2.138224,0.5283333333333333,19.237884910218966,0
2023-09-08 01:00:00,20.45450984799698,2.138224,0.5494444444444444,19.077987365919363,0
2023-09-08 02:00:00,20.342384859229753,2.138224,0.5927777777777777,18.910890683316985,0
2023-09-08 03:00:00,18.969637361914,2.138224,0.5883333333333333,19.356450257334284,0
2023-09-08 04:00:00,20.49877755416926,2.138224,0.638888888888889,19.69832807363772,0
2023-09-08 05:00:00,20.715715684520138,2.138224,0.6555555555555556,18.121724627265277,0
2023-09-08 06:00:00,20.126603582470505,2.138224,0.6377777777777778,19.195861722801943,0
2023-09-08 07:00:00,21.916292623070248,2.138224,0.6305555555555555,18.79373939131383,0
2023-09-08 08:00:00,19.898521999220794,2.138224,0.6494444444444444,18.678952075497975,0
2023-09-08 09:00:00,20.83698001745347,2.138224,0.6255555555555555,19.129686137848754,0
2023-09-08 10:00:00,19.558637161274323,2.138224,0.6194444444444445,19.186591190516186,0
2023-09-08 11:00:00,18.301106095568922,2.138224,0.5994444444444444,19.10587016226508,0
2023-09-08 12:00:00,20.974422755197978,2.138224,0.6311111111111111,19.628354909088362,0
2023-09-08 13:00:00,20.709846896022448,2.138224,0.6533333333333333,18.60557981560711,0
2023-09-08 14:00:00,18.276565707559243,2.138224,0.6827777777777778,19.213567703823454,0
2023-09-08 15:00:00,19.479349977900018,2.138224,0.7288888888888888,19.55736617109762,0
2023-09-08 16:00:00,18.94203296281089,2.138224,0.7705555555555555,19.712150024964632,0
2023-09-08 17:00:00,19.65203142885917,2.138224,0.8316666666666667,18.628192092777514,0
2023-09-08 18:00:00,19.82422472217091,2.138224,0.8283333333333333,19.061267398405192,0
2023-09-08 19:00:00,19.834966187849027,2.138224,0.8533333333333334,19.288390714300085,0
2023-09-08 20:00:00,20.914712195991672,2.138224,0.9466666666666667,18.99231780737209,0
2023-09-08 21:00:00,21.73557032543194,2.138224,0.9438888888888889,18.112020143970007,0
2023-09-08 22:00:00,19.89629832957168,2.138224,0.938888888888889,18.89115997876768,0
2023-09-08 23:00:00,19.81733389792561,2.138224,0.8561111111111112,19.568106741231592,1
2023-09-09 00:00:00,18.498329687840084,2.138224,0.8111111111111112,18.652136553016604,0
2023-09-09 01:00:00,20.039255402543642,2.138224,0.8005555555555556,18.72944680745447,0
2023-09-09 02:00:00,20.18775430162412,2.138224,0.8116666666666666,19.272283102831675,0
2023-09-09 03:00:00,19.534773102402273,2.138224,0.7855555555555557,18.87540816986628,0
2023-09-09 04:00:00,20.169709643418386,2.138224,0.7583333333333333,19.14219020134861,0
2023-09-09 05:00:00,19.98713384679512,2.138224,0.7638888888888888,19.00423456779705,0
2023-09-09 06:00:00,18.905588069687195,2.138224,0.75,19.250268173375122,0
2023-09-09 07:00:00,20.976268482991074,2.138224,0.7311111111111112,18.896798319695748,0
2023-09-09 08:00:00,21.48077054563096,2.138224,0.7366666666666667,19.388703438859967,0
2023-09-09 09:00:00,21.055631471621265,2.138224,0.7072222222222222,19.729695134194586,0
2023-09-09 10:00:00,21.12134310350252,2.138224,0.7016666666666667,19.022737773284714,0
2023-09-09 11:00:00,18.755008483294237,2.138224,0.7055555555555556,19.426736408634984,0
2023-09-09 12:00:00,19.731674245599642,2.138224,0.7138888888888889,18.490617669445676,0
2023-09-09 13:00:00,19.418079641976497,2.138224,0.7133333333333333,18.536025094235647,0
2023-09-09 14:00:00,20.928828539328965,2.138224,0.6666666666666666,19.660670918569796,0
2023-09-09 15:00:00,19.076449018698444,2.138224,0.6577777777777778,18.689233258921124,0
2023-09-09 16:00:00,22.461824003487106,2.138224,0.6513333333333333,19.66633823399477,0
2023-09-09 17:00:00,19.649809610722773,2.138224,0.635,18.021341420627223,0
2023-09-09 18:00:00,21.445988755290433,2.138224,0.611111111111111,17.816618086562453,0
2023-09-09 19:00:00,20.915839380359568,2.138224,0.6288888888888889,18.34316484725934,0
2023-09-09 20:00:00,20.534557994363727,2.138224,0.62,18.579355502455225,0
2023-09-09 21:00:00,19.015962257237632,2.138224,0.611111111111111,18.780422427106554,0
2023-09-09 22:00:00,19.883413685602427,2.138224,0.6344444444444445,18.5811358881011,0
2023-09-09 23:00:00,18.24763286030361,2.138224,0.6427777777777778,18.387354576182062,0
2023-09-10 00:00:00,18.70361506008088,2.138224,0.605,18.978872123858647,0
2023-09-10 01:00:00,22.042306819965646,2.138224,0.6311111111111111,19.763192623977307,0
2023-09-10 02:00:00,21.5814829973811,2.138224,0.6305555555555555,18.769787507510074,0
2023-09-10 03:00:00,21.180357375809777,2.138224,0.66,19.139073499022,0
2023-09-10 04:00:00,18.21252473639616,2.138224,0.6744444444444445,19.32571429703646,0
2023-09-10 05:00:00,19.76289046797383,2.138224,0.668888888888889,19.270370804243182,0
2023-09-10 06:00:00,20.80680248017474,2.138224,0.6366666666666667,18.8439159454759,0
2023-09-10 07:00:00,18.982329059600897,2.138224,0.6222222222222222,19.203450756352915,0
2023-09-10 08:00:00,18.105831771478346,2.138224,0.6383333333333333,18.774394890017135,0
2023-09-10 09:00:00,21.1785026524878,2.138224,0.6433333333333334,19.90422559796453,0
2023-09-10 10:00:00,20.151047606987024,2.138224,0.6227777777777778,19.24379800283045,0
2023-09-10 11:00:00,21.10812176644556,2.138224,0.6475000000000001,18.821368118562322,0
2023-09-10 12:00:00,20.197775223399972,2.138224,0.6366666666666667,19.376314905706206,0
2023-09-10 13:00:00,18.308072905753413,2.138224,0.6,19.23276532924272,0
2023-09-10 14:00:00,21.520880681111375,2.138224,0.5805555555555555,19.72862620137028,0
2023-09-10 15:00:00,21.676537844494714,2.138224,0.5766666666666667,19.548359000865982,0
2023-09-10 16:00:00,20.982191600347225,2.138224,0.5750000000000001,18.732634670050746,0
2023-09-10 17:00:00,20.778905943279472,2.138224,0.571111111111111,18.269584623564885,0
2023-09-10 18:00:00,18.877530074177397,2.138224,0.6083333333333333,19.230650619309618,0
2023-09-10 19:00:00,19.809510125021205,2.138224,0.6122222222222222,19.247957593645037,0
2023-09-10 20:00:00,21.059880390763805,2.138224,0.6188888888888889,17.729452336040953,0
2023-09-10 21:00:00,20.884877606718764,2.138224,0.6311111111111111,19.57906700844724,0
2023-09-10 22:00:00,20.306515251536265,2.138224,0.6461111111111112,18.883499186884375,0
2023-09-10 23:00:00,20.47658864037311,2.138224,0.5944444444444444,19.041633047922428,0
2023-09-11 00:00:00,21.1141026719862,2.138224,0.5711111111111111,19.503523278546904,0
2023-09-11 01:00:00,19.857355243929252,2.138224,0.59,19.216531940486036,0
2023-09-11 02:00:00,19.334748699472133,2.138224,0.6155555555555555,19.18097211072625,0
2023-09-11 03:00:00,19.02427000980727,2.138224,0.6194444444444445,19.870922875038172,0
2023-09-11 04:00:00,19.009827539591758,2.138224,0.601111111111111,19.156402109440783,0
2023-09-11 05:00:00,18.429787915134096,2.138224,0.6211111111111111,18.129446055121136,0
2023-09-11 06:00:00,21.610744222459573,2.138224,0.665,19.574420370793433,0
2023-09-11 07:00:00,19.684942172765673,2.138224,0.6994444444444444,19.03047549536753,0
2023-09-11 08:00:00,20.893814041448277,2.138224,0.6855555555555556,19.174590812898348,0
2023-09-11 09:00:00,20.389337056764138,2.138224,0.726111111111111,19.8827906098282,0
2023-09-11 10:00:00,22.97917206185558,2.138224,0.8188888888888889,19.458795945350676,0
2023-09-11 11:00:00,18.656326612928613,2.138224,0.8255555555555555,19.087589054537712,0
2023-09-11 12:00:00,21.490511360249467,2.138224,0.861388888888889,18.169861932182986,0
2023-09-11 13:00:00,20.59203103406644,2.138224,0.9411111111111111,19.656797928863423,0
2023-09-11 14:00:00,18.968178267309895,2.138224,1.0455555555555556,19.345498997513765,0
2023-09-11 15:00:00,18.56002938257859,2.138224,1.0244444444444445,19.93188325715962,0
2023-09-11 16:00:00,19.60536496603817,2.138224,0.9411111111111111,18.201723973915836,0
2023-09-11 17:00:00,20.05788661669295,2.138224,1.0244444444444445,19.189517744533507,0
2023-09-11 18:00:00,20.991432292617834,2.138224,0.9888888888888889,19.54116408309623,0
2023-09-11 19:00:00,18.317940964423723,2.138224,0.9638888888888889,18.177487502603796,0
2023-09-11 20:00:00,18.896550552738177,2.138224,1.0222222222222221,17.690501394664825,0
2023-09-11 21:00:00,18.35325381744722,2.138224,1.0822222222222222,17.996403812440075,0
2023-09-11 22:00:00,19.563686775325234,2.138224,1.021111111111111,19.108096980683996,0
2023-09-11 23:00:00,19.823101505424184,2.138224,0.9705555555555555,19.216124334197495,0
2023-09-12 00:00:00,19.745636358889715,2.138224,0.9911111111111112,19.62839708823038,0
2023-09-12 01:00:00,20.75587563875545,2.138224,1.011111111111111,19.248173601737307,0
2023-09-12 02:00:00,21.450576303214564,2.138224,1.0488888888888888,19.31983027034968,0
2023-09-12 03:00:00,19.909156168576075,2.138224,0.9666666666666667,18.555455819615165,0
2023-09-12 04:00:00,18.957940037355534,2.138224,0.9116666666666666,18.460077649505248,0
2023-09-12 05:00:00,18.602882867541595,2.138224,0.8811111111111112,18.856238725682633,0
2023-09-12 06:00:00,18.929115543490614,2.138224,0.9466666666666667,18.79439871902782,0
2023-09-12 07:00:00,20.624102882911494,2.138224,0.9344444444444444,19.33448995311103,0
2023-09-12 08:00:00,20.337287112671238,2.138224,0.9222222222222222,19.73142291676462,0
2023-09-12 09:00:00,20.898798285677845,2.138224,0.9083333333333333,18.47053960260138,0
2023-09-12 10:00:00,21.942028567098394,2.138224,0.8761111111111112,18.913690695932114,0
2023-09-12 11:00:00,21.244643149304235,2.138224,0.9011111111111111,18.5111802503128,0
2023-09-12 12:00:00,19.365052315412772,2.138224,0.918888888888889,19.049404689137432,0
2023-09-12 13:00:00,20.050650123477414,2.138224,0.9022222222222221,18.380761340347423,0
2023-09-12 14:00:00,19.22720865450229,2.138224,0.9705555555555555,19.48051310887192,0
2023-09-12 15:00:00,19.441067850633118,2.138224,1.0238888888888888,19.4428069741688,0
2023-09-12 16:00:00,19.012554781721146,2.138224,0.9683333333333333,19.450401430349363,0
2023-09-12 17:00:00,22.951919446551244,2.138224,1.0233333333333334,19.645957119308516,0
2023-09-12 18:00:00,20.024914119310182,2.138224,0.9249999999999999,18.44226333397961,0
2023-09-12 19:00:00,22.109043499853936,2.138224,1.0216666666666667,19.006682408816392,0
2023-09-12 20:00:00,20.536870926609893,2.138224,0.9522222222222222,19.592524856834377,0
2023-09-12 21:00:00,21.431830268219855,2.138224,1.068888888888889,18.837695676255265,0
2023-09-12 22:00:00,20.957015012093255,2.138224,1.0233333333333332,19.506836862826834,0
2023-09-12 23:00:00,21.495423735020363,2.138224,1.0283333333333333,19.001350156412176,0
2023-09-13 00:00:00,20.68382957562704,2.138224,1.0716666666666665,19.178242610612443,0
2023-09-13 01:00:00,18.70796567899898,2.138224,1.15,19.849303034403604,0
2023-09-13 02:00:00,22.686373075864868,2.138224,1.1022222222222222,18.973372209385683,1
2023-09-13 03:00:00,20.99055613604757,2.138224,1.133888888888889,17.59162602313906,0
2023-09-13 04:00:00,20.708653036390185,2.138224,1.195,19.635788400400603,0
2023-09-13 05:00:00,19.652000253662568,2.138224,1.1783333333333332,19.622191550869907,0
2023-09-13 06:00:00,19.842704359913295,2.138224,1.3633333333333333,18.979883194993395,0
2023-09-13 07:00:00,18.394622369491746,2.138224,1.4716666666666667,19.107402448939798,0
2023-09-13 08:00:00,22.580234318928856,2.138224,1.3911111111111112,18.901164883961556,0
2023-09-13 09:00:00,17.855937989723156,2.138224,1.4088888888888889,19.26317370202599,0
2023-09-13 10:00:00,19.69916490699631,2.138224,1.5583333333333333,19.13978568146878,0
2023-09-13 11:00:00,19.11763197119623,2.138224,1.586111111111111,19.722480678369706,0
2023-09-13 12:00:00,20.269578560689602,2.138224,1.7033333333333331,19.378038042485517,0
2023-09-13 13:00:00,18.372231228422855,2.138224,1.7672222222222222,19.27974753533397,0
2023-09-13 14:00:00,20.076759850347283,2.138224,1.7288888888888891,18.790285442948473,0
2023-09-13 15:00:00,18.212696566310232,2.138224,1.778888888888889,18.716385148592796,0
2023-09-13 16:00:00,18.876526892488805,2.138224,1.7366666666666666,17.527153871646103,0
2023-09-13 17:00:00,19.66894515954455,2.138224,1.72,19.521980260515686,0
2023-09-13 18:00:00,19.24734757619181,2.138224,1.6944444444444444,18.85809812471851,0
2023-09-13 19:00:00,20.55507014013099,2.138224,1.5933333333333335,18.361213386902836,0
2023-09-13 20:00:00,20.504586419010604,2.138224,1.6777777777777778,19.185434515937207,0
2023-09-13 21:00:00,19.488937429824283,2.138224,1.7822222222222222,19.098871736417333,0
2023-09-13 22:00:00,19.635009204956525,2.138224,1.7366666666666666,18.640640197179128,0
2023-09-13 23:00:00,21.76786234613318,2.138224,1.7183333333333335,19.783852580619914,0
2023-09-14 00:00:00,18.3484355251373,2.138224,1.8633333333333333,18.842141947973374,0
2023-09-14 01:00:00,21.037958962461826,2.138224,1.8883333333333334,19.11610330770706,0
2023-09-14 02:00:00,18.594803780383348,2.138224,1.7527777777777775,18.70672319919785,0
2023-09-14 03:00:00,22.03768280821565,2.138224,1.7338888888888888,19.496473311433302,0
2023-09-14 04:00:00,18.866095475372845,2.138224,1.748,18.045360885450236,0
2023-09-14 05:00:00,20.389997183467113,2.138224,1.8027777777777778,17.816298749075248,0
2023-09-14 06:00:00,20.68118317074764,2.138224,1.8955555555555554,19.038330717284335,0
2023-09-14 07:00:00,20.228784918929453,2.138224,1.9127777777777777,18.65794426566789,0
2023-09-14 08:00:00,19.985588027756226,2.138224,1.9855555555555557,18.741327440317296,0
2023-09-14 09:00:00,20.786940427380227,2.138224,1.9483333333333333,18.94704297861664,0
2023-09-14 10:00:00,20.69252535503269,2.138224,2.0677777777777777,19.36370277786018,0
2023-09-14 11:00:00,19.204432756539447,2.138224,2.2194444444444446,19.493506559583974,0
2023-09-14 12:00:00,21.214179287810513,2.138224,2.2016666666666667,18.329051814427235,0
2023-09-14 13:00:00,18.41657723944814,2.138224,2.0577777777777775,19.118355396966617,0
2023-09-14 14:00:00,20.032967076689477,2.138224,2.107222222222222,19.181137656134336,0
2023-09-14 15:00:00,21.256385671291355,2.138224,2.0127777777777776,19.71306478325484,0
2023-09-14 16:00:00,17.302207119238755,2.138224,1.9994444444444444,18.867729800870336,0
2023-09-14 17:00:00,20.178095635084627,2.138224,2.0505555555555555,19.66198623683137,0
2023-09-14 18:00:00,20.610553147345062,2.138224,2.1555555555555554,19.87741167691324,0
2023-09-14 19:00:00,19.17834336971115,2.138224,2.2533333333333334,19.71605576770976,0
2023-09-14 20:00:00,21.798138992589028,2.138224,2.2994444444444446,19.10430908178215,0
2023-09-14 21:00:00,17.790128224026144,2.138224,2.241111111111111,19.426273827467515,0
2023-09-14 22:00:00,18.871732344007143,2.138224,2.411111111111111,19.401219134337804,0
2023-09-14 23:00:00,18.864895724204697,2.138224,2.3005555555555555,19.57197186835869,0
2023-09-15 00:00:00,20.706260798052,2.138224,2.2913888888888887,19.4298299381734,0
2023-09-15 01:00:00,19.735907495366884,2.138224,2.397222222222222,19.482119876359985,0
2023-09-15 02:00:00,19.477916015843373,2.138224,2.5644444444444443,19.463624031575815,0
2023-09-15 03:00:00,20.28467783802536,2.138224,2.547222222222222,19.14291306268604,0
2023-09-15 04:00:00,20.476790701541145,2.138224,2.5572222222222223,18.804507396659236,0
2023-09-15 05:00:00,19.635168254460822,2.138224,2.492777777777778,18.8111638171903,0
2023-09-15 06:00:00,22.460993510103847,2.138224,2.585,19.529219965255006,0
2023-09-15 07:00:00,22.04780200341902,2.138224,2.7216666666666662,18.829374063169542,0
2023-09-15 08:00:00,19.09725468950559,2.138224,2.7927777777777774,19.88771105622349,0
2023-09-15 09:00:00,20.984346223867004,2.138224,2.726111111111111,18.98522048899199,0
2023-09-15 10:00:00,17.96487296885188,2.138224,2.7577777777777777,18.51816058237019,0
2023-09-15 11:00:00,20.996735177558385,2.138224,2.9955555555555553,18.589384005688174,0
2023-09-15 12:00:00,20.637568093187117,2.138224,3.1238888888888887,18.79986029285346,0
2023-09-15 13:00:00,19.474143124866334,2.138224,2.9594444444444448,19.196968103244178,0
2023-09-15 14:00:00,20.470958584504913,2.138224,3.1727777777777777,19.40556271606533,0
2023-09-15 15:00:00,21.3289164000755,2.138224,2.7755555555555556,18.8638106765646,0
2023-09-15 16:00:00,19.968706674613014,2.138224,3.078888888888889,18.79253995301713,1
2023-09-15 17:00:00,20.597962075911106,2.138224,2.9150000000000005,19.401991713807384,0
2023-09-15 18:00:00,20.54129733730679,2.138224,2.9033333333333338,17.884098262793604,0
2023-09-15 19:00:00,19.13320292159072,2.138224,2.762777777777778,19.59637385001185,0
2023-09-15 20:00:00,20.419205128930987,2.138224,2.8572222222222226,18.82518591063036,0
2023-09-15 21:00:00,19.927494784292836,2.138224,2.861111111111111,18.018511232117888,0
2023-09-15 22:00:00,19.79956910969138,2.138224,2.8827777777777777,18.764359153198196,0
2023-09-15 23:00:00,19.475620016620994,2.138224,2.802222222222222,18.71252972018883,0
2023-09-16 00:00:00,18.866527335526744,2.138224,2.9250000000000003,19.195189374693506,0
2023-09-16 01:00:00,22.72431354106145,2.138224,2.763333333333333,19.154528746088506,0
2023-09-16 02:00:00,21.26305476272793,2.138224,2.638333333333333,18.124210465481998,0
2023-09-16 03:00:00,21.732853440143302,2.138224,2.517777777777778,19.263102054454517,0
2023-09-16 04:00:00,20.211622097539422,2.138224,2.58,19.089400922950002,0
2023-09-16 05:00:00,17.987021359900073,2.138224,2.5633333333333335,19.255699068891335,0
2023-09-16 06:00:00,17.384227301592787,2.138224,2.433333333333333,18.88317937961902,0
2023-09-16 07:00:00,19.78594044939846,2.138224,2.437222222222222,17.951565422346555,0
2023-09-16 08:00:00,21.006472297412653,2.138224,2.367777777777778,19.225455755478578,0
2023-09-16 09:00:00,21.698573594548083,2.138224,2.416111111111111,19.537311154849647,0
2023-09-16 10:00:00,19.242045383656134,2.138224,2.3594444444444442,18.14788444749739,0
2023-09-16 11:00:00,19.343485586428898,2.138224,2.2805555555555554,19.42380451547469,0
2023-09-16 12:00:00,19.879225158205,2.138224,2.196111111111111,18.538953049582588,0
2023-09-16 13:00:00,20.548619997848313,2.138224,1.9955555555555555,18.769458551173063,0
2023-09-16 14:00:00,22.78065185597377,2.138224,1.8466666666666667,19.01603683341258,0
2023-09-16 15:00:00,21.665244111478177,2.138224,1.7938888888888889,19.499211851862754,0
2023-09-16 16:00:00,19.844299722600603,2.138224,1.7516666666666667,19.331374849224314,0
2023-09-16 17:00:00,19.287945412586208,2.138224,1.7244444444444447,18.389302415079047,0
2023-09-16 18:00:00,21.30212635060691,2.138224,1.771111111111111,19.58362757827878,0
2023-09-16 19:00:00,17.950510770540774,2.138224,1.6116666666666666,19.052150900196683,0
2023-09-16 20:00:00,19.666733587157868,2.138224,1.4561111111111111,19.254541809407705,0
2023-09-16 21:00:00,18.287902193995976,2.138224,1.25,19.619906956742152,0
2023-09-16 22:00:00,21.561776485883666,2.138224,1.0794444444444444,19.598401457807242,0
2023-09-16 23:00:00,18.978578009196678,2.138224,0.975,18.594616315459472,0
2023-09-17 00:00:00,16.834924380703217,2.138224,0.883888888888889,19.437452757242657,0
2023-09-17 01:00:00,20.081938873053318,2.138224,0.8483333333333333,19.001346330127298,0
2023-09-17 02:00:00,21.596069137921457,2.138224,0.8394444444444445,19.297815529813786,0
2023-09-17 03:00:00,18.22552094499176,2.138224,0.8455555555555555,18.85964634109041,0
2023-09-17 04:00:00,22.511714944345965,2.138224,0.8861111111111111,18.406152311889063,0
2023-09-17 05:00:00,20.90617325311203,2.138224,0.8811111111111112,19.85430148648625,0
2023-09-17 06:00:00,23.74563068088557,2.138224,0.9033333333333333,20.0,0
2023-09-17 07:00:00,19.193080856049484,2.138224,0.9022222222222221,18.750137378667173,0
2023-09-17 08:00:00,22.084233421005433,2.138224,0.8813888888888889,19.656800514096076,0
2023-09-17 09:00:00,18.82721451966528,2.138224,0.8300000000000001,17.96850242378038,0
2023-09-17 10:00:00,19.75351945085571,2.138224,0.7855555555555557,17.727063539668666,0
2023-09-17 11:00:00,21.47611158056881,2.138224,0.7346666666666667,18.085551895730724,1
2023-09-17 12:00:00,17.940559837018217,2.138224,0.7627777777777779,19.12070475701815,0
2023-09-17 13:00:00,21.357027619332637,2.138224,0.745,18.268452715551287,0
2023-09-17 14:00:00,21.020653276356093,2.138224,0.6705555555555556,19.17224110133873,0
2023-09-17 15:00:00,20.903272459415295,2.138224,0.68,18.82901937911918,0
2023-09-17 16:00:00,20.307313274822814,2.138224,0.6855555555555556,19.457283797319263,0
2023-09-17 17:00:00,19.90015805414383,2.138224,0.6983333333333333,19.018612119572435,0
2023-09-17 18:00:00,19.457844391493577,2.138224,0.6988888888888889,19.030756941780755,0
2023-09-17 19:00:00,19.85758852914569,2.138224,0.6705555555555556,19.19618782677553,0
2023-09-17 20:00:00,20.031371580285178,2.138224,0.6422222222222222,19.238619121317193,0
2023-09-17 21:00:00,20.636138150177327,2.138224,0.6577777777777778,18.435242291244077,0
2023-09-17 22:00:00,21.366308964794786,2.138224,0.6561111111111112,19.06899099508784,0
2023-09-17 23:00:00,20.028675649959492,2.138224,0.696388888888889,18.92054465460153,0
2023-09-18 00:00:00,18.800147480213933,2.138224,0.7855555555555555,18.287600421999446,0
2023-09-18 01:00:00,19.645999562845304,2.138224,0.7833333333333333,18.461875519759634,0
2023-09-18 02:00:00,21.316711749605805,2.138224,0.8000000000000002,18.77759512264312,0
2023-09-18 03:00:00,19.038752557842784,2.138224,0.8155555555555556,19.40211730989816,0
2023-09-18 04:00:00,18.105930988272146,2.138224,0.8755555555555555,18.587111512059362,0
2023-09-18 05:00:00,21.958516790268845,2.138224,0.831111111111111,18.69622426550943,0
2023-09-18 06:00:00,19.736811332115504,2.138224,0.8088888888888889,19.245279497206308,0
2023-09-18 07:00:00,20.284634693646847,2.138224,0.798888888888889,19.738956643910853,0
2023-09-18 08:00:00,20.375241295234424,2.138224,0.8255555555555555,18.919844734982295,0
2023-09-18 09:00:00,19.220621277088167,2.138224,0.8711111111111111,19.69533322362743,0
2023-09-18 10:00:00,22.230307249979674,2.138224,0.9522222222222222,18.305907884096417,0
2023-09-18 11:00:00,18.49398971828538,2.138224,1.0705555555555557,19.90286562142484,0
2023-09-18 12:00:00,19.754497673831953,2.138224,1.0627777777777778,19.811664756561903,0
2023-09-18 13:00:00,17.06304854568507,2.138224,1.2005555555555556,19.048366630632753,0
2023-09-18 14:00:00,20.97548160460925,2.138224,1.27,19.13778949604391,0
2023-09-18 15:00:00,17.270944487496106,2.138224,1.1888888888888889,18.157751500267718,0
2023-09-18 16:00:00,20.690810984658658,2.138224,1.2750000000000001,18.678502957838024,0
2023-09-18 17:00:00,17.72096975117381,2.138224,1.1355555555555557,19.589036295692924,0
2023-09-18 18:00:00,19.354954720017865,2.138224,1.0255555555555556,19.68404319044353,0
2023-09-18 19:00:00,19.780989766620376,2.138224,1.02,18.769943249863584,0
2023-09-18 20:00:00,20.000830973246682,2.138224,1.4772222222222222,19.56037616825991,0
2023-09-18 21:00:00,20.07950575770845,2.138224,2.0322222222222224,19.740157712974845,0
2023-09-18 22:00:00,19.97360291570436,2.138224,2.0716666666666668,18.652577278921147,0
2023-09-18 23:00:00,20.683448208203,2.138224,2.0949999999999998,18.795413667367963,0
2023-09-19 00:00:00,19.20615893570277,2.138224,2.0477777777777777,18.255228903664655,0
2023-09-19 01:00:00,19.999049999388134,2.138224,2.107222222222222,18.764181396282755,0
2023-09-19 02:00:00,20.072227840276668,2.138224,2.008888888888889,18.117477100147717,0
2023-09-19 03:00:00,19.64260262953767,2.138224,1.9766666666666666,18.83215555633635,0
2023-09-19 04:00:00,17.911745674186637,2.138224,1.8622222222222222,19.086424666726437,0
2023-09-19 05:00:00,20.255849449449,2.138224,1.9166666666666667,19.075347650301897,0
2023-09-19 06:00:00,20.208162101679548,2.138224,1.9111111111111112,18.652160603440088,0
2023-09-19 07:00:00,19.653706487492748,2.138224,1.9561111111111111,19.283385945395715,0
2023-09-19 08:00:00,17.633440240985845,2.138224,1.9727777777777777,17.974067483963236,0
2023-09-19 09:00:00,20.96559637079234,2.138224,2.010555555555556,18.72356220532087,0
2023-09-19 10:00:00,20.76415737178175,2.138224,1.888888888888889,18.994374657866718,0
2023-09-19 11:00:00,22.40990332930583,2.138224,1.8688888888888888,18.429606788356082,0
2023-09-19 12:00:00,20.00906549811469,2.138224,1.6194444444444445,19.113433966637995,0
2023-09-19 13:00:00,20.64949670646543,2.138224,1.5272222222222223,19.361029850502817,0
2023-09-19 14:00:00,19.552949794353438,2.138224,1.5844444444444443,19.630321193113954,0
2023-09-19 15:00:00,21.266404592347463,2.138224,1.51,18.255398829322104,1
2023-09-19 16:00:00,21.216574940816724,2.138224,1.5155555555555555,17.831452415352416,0
2023-09-19 17:00:00,20.886861308330918,2.138224,1.4838888888888888,19.05292737837107,0
2023-09-19 18:00:00,21.502304977391386,2.138224,1.3944444444444446,18.294040005470723,0
2023-09-19 19:00:00,18.919814237084093,2.138224,1.3005555555555557,19.8031965213744,0
2023-09-19 20:00:00,19.984358500088497,2.138224,1.2616666666666667,18.61176659375681,0
2023-09-19 21:00:00,17.439928394356258,2.138224,1.208,18.965970950474702,0
2023-09-19 22:00:00,21.679224971516117,2.138224,1.1538888888888887,19.234083984208635,0
2023-09-19 23:00:00,20.55436023585699,2.138224,1.1255555555555554,18.648790256324517,0
2023-09-20 00:00:00,21.09111445775369,2.138224,1.1055555555555554,19.27881736050357,0
2023-09-20 01:00:00,19.57923423762305,2.138224,1.055,19.00357256926829,0
2023-09-20 02:00:00,18.742436215831944,2.138224,1.03,19.02386788910757,0
2023-09-20 03:00:00,18.777346761164512,2.138224,1.0061111111111112,18.63481264255217,0
2023-09-20 04:00:00,19.31081181996843,2.138224,0.9672222222222221,18.721149072493223,0
2023-09-20 05:00:00,20.179840730741283,2.138224,0.9783333333333334,19.582648195004364,0
2023-09-20 06:00:00,19.34331485276173,2.138224,0.956111111111111,18.94467314539209,0
2023-09-20 07:00:00,22.735641617768845,2.138224,0.9405555555555555,19.659041517837597,0
2023-09-20 08:00:00,21.23274595099699,2.138224,0.9038888888888889,18.688438468038985,0
2023-09-20 09:00:00,18.587121418474283,2.138224,0.8216666666666667,18.791223219872958,0
2023-09-20 10:00:00,17.241903217603124,2.138224,0.8116666666666666,19.346281093181272,0
2023-09-20 11:00:00,19.445856675985322,2.138224,0.7605555555555555,19.341624752132567,0
2023-09-20 12:00:00,20.259454088951628,2.138224,0.695,19.36245104335668,0
2023-09-20 13:00:00,20.11358983787682,2.138224,0.7011111111111111,18.523230630312458,0
2023-09-20 14:00:00,20.29727468791781,2.138224,0.68,18.98033219194331,0
2023-09-20 15:00:00,21.356719808102266,2.138224,0.6827777777777778,19.306008197988437,0
2023-09-20 16:00:00,19.572451254830764,2.138224,0.6699999999999999,18.67999893351907,0
2023-09-20 17:00:00,20.693772506468875,2.138224,0.6377777777777778,19.204401582766124,0
2023-09-20 18:00:00,22.58844640608883,2.138224,0.5944444444444444,18.5202579569841,0
2023-09-20 19:00:00,20.545205971698,2.138224,0.6244444444444445,18.576896618098026,0
2023-09-20 20:00:00,20.18684953986117,2.138224,0.6105555555555555,19.107743486309033,0
2023-09-20 21:00:00,16.56982165201333,2.138224,0.62,19.217561718598617,0
2023-09-20 22:00:00,20.383675039872784,2.138224,0.6483333333333333,18.576328964375165,0
2023-09-20 23:00:00,19.878551819022857,2.138224,0.6683333333333333,18.78744902866323,0
2023-09-21 00:00:00,19.752156603994177,2.138224,0.7072222222222222,19.19006138086746,0
2023-09-21 01:00:00,18.61330290014181,2.138224,0.7494444444444444,18.958288919605764,0
2023-09-21 02:00:00,20.864732193533456,2.138224,0.7633333333333333,19.97809209932849,0
2023-09-21 03:00:00,20.10523792059074,2.138224,0.7338888888888889,18.96078174335167,0
2023-09-21 04:00:00,17.789256021654783,2.138224,0.69,18.623515458226525,0
2023-09-21 05:00:00,21.076196285664132,2.138224,0.6677777777777778,19.71126090663798,0
2023-09-21 06:00:00,18.514740636262314,2.138224,0.6572222222222223,18.901068027446865,0
2023-09-21 07:00:00,21.759939270270024,2.138224,0.71,19.88389396608383,0
2023-09-21 08:00:00,18.840875252724164,2.138224,0.745,19.52048561792392,0
2023-09-21 09:00:00,21.477752325256102,2.138224,0.8722222222222222,19.530828218066834,0
2023-09-21 10:00:00,19.62272523636915,2.138224,1.018888888888889,19.56850979395658,0
2023-09-21 11:00:00,22.78766228112038,2.138224,1.1738888888888888,18.284043882724458,0
2023-09-21 12:00:00,17.345223084819633,2.138224,1.1094444444444445,19.297837869976043,0
2023-09-21 13:00:00,20.482549045777294,2.138224,1.0683333333333334,18.38342291503007,0
2023-09-21 14:00:00,22.7074256502366,2.138224,1.2433333333333334,18.43613214084515,0
2023-09-21 15:00:00,21.597890250957843,2.138224,1.195,19.491121645517524,0
2023-09-21 16:00:00,20.385590738790544,2.138224,1.1883333333333332,19.582932509681175,0
2023-09-21 17:00:00,20.092957012240962,2.138224,1.1672222222222224,18.761755716372576,0
2023-09-21 18:00:00,19.0448428996019,2.138224,1.1494444444444445,19.19215027591766,0
2023-09-21 19:00:00,19.96312550968454,2.138224,1.1383333333333332,19.7905380982816,0
2023-09-21 20:00:00,18.84243811530951,2.138224,1.1272222222222223,19.848922803050744,0
2023-09-21 21:00:00,20.82886552082009,2.138224,1.033888888888889,18.80363230380754,0
2023-09-21 22:00:00,20.92911106550591,2.138224,1.1827777777777777,19.920565783689902,0
2023-09-21 23:00:00,19.070675442791252,2.138224,1.0605555555555555,17.44485632232085,0
2023-09-22 00:00:00,21.272285745902078,2.138224,0.9683333333333334,18.876435099743006,0
2023-09-22 01:00:00,19.327021651736178,2.138224,0.9294444444444445,18.240227770106827,0
2023-09-22 02:00:00,19.74406361480428,2.138224,1.0383333333333333,19.229833451798836,0
2023-09-22 03:00:00,19.479153289634887,2.138224,0.9933333333333333,19.180791103996732,0
2023-09-22 04:00:00,19.829802397208084,2.138224,0.9644444444444443,18.296023375126786,0
2023-09-22 05:00:00,20.101731566181893,2.138224,0.9249999999999999,19.55333742579949,0
2023-09-22 06:00:00,19.311761669978605,2.138224,0.9594444444444444,19.611920329127894,0
2023-09-22 07:00:00,21.627744299400675,2.138224,0.9211111111111112,17.61810031122339,0
2023-09-22 08:00:00,19.709593561647587,2.138224,0.9688888888888889,19.104996248789288,0
2023-09-22 09:00:00,17.936430476104295,2.138224,1.0044444444444445,19.09605849652719,0
2023-09-22 10:00:00,18.211406264910362,2.138224,1.0844444444444445,19.45104572215823,0
2023-09-22 11:00:00,20.59257807784937,2.138224,1.0794444444444444,18.419571272516002,0
2023-09-22 12:00:00,22.173462233383002,2.138224,1.1494444444444445,19.226551197644458,0
2023-09-22 13:00:00,18.754755230984106,2.138224,1.2094444444444445,19.08314376313258,0
2023-09-22 14:00:00,22.91082419971491,2.138224,1.2533333333333332,19.253441272315342,0
2023-09-22 15:00:00,19.197871397993556,2.138224,1.4033333333333333,19.419238603075705,0
2023-09-22 16:00:00,20.560554412788967,2.138224,1.4266666666666665,18.54760114331044,0
2023-09-22 17:00:00,22.913011710726824,2.138224,1.5505555555555555,19.29030936031427,0
2023-09-22 18:00:00,17.435326293022776,2.138224,1.8694444444444445,18.92852133993298,0
2023-09-22 19:00:00,19.65445417643116,2.138224,1.9216666666666666,19.285669500660635,0
2023-09-22 20:00:00,19.850485180499657,2.138224,2.0772222222222223,17.61396131582193,0
2023-09-22 21:00:00,19.224063291399148,2.138224,2.1438888888888887,18.53976828688409,0
2023-09-22 22:00:00,19.424739660615348,2.138224,2.2177777777777776,19.084400646176725,0
2023-09-22 23:00:00,19.027346334620546,2.138224,2.422222222222222,19.52516479856195,0
2023-09-23 00:00:00,21.249734741706447,2.138224,2.465,17.984388492690414,0
2023-09-23 01:00:00,19.57998306974156,2.138224,2.4944444444444445,19.386727399849825,0
2023-09-23 02:00:00,20.452512768558922,2.138224,2.542222222222222,18.302634971752394,0
2023-09-23 03:00:00,19.24024464543596,2.138224,2.651111111111111,19.161782142865555,0
2023-09-23 04:00:00,21.18692041699223,2.138224,2.6916666666666664,18.44327252909874,0
2023-09-23 05:00:00,19.589367418065123,2.138224,2.8316666666666666,18.729407104791576,0
2023-09-23 06:00:00,21.99807688699769,2.138224,2.904444444444444,18.30680913526525,0
2023-09-23 07:00:00,21.672885163216154,2.138224,2.9988888888888887,19.047151226121667,0
2023-09-23 08:00:00,19.07348611285992,2.138224,3.363888888888889,19.33707242557539,0
2023-09-23 09:00:00,20.21120691226242,2.138224,3.341666666666667,19.320483451685657,0
2023-09-23 10:00:00,18.07750071044438,2.138224,3.4711111111111106,18.775009984551076,0
2023-09-23 11:00:00,20.069763608123935,2.138224,3.5644444444444443,19.762697068047785,0
2023-09-23 12:00:00,20.00964833336035,2.138224,3.6750000000000003,19.28765122594829,1
2023-09-23 13:00:00,20.386199140853446,2.138224,3.6833333333333336,19.07819724422005,0
2023-09-23 14:00:00,19.86663144975425,2.138224,4.054444444444445,19.256591135029442,1
2023-09-23 15:00:00,21.7305099207971,2.138224,4.017777777777778,19.315312956999882,0
2023-09-23 16:00:00,20.28718730848665,2.138224,4.165555555555556,19.704660473087234,0
2023-09-23 17:00:00,21.445869568366096,2.138224,4.187916666666667,19.072670305829728,0
2023-09-23 18:00:00,20.284982222227548,2.138224,4.322777777777778,17.747951400006162,0
2023-09-23 19:00:00,17.528130100475906,2.138224,4.325,18.500672762389158,0
2023-09-23 20:00:00,19.208757009592826,2.138224,4.358333333333333,19.04782815557307,0
2023-09-23 21:00:00,22.2532462805,2.138224,4.453,18.822232575897935,1
2023-09-23 22:00:00,22.620854804308117,2.138224,4.640666666666666,18.461840539482495,0
2023-09-23 23:00:00,19.265756825028742,2.138224,4.382777777777778,18.47264966008011,0
2023-09-24 00:00:00,19.155998894248818,2.138224,4.199583333333333,18.784304321122544,0
2023-09-24 01:00:00,20.70146702865127,2.138224,4.2027777777777775,19.511287812978054,0
2023-09-24 02:00:00,19.005361400881252,2.138224,4.180555555555555,18.656473049894416,0
2023-09-24 03:00:00,20.484482088844967,2.138224,3.957222222222222,18.31273512373838,1
2023-09-24 04:00:00,18.534691821356784,2.138224,3.979444444444445,18.427084517814727,0
2023-09-24 05:00:00,19.275767897333026,2.138224,3.973333333333333,18.77760866229561,0
2023-09-24 06:00:00,17.814981292410767,2.138224,3.986666666666667,19.189270441036268,0
2023-09-24 07:00:00,18.505638796479815,2.138224,3.803888888888889,18.898869262694177,0
2023-09-24 08:00:00,20.70056154865961,2.138224,3.6816666666666666,19.043573076771146,0
2023-09-24 09:00:00,20.487324502816417,2.138224,3.6927777777777777,19.268876890684325,0
2023-09-24 10:00:00,20.723448943266934,2.138224,3.7919444444444443,19.06594769962957,0
2023-09-24 11:00:00,17.79687775239516,2.138224,3.4766666666666666,18.847433172295354,0
2023-09-24 12:00:00,18.699169581588627,2.138224,3.6183333333333336,18.290915214259314,0
2023-09-24 13:00:00,19.010270165164766,2.138224,3.501111111111111,19.649568787241854,0
2023-09-24 14:00:00,22.641653280113605,2.138224,3.1683333333333334,19.28088745203138,0
2023-09-24 15:00:00,18.372104724417238,2.138224,2.99,19.049287347308976,0
2023-09-24 16:00:00,20.76926403701447,2.138224,3.026111111111111,18.52833088042253,0
2023-09-24 17:00:00,22.481245489529787,2.138224,2.811666666666667,18.95340087400505,0
2023-09-24 18:00:00,18.725723432099315,2.138224,2.841666666666667,18.907753312658116,0
2023-09-24 19:00:00,19.793356959811465,2.138224,2.7661111111111114,18.824476599493988,0
2023-09-24 20:00:00,18.505972609854137,2.138224,2.6438888888888887,19.210054433657472,0
2023-09-24 21:00:00,20.183291758820978,2.138224,2.4872222222222224,19.027993611197925,0
2023-09-24 22:00:00,20.60307939729637,2.138224,2.6333333333333333,19.154047629818866,0
2023-09-24 23:00:00,19.945308376485762,2.138224,2.6366666666666667,19.501645329852305,0
2023-09-25 00:00:00,20.327357299640763,2.138224,2.5166666666666666,19.113357631603268,0
2023-09-25 01:00:00,17.837638202007657,2.138224,2.535,17.942330797863278,0
2023-09-25 02:00:00,21.98926379282275,2.138224,2.3988888888888886,19.24542936094743,0
2023-09-25 03:00:00,20.62674561971696,2.138224,2.319444444444444,18.565061603547196,0
2023-09-25 04:00:00,21.48484393036156,2.138224,2.25,18.776037078498145,1
2023-09-25 05:00:00,18.478319538818816,2.138224,2.166111111111111,19.482982449583165,1
2023-09-25 06:00:00,20.22616524959407,2.138224,2.068888888888889,18.56833351425199,0
2023-09-25 07:00:00,19.384241976021546,2.138224,2.057777777777778,19.650113578570448,0
2023-09-25 08:00:00,21.012597505102974,2.138224,1.9911111111111113,18.657284339166736,1
2023-09-25 09:00:00,23.7264928896095,2.138224,1.9938888888888888,19.417282890536026,0
2023-09-25 10:00:00,21.32850774047792,2.138224,1.9772222222222222,18.382574453136954,0
2023-09-25 11:00:00,20.039109822916853,2.138224,1.8511111111111112,19.244731707942716,0
2023-09-25 12:00:00,21.295528646277607,2.138224,1.8755555555555556,18.799577746586206,0
2023-09-25 13:00:00,22.311501386757058,2.138224,1.806111111111111,18.805084202605876,0
2023-09-25 14:00:00,18.929268065300676,2.138224,1.7216666666666667,19.292837822918163,0
2023-09-25 15:00:00,18.8477635150091,2.138224,1.7305555555555554,18.514592442492027,0
2023-09-25 16:00:00,19.700223710810292,2.138224,1.6722222222222223,19.6980479897107,0
2023-09-25 17:00:00,20.89811249296169,2.138224,1.958888888888889,19.591485137738047,0
2023-09-25 18:00:00,21.36790254950023,2.138224,2.547222222222222,20.0,0
2023-09-25 19:00:00,20.979466234819387,2.138224,2.9408333333333334,18.684667488481328,0
2023-09-25 20:00:00,19.742107192709188,2.138224,3.2808333333333333,19.61076888520633,0
2023-09-25 21:00:00,20.866708640447417,2.138224,3.595,19.53783758625287,0
2023-09-25 22:00:00,19.316023613387703,2.138224,3.6705555555555556,18.784354928290778,0
2023-09-25 23:00:00,19.38730612552148,2.138224,3.771666666666667,18.441161676601713,0
2023-09-26 00:00:00,19.22935850210118,2.138224,3.365,19.618568965637753,0
2023-09-26 01:00:00,18.828594675235266,2.138224,3.4805555555555556,19.699845478210815,0
2023-09-26 02:00:00,18.5909401738546,2.138224,3.4196,19.200819644142555,1
2023-09-26 03:00:00,16.55904665421629,2.138224,3.49,17.17177638647774,1
2023-09-26 04:00:00,19.922555117465887,2.138224,3.4619999999999997,18.178995347930393,0
2023-09-26 05:00:00,15.669901873696823,2.138224,3.345555555555556,19.2869774054752,0
2023-09-26 06:00:00,19.467333133337394,2.138224,3.296666666666667,19.8375745512384,0
2023-09-26 07:00:00,19.133050029560344,2.138224,3.2994444444444446,19.85030506519929,0
2023-09-26 08:00:00,19.848742043130724,2.138224,3.1688888888888886,19.640585194485226,0
2023-09-26 09:00:00,18.873915722212157,2.138224,3.0572222222222223,19.6975610641578,0
2023-09-26 10:00:00,20.449136579697385,2.138224,3.008888888888889,18.63140805457475,0
2023-09-26 11:00:00,20.841709078554043,2.138224,3.133,19.178855421287743,0
2023-09-26 12:00:00,21.40338492852286,2.138224,3.118,19.578716083205038,0
2023-09-26 13:00:00,19.571410243929368,2.138224,3.1594444444444445,18.619239004367987,0
2023-09-26 14:00:00,20.769006246956163,2.138224,3.4233333333333333,18.552616951509528,0
2023-09-26 15:00:00,19.63626847354163,2.138224,3.5050000000000003,19.386993328938278,0
2023-09-26 16:00:00,20.728747642687043,2.138224,3.6444444444444444,19.812177975857065,1
2023-09-26 17:00:00,22.321378416711497,2.138224,3.526666666666667,18.68702459962465,0
2023-09-26 18:00:00,20.565019713872754,2.138224,3.732777777777778,19.848868333590445,1
2023-09-26 19:00:00,18.91808048136752,2.138224,3.5061111111111107,19.278336561007137,1
2023-09-26 20:00:00,21.871241512952153,2.138224,3.6694444444444443,19.128462959848097,0
2023-09-26 21:00:00,19.63516336445753,2.138224,3.436666666666667,19.835974001407116,0
2023-09-26 22:00:00,19.054358296691742,2.138224,3.3699999999999997,19.36614565252857,0
2023-09-26 23:00:00,19.17084427912891,2.138224,3.308611111111111,19.019523908027768,0
2023-09-27 00:00:00,20.37104526318,2.138224,3.0366666666666666,19.43228509147618,0
2023-09-27 01:00:00,19.002752960017165,2.138224,2.848888888888889,18.951947954493864,0
2023-09-27 02:00:00,19.87934430189419,2.138224,2.8366666666666664,19.49046231344139,0
2023-09-27 03:00:00,20.897957787088586,2.138224,2.8177777777777777,19.45767676357944,0
2023-09-27 04:00:00,20.591816908064136,2.138224,2.5305555555555554,18.26913932975749,0
2023-09-27 05:00:00,19.528571884588263,2.138224,2.4522222222222223,19.346310340331225,0
2023-09-27 06:00:00,20.447580825710276,2.138224,2.5383333333333336,18.690037390945225,0
2023-09-27 07:00:00,19.68799815018833,2.138224,2.5466666666666664,18.16097748258714,0
2023-09-27 08:00:00,18.902453868311003,2.138224,2.5705555555555555,19.070725842140906,0
2023-09-27 09:00:00,19.443517866919596,2.138224,2.5816666666666666,18.982884239215295,0
2023-09-27 10:00:00,19.435216399395042,2.138224,2.4783333333333335,18.1464644101146,0
2023-09-27 11:00:00,20.002615253313063,2.138224,2.497777777777778,19.631878722710187,0
2023-09-27 12:00:00,19.867002520243464,2.138224,2.6077777777777778,18.73359160839406,0
2023-09-27 13:00:00,20.408037006069986,2.138224,2.5544444444444445,18.662865766138108,0
2023-09-27 14:00:00,20.0519592987088,2.138224,2.5444444444444443,19.443068497723996,0
2023-09-27 15:00:00,20.38241829622109,2.138224,2.4322222222222223,19.561213155621754,0
2023-09-27 16:00:00,20.07753036735038,2.138224,2.363888888888889,18.447158412826102,0
2023-09-27 17:00:00,20.95034520194927,2.138224,2.2843333333333335,18.5863239915926,1
2023-09-27 18:00:00,19.81844839253201,2.138224,2.2533333333333334,19.527353929346507,0
2023-09-27 19:00:00,21.821422762636644,2.138224,2.201111111111111,19.287935335626035,0
2023-09-27 20:00:00,18.600785945256433,2.138224,2.1716666666666664,17.285574670780896,0
2023-09-27 21:00:00,20.23944913215547,2.138224,2.2116666666666664,19.507101101125595,0
2023-09-27 22:00:00,21.847813662472404,2.138224,2.1577777777777776,18.627926981439984,0
2023-09-27 23:00:00,18.48204631166126,2.138224,2.0866666666666664,18.36133882447769,0
2023-09-28 00:00:00,20.024494976208995,2.138224,2.1183333333333336,19.50664225856526,0
2023-09-28 01:00:00,19.433116103446032,2.138224,2.1222222222222222,19.419334131276333,1
2023-09-28 02:00:00,18.9506578515318,2.138224,2.0527777777777776,19.75593299511657,0
2023-09-28 03:00:00,22.086243378182132,2.138224,2.0622222222222217,18.619883066069868,0
2023-09-28 04:00:00,20.60718390702436,2.138224,2.1805555555555554,19.504732114376054,0
2023-09-28 05:00:00,20.338350884754693,2.138224,2.338888888888889,18.082734548319642,0
2023-09-28 06:00:00,20.256221241125584,2.138224,2.335555555555555,18.771993410494833,0
2023-09-28 07:00:00,19.263840236970122,2.138224,2.3755555555555556,19.151185077546767,0
2023-09-28 08:00:00,18.32004720533519,2.138224,2.3233333333333333,19.319094196577293,0
2023-09-28 09:00:00,19.074464281376617,2.138224,2.2516666666666665,19.320957690545075,0
2023-09-28 10:00:00,20.066488175568068,2.138224,2.25,18.58473961967719,0
2023-09-28 11:00:00,20.717014194063342,2.138224,2.1999999999999997,18.61191022991973,0
2023-09-28 12:00:00,22.205343664791997,2.138224,2.151666666666667,19.19011773541389,0
2023-09-28 13:00:00,19.72609677041753,2.138224,2.1122222222222224,19.3004388150772,0
2023-09-28 14:00:00,21.264837232164464,2.138224,2.0549999999999997,18.537704457036075,0
2023-09-28 15:00:00,21.2298955902594,2.138224,2.1633333333333336,19.92296584136898,0
2023-09-28 16:00:00,20.091699678949194,2.138224,2.2416666666666667,19.46402333796257,0
2023-09-28 17:00:00,18.267429384187352,2.138224,2.142666666666667,19.27747511108374,0
2023-09-28 18:00:00,20.56207083715775,2.138224,2.2933333333333334,19.48181918404486,0
2023-09-28 19:00:00,20.55705999471542,2.138224,2.470555555555556,18.812977266656485,0
2023-09-28 20:00:00,19.158991516506337,2.138224,2.4905555555555554,18.88864970828882,0
2023-09-28 21:00:00,19.989592777380565,2.138224,2.628888888888889,19.16894697014416,0
2023-09-28 22:00:00,21.780216348791075,2.138224,2.5383333333333336,18.526293463964475,0
2023-09-28 23:00:00,18.2399077113111,2.138224,2.4472222222222224,19.468393188664187,0
2023-09-29 00:00:00,19.681885912630545,2.138224,2.5105555555555554,18.53054417986661,0
2023-09-29 01:00:00,18.93422319808319,2.138224,2.507222222222222,19.232572650341947,0
2023-09-29 02:00:00,21.366865619677196,2.138224,2.588888888888889,18.874148065349058,0
2023-09-29 03:00:00,20.92790312809927,2.138224,2.5933333333333333,18.576986230859696,0
2023-09-29 04:00:00,18.547207047222596,2.138224,2.582222222222222,18.261783337465303,0
2023-09-29 05:00:00,22.855859193426216,2.138224,2.6394444444444445,19.14956937974378,0
2023-09-29 06:00:00,21.091980281618238,2.138224,2.598888888888889,19.087729563149246,0
2023-09-29 07:00:00,20.83578582659959,2.138224,2.6244444444444444,17.797414587919505,0
2023-09-29 08:00:00,21.825848533864402,2.138224,2.496111111111111,17.68188227180457,0
2023-09-29 09:00:00,20.392451612276485,2.138224,2.4155555555555552,19.36773253204844,0
2023-09-29 10:00:00,19.735031273121574,2.138224,2.5383333333333336,18.711911760179554,0
2023-09-29 11:00:00,22.339494084024423,2.138224,2.5227777777777773,18.093691994313094,1
2023-09-29 12:00:00,20.764731391504885,2.138224,2.4905555555555554,19.535558473663553,0
2023-09-29 13:00:00,19.7312681368909,2.138224,2.437777777777778,18.605904578410907,0
2023-09-29 14:00:00,20.613131217491013,2.138224,2.3283333333333336,19.706729256049773,0
2023-09-29 15:00:00,17.51485615156323,2.138224,2.247333333333333,18.159241857755692,0
2023-09-29 16:00:00,21.158826479424413,2.138224,2.277777777777778,19.433599228745997,0
2023-09-29 17:00:00,20.362170743476156,2.138224,2.2144444444444447,19.539188691759247,0
2023-09-29 18:00:00,18.2771929228785,2.138224,2.1966666666666668,19.480301192913753,0
2023-09-29 19:00:00,21.98139830864211,2.138224,2.2711111111111113,19.14932214057691,0
2023-09-29 20:00:00,19.116436746366478,2.138224,2.2183333333333333,18.997751637010136,0
2023-09-29 21:00:00,21.7467620461083,2.138224,2.2905555555555552,19.620284722931576,0
2023-09-29 22:00:00,19.2747275776343,2.138224,2.323888888888889,19.228596291790467,0
2023-09-29 23:00:00,20.824989407082416,2.138224,2.3566666666666665,19.28703905042429,0
2023-09-30 00:00:00,20.635845664497882,2.138224,2.3672222222222223,19.133841386706933,0
2023-09-30 01:00:00,18.73282884809507,2.138224,2.5738888888888893,19.113276106618333,0
2023-09-30 02:00:00,19.5212074357958,2.138224,2.6,19.79712494593788,0
2023-09-30 03:00:00,20.10308548631627,2.138224,2.5588888888888888,18.379620161584953,1
2023-09-30 04:00:00,18.098001219809372,2.138224,2.4294444444444445,18.66445205591449,0
2023-09-30 05:00:00,21.513428124597997,2.138224,2.510555555555556,19.511695058245895,0
2023-09-30 06:00:00,19.493119704772198,2.138224,2.2,18.42546032869175,0
2023-09-30 07:00:00,19.14745737104968,2.138224,2.119444444444444,18.592769952652684,0
2023-09-30 08:00:00,20.559504883483815,2.138224,1.9605555555555556,17.84710867540991,0
2023-09-30 09:00:00,20.760279345802175,2.138224,2.1277777777777778,19.403941702022475,0
2023-09-30 10:00:00,20.622928066267985,2.138224,1.9966666666666668,19.392595037551146,0
2023-09-30 11:00:00,20.817078358445468,2.138224,1.9544444444444444,17.770401200147912,0
2023-09-30 12:00:00,19.351666019866446,2.138224,1.9827777777777778,19.51007161553707,0
2023-09-30 13:00:00,22.506999668644028,2.138224,2.0783333333333336,19.123778885162267,0
2023-09-30 14:00:00,20.89469892907253,2.138224,2.1061111111111113,19.071881061257002,0
2023-09-30 15:00:00,20.808738229530803,2.138224,2.1844444444444444,19.139670555740057,0
2023-09-30 16:00:00,21.65772584828464,2.138224,2.1972222222222224,19.324426969665975,0
2023-09-30 17:00:00,20.155723056920575,2.138224,2.2116666666666664,18.76549317895393,0
2023-09-30 18:00:00,19.871579538833128,2.138224,2.2627777777777776,18.67422389270489,0
2023-09-30 19:00:00,19.70002752224146,2.138224,2.397222222222222,19.357390985994417,0
2023-09-30 20:00:00,18.714232333477685,2.138224,2.3072222222222223,19.38039482532886,0
2023-09-30 21:00:00,20.29591991391708,2.138224,2.242777777777778,19.976884048111376,0
2023-09-30 22:00:00,18.38097869767211,2.138224,2.3294444444444444,19.701666819951097,0
2023-09-30 23:00:00,22.146813394955515,2.138224,2.3477777777777775,17.712006355515502,0
2023-10-01 00:00:00,14.514270241030234,2.138224,2.3000000000000003,19.09900757903179,0
2023-10-01 01:00:00,14.440505271570828,2.138224,2.0194444444444444,19.695536163861373,0
2023-10-01 02:00:00,14.858040844555157,2.138224,1.9355555555555555,17.849683952704485,0
2023-10-01 03:00:00,12.509635016585092,2.138224,1.8694444444444445,19.473106390200662,0
2023-10-01 04:00:00,15.889216191747865,2.138224,1.8616666666666666,19.608254700442252,0
2023-10-01 05:00:00,13.673396775362562,2.138224,1.8461111111111113,17.310214866827902,0
2023-10-01 06:00:00,15.028731995067334,2.138224,1.875,17.570221430821956,0
2023-10-01 07:00:00,15.879457049574517,2.138224,1.8583333333333334,19.29454431417952,0
2023-10-01 08:00:00,14.402621600170464,2.138224,1.9577777777777776,19.461043524280214,0
2023-10-01 09:00:00,14.272603136120184,2.138224,1.9127777777777777,18.44422857659479,0
2023-10-01 10:00:00,12.744274593380192,2.138224,2.136111111111111,19.082227974990687,0
2023-10-01 11:00:00,11.256702614014175,2.138224,1.96,18.41301930567227,0
2023-10-01 12:00:00,15.143525546574063,2.138224,1.958888888888889,18.79783332434438,1
2023-10-01 13:00:00,14.420619401099218,2.138224,1.9183333333333332,19.35415517315165,0
2023-10-01 14:00:00,11.160373739548389,2.138224,1.9222222222222223,18.277733638305353,0
2023-10-01 15:00:00,14.812696400763457,2.138224,1.751111111111111,19.579342724668404,0
2023-10-01 16:00:00,15.020600605832934,2.138224,1.873888888888889,19.43906037152862,0
2023-10-01 17:00:00,16.104231764855488,2.138224,1.8416666666666668,19.231307806827314,0
2023-10-01 18:00:00,15.148718596136737,2.138224,1.7805555555555557,18.966141107029788,0
2023-10-01 19:00:00,14.601236069810005,2.138224,1.84,18.66568790746152,0
2023-10-01 20:00:00,12.450168810274732,2.138224,1.7772222222222223,19.880051832476422,0
2023-10-01 21:00:00,16.07317565045954,2.138224,1.6683333333333332,18.801363537910586,0
2023-10-01 22:00:00,16.166437170253825,2.138224,1.7194444444444443,19.49582694381301,0
2023-10-01 23:00:00,17.29688381693836,2.138224,1.5899999999999999,18.943528485677934,0
2023-10-02 00:00:00,16.29274068380155,2.138224,1.5061111111111112,19.362000297430686,0
2023-10-02 01:00:00,15.184987036003747,2.138224,1.4527777777777777,19.686710277117996,0
2023-10-02 02:00:00,14.653504352652261,2.138224,1.5166666666666666,18.903578229602484,0
2023-10-02 03:00:00,16.98869788695003,2.138224,1.4922222222222221,18.770439244586214,0
2023-10-02 04:00:00,17.066641227752076,2.138224,1.5911111111111111,18.98076669813754,0
2023-10-02 05:00:00,13.041955665894156,2.138224,1.6349999999999998,19.50879185909298,0
2023-10-02 06:00:00,13.885033451174225,2.138224,1.597777777777778,19.1759122230922,0
2023-10-02 07:00:00,14.518712776028778,2.138224,1.5866666666666667,18.216923371986407,0
2023-10-02 08:00:00,15.442242959685991,2.138224,1.6427777777777777,19.565925904067893,0
2023-10-02 09:00:00,16.528546365197982,2.138224,1.5438888888888889,19.559265458041537,0
2023-10-02 10:00:00,13.932538968747295,2.138224,1.4038888888888887,19.181470086112665,0
2023-10-02 11:00:00,16.23056891602397,2.138224,1.3122222222222224,18.863917427429136,0
2023-10-02 12:00:00,15.280550554690842,2.138224,1.27,18.115517742616046,0
2023-10-02 13:00:00,14.655442376149479,2.138224,1.2038888888888888,19.474223034032942,0
2023-10-02 14:00:00,13.75521776057334,2.138224,1.097222222222222,19.368570183557875,0
2023-10-02 15:00:00,13.866650624441206,2.138224,1.1027777777777779,19.77790419154292,0
2023-10-02 16:00:00,13.709095879693626,2.138224,1.028888888888889,19.47659858649718,0
2023-10-02 17:00:00,16.25976287960199,2.138224,1.0655555555555556,19.292958927255977,0
2023-10-02 18:00:00,12.930736672246356,2.138224,1.0566666666666666,17.679464226107104,0
2023-10-02 19:00:00,14.795747017192356,2.138224,1.1538888888888887,19.307787697778306,0
2023-10-02 20:00:00,13.53357699078199,2.138224,1.1466666666666667,18.61893343670845,0
2023-10-02 21:00:00,14.996468941789972,2.138224,1.0927777777777778,19.922722120152425,0
2023-10-02 22:00:00,17.434969955986936,2.138224,1.1394444444444445,18.76850944243198,0
2023-10-02 23:00:00,11.76499799099367,2.138224,1.1794444444444443,18.682842425185346,0
2023-10-03 00:00:00,15.584225827177477,2.138224,1.106111111111111,19.019864017835896,0
2023-10-03 01:00:00,13.185488740521512,2.138224,1.1405555555555555,19.866492322173773,0
2023-10-03 02:00:00,13.88893152098835,2.138224,1.1722222222222223,19.12805986709837,0
2023-10-03 03:00:00,15.562135552454444,2.138224,1.1405555555555555,19.21711863802842,0
2023-10-03 04:00:00,13.658811552591546,2.138224,1.0772222222222223,18.725562070773062,0
2023-10-03 05:00:00,15.107163933685293,2.138224,1.0344444444444445,18.475571296616597,0
2023-10-03 06:00:00,15.11397844810181,2.138224,1.0383333333333333,18.988915838504347,0
2023-10-03 07:00:00,14.782305725428008,2.138224,1.0155555555555555,19.614580004278302,0
2023-10-03 08:00:00,14.424687292629693,2.138224,1.0061111111111112,19.616040972479805,0
2023-10-03 09:00:00,15.462331198491071,2.138224,1.0883333333333334,19.390792662255766,0
2023-10-03 10:00:00,15.428676021041392,2.138224,1.0966666666666667,19.026419867482716,0
2023-10-03 11:00:00,14.020987853404117,2.138224,1.0911111111111111,19.01867868947888,0
2023-10-03 12:00:00,14.428920500584994,2.138224,1.1161111111111113,18.87448486533325,0
2023-10-03 13:00:00,16.506426469564587,2.138224,1.0816666666666668,18.330588091167684,0
2023-10-03 14:00:00,13.231286462117877,2.138224,1.0483333333333333,19.207036802817147,0
2023-10-03 15:00:00,15.03028441090167,2.138224,1.0605555555555555,18.63759372381698,0
2023-10-03 16:00:00,15.359020997957336,2.138224,1.1199999999999999,17.983785866899854,0
2023-10-03 17:00:00,15.473971993311553,2.138224,1.0933333333333335,18.452458802223543,0
2023-10-03 18:00:00,14.332437371469497,2.138224,1.0594444444444446,19.370164176160056,0
2023-10-03 19:00:00,16.03160091355942,2.138224,1.0438888888888889,18.49571286444841,0
2023-10-03 20:00:00,14.128988827709662,2.138224,1.0805555555555555,18.92472879406851,0
2023-10-03 21:00:00,12.918511334705675,2.138224,1.1966666666666665,19.013786855233743,0
2023-10-03 22:00:00,15.282146798899525,2.138224,1.151111111111111,18.094748268625768,0
2023-10-03 23:00:00,12.905053337542318,2.138224,1.1244444444444446,18.497486296827077,0
2023-10-04 00:00:00,15.387214065900048,2.138224,1.1133333333333335,18.996273204732944,0
2023-10-04 01:00:00,13.548361025243787,2.138224,1.0494444444444444,18.953010647501355,0
2023-10-04 02:00:00,14.629827858683472,2.138224,1.0344444444444445,19.591539101720933,0
2023-10-04 03:00:00,15.811480061306568,2.138224,0.971111111111111,19.429266049540598,0
2023-10-04 04:00:00,16.136468951426384,2.138224,0.955,18.439616825318282,0
2023-10-04 05:00:00,14.271284954188038,2.138224,0.9844444444444443,17.8011089126283,0
2023-10-04 06:00:00,15.051987848164528,2.138224,1.0038888888888888,19.43448729189222,0
2023-10-04 07:00:00,17.04707939668395,2.138224,1.0322222222222222,18.511874417917088,0
2023-10-04 08:00:00,13.617009868319807,2.138224,1.0433333333333332,19.488348388199245,0
2023-10-04 09:00:00,14.531672191310756,2.138224,1.0505555555555557,19.221034611501757,0
2023-10-04 10:00:00,15.147198615665497,2.138224,1.0438888888888889,18.888987355685714,0
2023-10-04 11:00:00,15.130943150180292,2.138224,1.0888888888888888,19.072482260073603,0
2023-10-04 12:00:00,15.694166922229632,2.138224,1.0733333333333335,19.951369131265405,0
2023-10-04 13:00:00,16.267650819563038,2.138224,1.0872222222222223,18.914035435269497,0
2023-10-04 14:00:00,16.182509334790986,2.138224,1.0744444444444445,19.294137547583997,0
2023-10-04 15:00:00,15.71248837526217,2.138224,1.0183333333333333,18.78233112597439,0
2023-10-04 16:00:00,14.279376691313885,2.138224,0.9566666666666667,18.65950986828098,0
2023-10-04 17:00:00,13.356768773909815,2.138224,0.918888888888889,18.84517550064542,0
2023-10-04 18:00:00,15.24636199145678,2.138224,1.015,18.52043156861895,0
2023-10-04 19:00:00,16.64095441170155,2.138224,0.9866666666666667,18.775414043153425,0
2023-10-04 20:00:00,16.160256086971383,2.138224,0.958888888888889,18.878161524782687,0
2023-10-04 21:00:00,14.753042066555361,2.138224,0.9794444444444445,19.356047734104003,0
2023-10-04 22:00:00,15.844443394359596,2.138224,0.9983333333333334,17.93303592609794,0
2023-10-04 23:00:00,14.41630460488703,2.138224,0.9688888888888889,19.15089790540684,0
2023-10-05 00:00:00,16.49122090932566,2.138224,1.0361111111111112,18.347233507645456,0
2023-10-05 01:00:00,16.095153393574744,2.138224,1.0227777777777778,19.644254356463943,0
2023-10-05 02:00:00,16.160467378250218,2.138224,1.0316666666666667,18.696579686879613,0
2023-10-05 03:00:00,16.227163765069687,2.138224,1.0205555555555554,18.95426201783672,0
2023-10-05 04:00:00,15.435341722819246,2.138224,1.0216666666666667,18.703510586923645,0
2023-10-05 05:00:00,14.62655786507971,2.138224,0.9733333333333333,19.38445154708181,0
2023-10-05 06:00:00,14.0621768960237,2.138224,0.9883333333333333,18.432452670019195,0
2023-10-05 07:00:00,12.952289856767623,2.138224,1.051111111111111,18.568223001706492,0
2023-10-05 08:00:00,15.099212526987221,2.138224,0.9755555555555556,18.508985010702336,0
2023-10-05 09:00:00,15.071005614963047,2.138224,0.9933333333333333,19.348700543666006,0
2023-10-05 10:00:00,14.16356685160959,2.138224,1.0555555555555556,19.345025745314086,0
2023-10-05 11:00:00,12.894586121855781,2.138224,0.9888888888888889,18.868243650816584,0
2023-10-05 12:00:00,17.494605004715257,2.138224,0.9605555555555555,18.77369718983481,0
2023-10-05 13:00:00,14.152098518958477,2.138224,0.9644444444444443,19.194474288106406,0
2023-10-05 14:00:00,12.960316370640072,2.138224,0.9341666666666667,17.891037359692554,0
2023-10-05 15:00:00,14.497558027146516,2.138224,0.9833333333333334,19.48767224686718,0
2023-10-05 16:00:00,14.838854649174541,2.138224,0.9133333333333332,19.140294146277668,0
2023-10-05 17:00:00,14.780532379878794,2.138224,0.9500000000000001,19.241275314682106,0
2023-10-05 18:00:00,13.677608419018595,2.138224,0.9222222222222222,18.286489736356653,0
2023-10-05 19:00:00,15.62333011830397,2.138224,0.9144444444444445,19.050910550442044,0
2023-10-05 20:00:00,14.230106448730714,2.138224,0.8716666666666667,18.594465797211484,0
2023-10-05 21:00:00,14.316919466440902,2.138224,0.8644444444444445,18.875342032525698,0
2023-10-05 22:00:00,15.975214743567719,2.138224,0.971111111111111,19.35817629459058,0
2023-10-05 23:00:00,15.248438859694389,2.138224,0.9527777777777778,18.824912731530507,0
2023-10-06 00:00:00,15.566765549002278,2.138224,0.9883333333333333,19.949253652002515,0
2023-10-06 01:00:00,14.841674025933564,2.138224,0.936111111111111,18.382750748023717,0
2023-10-06 02:00:00,13.255276174271595,2.138224,1.0355555555555556,17.847464223510478,0
2023-10-06 03:00:00,15.995119838396791,2.138224,1.0055555555555555,18.798589131892722,0
2023-10-06 04:00:00,13.448829900096392,2.138224,1.0655555555555554,18.804362186228673,0
2023-10-06 05:00:00,14.544530715097267,2.138224,1.1338888888888887,19.01632472947796,0
2023-10-06 06:00:00,13.119172384187623,2.138224,1.18,19.322182619602582,0
2023-10-06 07:00:00,15.344482995077295,2.138224,1.0794444444444444,19.417100158061523,0
2023-10-06 08:00:00,14.912966713488023,2.138224,1.1011111111111112,19.27376016586977,0
2023-10-06 09:00:00,13.010692459171162,2.138224,1.1905555555555554,17.85387664896459,0
2023-10-06 10:00:00,14.871783766712781,2.138224,1.1322222222222222,18.778863851386564,1
2023-10-06 11:00:00,16.014684165565885,2.138224,1.2249999999999999,19.83882634264742,0
2023-10-06 12:00:00,14.623223433138312,2.138224,1.1688888888888889,19.59233642744223,0
2023-10-06 13:00:00,12.598341785337505,2.138224,1.2538888888888888,18.738174521056376,0
2023-10-06 14:00:00,14.856898340755132,2.138224,1.33,18.591598537093713,0
2023-10-06 15:00:00,14.55599063657086,2.138224,1.356111111111111,18.606866900810456,0
2023-10-06 16:00:00,15.011461578642267,2.138224,1.271111111111111,19.007409862915534,0
2023-10-06 17:00:00,15.786767892116663,2.138224,1.2905555555555557,18.934979193203308,0
2023-10-06 18:00:00,14.863133653239538,2.138224,1.2961111111111112,18.219613130978555,0
2023-10-06 19:00:00,12.659158989178906,2.138224,1.2666666666666666,19.590242615167508,0
2023-10-06 20:00:00,15.545952640757605,2.138224,1.3205555555555555,18.23040104136199,0
2023-10-06 21:00:00,15.960232482696947,2.138224,1.2938888888888889,19.338921827118032,0
2023-10-06 22:00:00,17.720015474200384,2.138224,1.277777777777778,19.496876980656683,0
2023-10-06 23:00:00,15.086576287194665,2.138224,1.2744444444444445,18.664977219664106,0
2023-10-07 00:00:00,14.209843326242895,2.138224,1.3666666666666665,18.424544847780837,0
2023-10-07 01:00:00,15.266115288972296,2.138224,1.3805555555555555,19.87358951216655,0
2023-10-07 02:00:00,14.667401086939316,2.138224,1.4416666666666667,19.601879804175912,0
2023-10-07 03:00:00,16.43114767528674,2.138224,1.3977777777777778,19.167765114683515,0
2023-10-07 04:00:00,14.143394066481548,2.138224,1.4956666666666667,18.864595222024835,0
2023-10-07 05:00:00,16.33814013170747,2.138224,1.4233333333333333,18.85628057749687,0
2023-10-07 06:00:00,16.814907699361402,2.138224,1.5127777777777778,18.80843838410414,0
2023-10-07 07:00:00,15.22238108555329,2.138224,1.6466666666666667,18.033460510591464,0
2023-10-07 08:00:00,15.931902825140345,2.138224,1.607,18.909904881094,0
2023-10-07 09:00:00,17.059264031890113,2.138224,1.5777777777777777,18.949681469911507,0
2023-10-07 10:00:00,13.155527730718374,2.138224,1.5583333333333333,19.66625564448623,0
2023-10-07 11:00:00,14.370165807307446,2.138224,1.71,19.1578059547685,0
2023-10-07 12:00:00,14.273030599798219,2.138224,1.8288888888888888,19.148863921683265,0
2023-10-07 13:00:00,14.057115099491769,2.138224,1.9000000000000001,19.750168025231364,0
2023-10-07 14:00:00,17.039773231285476,2.138224,2.0644444444444443,19.282494217573568,0
2023-10-07 15:00:00,13.556020147266375,2.138224,2.0166666666666666,18.108552204136146,0
2023-10-07 16:00:00,16.329607951000742,2.138224,2.0866666666666664,19.313552301086375,0
2023-10-07 17:00:00,14.784819830101055,2.138224,2.028888888888889,19.012570712673075,0
2023-10-07 18:00:00,16.324783924454103,2.138224,2.0500000000000003,18.458013440328678,0
2023-10-07 19:00:00,15.75097280879904,2.138224,2.1455555555555557,18.62200922963786,0
2023-10-07 20:00:00,15.870920303130271,2.138224,2.272777777777778,19.098465309179893,0
2023-10-07 21:00:00,17.414579677624562,2.138224,2.363888888888889,19.142148405554916,0
2023-10-07 22:00:00,16.393549531844606,2.138224,2.6055555555555556,19.23695056122981,0
2023-10-07 23:00:00,14.497194058337328,2.138224,2.44,18.575059409227908,0
2023-10-08 00:00:00,16.922053603652905,2.138224,2.4494444444444445,17.893025037857075,0
2023-10-08 01:00:00,13.42463744146247,2.138224,2.5683333333333334,19.044476115501286,0
2023-10-08 02:00:00,17.991893704840646,2.138224,2.8405555555555555,18.00160423520187,0
2023-10-08 03:00:00,14.550702426144042,2.138224,3.11,19.606302344374008,0
2023-10-08 04:00:00,15.985044602401722,2.138224,2.7927777777777774,19.368077551158976,0
2023-10-08 05:00:00,16.154463413616853,2.138224,2.585,18.25928732866089,0
2023-10-08 06:00:00,13.494719509572052,2.138224,2.3722222222222222,18.332221079736808,0
2023-10-08 07:00:00,15.19599620246632,2.138224,2.39,19.41806734491144,0
2023-10-08 08:00:00,14.35681745589663,2.138224,2.3666666666666667,19.55111446128795,0
2023-10-08 09:00:00,13.620290552184173,2.138224,2.5044444444444447,18.201823831560436,0
2023-10-08 10:00:00,15.807288344477831,2.138224,2.742777777777778,18.96191843715719,0
2023-10-08 11:00:00,13.270780341792596,2.138224,2.5405555555555557,19.200385215249597,0
2023-10-08 12:00:00,16.696248629992994,2.138224,2.4183333333333334,18.537098123886697,0
2023-10-08 13:00:00,15.48547319042664,2.138224,2.4933333333333336,18.594861098868837,0
2023-10-08 14:00:00,14.595823720319979,2.138224,2.363888888888889,17.83612609913176,0
2023-10-08 15:00:00,11.963419106321778,2.138224,2.167777777777778,19.732341979581754,0
2023-10-08 16:00:00,15.599186027774715,2.138224,1.94,19.387616176411044,0
2023-10-08 17:00:00,13.617610887645702,2.138224,1.898888888888889,18.693088838555905,0
2023-10-08 18:00:00,15.518485095284618,2.138224,1.8333333333333333,17.893651609258715,0
2023-10-08 19:00:00,14.548010626934792,2.138224,1.7544444444444445,19.55453620708977,0
2023-10-08 20:00:00,17.96560053041165,2.138224,1.7355555555555557,18.84761667429184,0
2023-10-08 21:00:00,15.05624545691102,2.138224,1.6611111111111112,19.490934117099513,0
2023-10-08 22:00:00,13.670071566810542,2.138224,1.6433333333333333,18.57055710000412,0
2023-10-08 23:00:00,14.888381143496906,2.138224,1.7077777777777776,19.396063069590156,1
2023-10-09 00:00:00,16.16813830040812,2.138224,1.763888888888889,19.532016238740205,0
2023-10-09 01:00:00,16.12289563709647,2.138224,1.8022222222222224,19.008862846579845,0
2023-10-09 02:00:00,14.528577411054684,2.138224,1.8677777777777778,19.532679122432032,0
2023-10-09 03:00:00,14.972887563596425,2.138224,1.7961111111111112,18.81802662296983,0
2023-10-09 04:00:00,15.888604076844532,2.138224,1.771111111111111,18.78951162616885,0
2023-10-09 05:00:00,14.565686685946888,2.138224,1.7161111111111111,18.834019279792813,0
2023-10-09 06:00:00,16.951913718314746,2.138224,1.8155555555555558,19.54608865134396,0
2023-10-09 07:00:00,14.787310521204759,2.138224,1.74,19.742376669905557,0
2023-10-09 08:00:00,15.64100913616202,2.138224,1.5827777777777776,19.09814024599743,0
2023-10-09 09:00:00,15.402242756747464,2.138224,1.5305555555555557,19.06873407464239,0
2023-10-09 10:00:00,16.442305740752527,2.138224,1.4649999999999999,18.518721655816744,0
2023-10-09 11:00:00,14.803648006569118,2.138224,1.585,18.17598820497317,0
2023-10-09 12:00:00,15.968784777288176,2.138224,1.4766666666666666,19.316842444222285,0
2023-10-09 13:00:00,13.549841401115465,2.138224,1.5355555555555556,17.589823824235935,0
2023-10-09 14:00:00,13.610435979996915,2.138224,1.5,19.306266256107534,0
2023-10-09 15:00:00,13.464658432969289,2.138224,1.3872222222222224,18.806529942684595,0
2023-10-09 16:00:00,13.320496996308167,2.138224,1.3150000000000002,19.00386945599716,0
2023-10-09 17:00:00,17.461364594642564,2.138224,1.2772222222222223,19.014812343807275,0
2023-10-09 18:00:00,13.460281425640892,2.138224,1.3255555555555556,17.708651244628815,0
2023-10-09 19:00:00,16.122416656211815,2.138224,1.3138888888888889,17.8760370451371,0
2023-10-09 20:00:00,13.786708860216047,2.138224,1.3877777777777778,19.502048870604735,0
2023-10-09 21:00:00,15.490179434283965,2.138224,1.4094444444444445,19.902461952226883,0
2023-10-09 22:00:00,12.454546014248285,2.138224,1.4177777777777776,19.166475958507338,0
2023-10-09 23:00:00,18.380421897299883,2.138224,1.3883333333333334,19.72685586500481,0
2023-10-10 00:00:00,14.991177747161096,2.138224,1.4455555555555557,19.662664496568308,0
2023-10-10 01:00:00,16.157606632940652,2.138224,1.412222222222222,19.318371365917717,0
2023-10-10 02:00:00,13.986179665548283,2.138224,1.3872222222222221,18.91247758177232,0
2023-10-10 03:00:00,15.572407627259409,2.138224,1.3994444444444445,18.79612281137409,0
2023-10-10 04:00:00,16.702154992343196,2.138224,1.3472222222222223,18.38021529036266,0
2023-10-10 05:00:00,13.514148068048868,2.138224,1.2705555555555554,19.27161450351707,0
2023-10-10 06:00:00,14.508918305015397,2.138224,1.281111111111111,18.188170745723635,0
2023-10-10 07:00:00,13.344463863449528,2.138224,1.2338888888888888,18.74557989654721,0
2023-10-10 08:00:00,14.327429892205862,2.138224,1.3155555555555556,19.494296810693264,0
2023-10-10 09:00:00,16.55066423652972,2.138224,1.3222222222222222,18.20934476930192,0
2023-10-10 10:00:00,13.71168050259561,2.138224,1.2927777777777778,19.20928015308655,0
2023-10-10 11:00:00,15.858987336054804,2.138224,1.308888888888889,19.752289300432345,0
2023-10-10 12:00:00,14.284063166501062,2.138224,1.2983333333333333,18.440413196634086,0
2023-10-10 13:00:00,14.959958941478028,2.138224,1.2172222222222222,18.54500904781987,0
2023-10-10 14:00:00,14.640591282675736,2.138224,1.2655555555555555,18.52604975009139,0
2023-10-10 15:00:00,15.118619798108364,2.138224,1.235,18.96686476746258,0
2023-10-10 16:00:00,15.510319713205215,2.138224,1.2872222222222223,19.136467831465698,0
2023-10-10 17:00:00,15.313508071627176,2.138224,1.3122222222222224,19.091483534895268,0
2023-10-10 18:00:00,14.714906520859905,2.138224,1.3005555555555557,19.120673798798148,0
2023-10-10 19:00:00,12.884021566790507,2.138224,1.2722222222222221,18.083283794252583,0
2023-10-10 20:00:00,14.115095597150438,2.138224,1.3244444444444445,19.002482390239603,0
2023-10-10 21:00:00,16.601945261016443,2.138224,1.3222222222222222,19.097418567017886,0
2023-10-10 22:00:00,13.127865944425233,2.138224,1.3988888888888888,17.765021643324783,0
2023-10-10 23:00:00,13.176517527484904,2.138224,1.3166666666666667,18.872025239039907,0
2023-10-11 00:00:00,14.869969101805895,2.138224,1.3583333333333334,18.387268176382726,0
2023-10-11 01:00:00,15.805022532373235,2.138224,1.2922222222222224,19.067342304196735,0
2023-10-11 02:00:00,14.079459710398423,2.138224,1.28,19.567960042175034,0
2023-10-11 03:00:00,15.58058392917692,2.138224,1.2272222222222222,19.059525997286414,0
2023-10-11 04:00:00,14.641804882183722,2.138224,1.1755555555555555,19.54439738015552,0
2023-10-11 05:00:00,15.305525156143654,2.138224,1.07,19.496626086820825,0
2023-10-11 06:00:00,14.77504064664469,2.138224,0.9883333333333333,18.580200089411047,0
2023-10-11 07:00:00,15.879459850541068,2.138224,0.9461111111111111,19.790059654515073,0
2023-10-11 08:00:00,14.18191009794423,2.138224,0.9194444444444444,18.806681006597717,0
2023-10-11 09:00:00,13.886927336525565,2.138224,0.8877777777777779,19.199419512049513,0
2023-10-11 10:00:00,15.92310270613041,2.138224,0.8777777777777778,18.763226575048723,0
2023-10-11 11:00:00,15.908126129201156,2.138224,0.8422222222222221,18.701536449006202,0
2023-10-11 12:00:00,12.586589167181794,2.138224,0.8472222222222222,18.528457425327662,0
2023-10-11 13:00:00,13.162437828999712,2.138224,0.8011111111111111,18.361054592353792,0
2023-10-11 14:00:00,13.658922575288445,2.138224,0.7861111111111111,18.243661500538106,0
2023-10-11 15:00:00,14.470146870774236,2.138224,0.7661111111111111,19.67358669325341,0
2023-10-11 16:00:00,15.321272151972893,2.138224,0.8072222222222223,19.31518016557157,0
2023-10-11 17:00:00,15.82058770363549,2.138224,0.7772222222222221,19.088445983596767,0
2023-10-11 18:00:00,14.336936448253967,2.138224,0.7838888888888889,19.309134843728717,0
2023-10-11 19:00:00,15.210874981187729,2.138224,0.7533333333333333,19.03792510915739,0
2023-10-11 20:00:00,12.977276839382064,2.138224,0.7688888888888888,19.632754480292665,0
2023-10-11 21:00:00,15.069678506414421,2.138224,0.7472222222222222,18.741023168984974,0
2023-10-11 22:00:00,14.767912375288844,2.138224,0.7427777777777779,19.21217995114233,0
2023-10-11 23:00:00,17.15708470000516,2.138224,0.7438888888888888,19.062599549673113,0
2023-10-12 00:00:00,15.030269754223047,2.138224,0.7338888888888889,19.063690888349473,0
2023-10-12 01:00:00,15.472161381819882,2.138224,0.7138888888888889,18.126067994135227,0
2023-10-12 02:00:00,14.840945004281556,2.138224,0.6977777777777777,19.419321901999798,0
2023-10-12 03:00:00,14.547188457743099,2.138224,0.7044444444444444,19.14129197539138,0
2023-10-12 04:00:00,15.33011060041734,2.138224,0.7361111111111112,19.003565185597477,0
2023-10-12 05:00:00,15.849180747226077,2.138224,0.6944444444444445,18.21090934185835,0
2023-10-12 06:00:00,15.83709061737383,2.138224,0.6749999999999999,17.65786318908138,0
2023-10-12 07:00:00,14.996263714383367,2.138224,0.7055555555555556,19.102755221019383,0
2023-10-12 08:00:00,15.866826094901299,2.138224,0.6983333333333334,18.95304116917492,0
2023-10-12 09:00:00,14.508677240087758,2.138224,0.7616666666666667,19.382624084200664,0
2023-10-12 10:00:00,15.660940805111048,2.138224,0.7666666666666666,19.095632223670624,0
2023-10-12 11:00:00,13.104516780360951,2.138224,0.7644444444444445,18.306036015867715,0
2023-10-12 12:00:00,14.42634340302496,2.138224,0.7511111111111112,18.477872647844443,0
2023-10-12 13:00:00,12.662338816276907,2.138224,0.75,18.99015952429953,0
2023-10-12 14:00:00,14.172787191842646,2.138224,0.7344444444444443,18.75374007000686,0
2023-10-12 15:00:00,14.515651203321488,2.138224,0.715,18.390506929539328,0
2023-10-12 16:00:00,13.651336258468902,2.138224,0.6805555555555555,19.148871737826834,0
2023-10-12 17:00:00,15.338381544939912,2.138224,0.6655555555555556,19.10033708628227,0
2023-10-12 18:00:00,13.680257925353432,2.138224,0.6833333333333332,18.992560148967105,0
2023-10-12 19:00:00,14.374823534411261,2.138224,0.668888888888889,18.942294060861084,0
2023-10-12 20:00:00,15.454060278515351,2.138224,0.6777777777777777,18.90442570118174,0
2023-10-12 21:00:00,15.40680366533168,2.138224,0.6322222222222222,18.833102605419313,0
2023-10-12 22:00:00,16.277275152151848,2.138224,0.6527777777777778,19.561155201998613,0
2023-10-12 23:00:00,14.780644913172603,2.138224,0.6188888888888889,18.347109620326332,0
2023-10-13 00:00:00,15.414101438223042,2.138224,0.6355555555555555,19.763584693752453,0
2023-10-13 01:00:00,14.363858652500497,2.138224,0.6005555555555555,19.15857727922359,0
2023-10-13 02:00:00,14.595326925696872,2.138224,0.6433333333333333,17.469082633834756,0
2023-10-13 03:00:00,15.372382983296404,2.138224,0.668888888888889,19.116219124017586,0
2023-10-13 04:00:00,16.37365704921287,2.138224,0.6016666666666667,18.245472781879904,0
2023-10-13 05:00:00,14.926827103403324,2.138224,0.6722222222222222,19.003047007842184,0
2023-10-13 06:00:00,15.793405393081215,2.138224,0.7294444444444445,18.659326040667775,0
2023-10-13 07:00:00,13.23764701285085,2.138224,0.8077777777777778,18.825424422108735,0
2023-10-13 08:00:00,15.388406212054354,2.138224,1.0,19.702539866615446,0
2023-10-13 09:00:00,15.320064620154973,2.138224,1.1172222222222221,18.264323308392708,0
2023-10-13 10:00:00,14.784942969955688,2.138224,0.9966666666666667,18.41841775065266,0
2023-10-13 11:00:00,14.90175694353743,2.138224,1.0705555555555557,18.648756712036697,0
2023-10-13 12:00:00,14.341215016210183,2.138224,1.0711111111111111,18.75608304940645,0
2023-10-13 13:00:00,15.98871389745456,2.138224,1.0450000000000002,19.328348298952903,0
2023-10-13 14:00:00,15.643075436462377,2.138224,0.9016666666666667,18.807876980571823,1
2023-10-13 15:00:00,14.04070310319605,2.138224,0.8383333333333334,18.811475994168028,0
2023-10-13 16:00:00,13.038622759197331,2.138224,0.8188888888888889,18.84007424592664,0
2023-10-13 17:00:00,14.769182957831248,2.138224,0.7516666666666666,19.287001792149056,0
2023-10-13 18:00:00,16.18374804407916,2.138224,0.7427777777777779,19.512207034206153,0
2023-10-13 19:00:00,15.459590032405304,2.138224,0.6972222222222223,18.510257075842734,0
2023-10-13 20:00:00,18.587569278988592,2.138224,0.6555555555555556,19.080787597939647,0
2023-10-13 21:00:00,15.609155621070686,2.138224,0.645,19.30025709416774,0
2023-10-13 22:00:00,14.999989180466983,2.138224,0.6794444444444444,18.30737166192199,1
2023-10-13 23:00:00,14.481848013756116,2.138224,0.726111111111111,18.69989567591882,0
2023-10-14 00:00:00,16.220808928917833,2.138224,0.7072222222222222,19.06945384515515,0
2023-10-14 01:00:00,16.39575674948776,2.138224,0.6838888888888889,19.675520275731945,0
2023-10-14 02:00:00,15.02189289437304,2.138224,0.6016666666666667,18.463670294227995,0
2023-10-14 03:00:00,13.75547101686351,2.138224,0.5544444444444445,18.6726219529458,0
2023-10-14 04:00:00,14.788753674732249,2.138224,0.5083333333333333,18.3357968053061,0
2023-10-14 05:00:00,14.511978814187112,2.138224,0.4344444444444444,19.338711354923955,0
2023-10-14 06:00:00,14.680806065631836,2.138224,0.44,19.144735105012263,0
2023-10-14 07:00:00,15.756045019393923,2.138224,0.4483333333333333,18.6410779801291,0
2023-10-14 08:00:00,16.01447173590482,2.138224,0.43111111111111117,19.60127315206135,0
2023-10-14 09:00:00,15.246054045971816,2.138224,0.43388888888888894,18.514964665306277,0
2023-10-14 10:00:00,15.283804378471993,2.138224,0.41111111111111115,18.29109970365277,0
2023-10-14 11:00:00,15.251528828014008,2.138224,0.39166666666666666,19.122670595911668,0
2023-10-14 12:00:00,16.274890692581508,2.138224,0.4072222222222222,18.59530666431368,0
2023-10-14 13:00:00,16.573573886280922,2.138224,0.4077777777777778,18.346626849403073,0
2023-10-14 14:00:00,14.967778627459017,2.138224,0.38055555555555554,19.51855391447143,0
2023-10-14 15:00:00,11.09581502281774,2.138224,0.4066666666666667,19.171034112509698,0
2023-10-14 16:00:00,16.149126298381614,2.138224,0.39277777777777784,19.422319678303232,0
2023-10-14 17:00:00,15.124078879915851,2.138224,0.4038888888888889,19.254720142723965,0
2023-10-14 18:00:00,15.821283583400453,2.138224,0.42277777777777775,18.49601941426107,0
2023-10-14 19:00:00,15.048403554432648,2.138224,0.5316666666666667,18.7817204923934,0
2023-10-14 20:00:00,15.958349528100614,2.138224,0.6461111111111112,19.22263945477931,0
2023-10-14 21:00:00,13.662675937604169,2.138224,0.6938888888888889,19.15199521305387,0
2023-10-14 22:00:00,18.8360273773251,2.138224,0.7255555555555556,19.964724614917117,0
2023-10-14 23:00:00,14.993678305997648,2.138224,0.8272222222222222,17.227558969156245,0
2023-10-15 00:00:00,16.351892159154954,2.138224,0.9777777777777777,18.97367576193639,0
2023-10-15 01:00:00,13.383263365842218,2.138224,1.1333333333333333,19.134367596624628,0
2023-10-15 02:00:00,13.775396578932012,2.138224,1.2627777777777778,18.578229179479155,0
2023-10-15 03:00:00,14.027339293889076,2.138224,1.3216666666666665,19.844349295899352,0
2023-10-15 04:00:00,13.209541329849577,2.138224,1.4483333333333333,19.435081199425987,0
2023-10-15 05:00:00,14.399348548932126,2.138224,1.5366666666666668,18.81353785398672,0
2023-10-15 06:00:00,16.1916080115124,2.138224,1.8155555555555554,18.96399047032692,0
2023-10-15 07:00:00,15.533879962905052,2.138224,1.915,19.09924440652846,0
2023-10-15 08:00:00,16.324113790076183,2.138224,1.9594444444444443,19.005259359250363,0
2023-10-15 09:00:00,15.608355148324607,2.138224,1.9749999999999999,19.316561837440418,0
2023-10-15 10:00:00,15.16230063936815,2.138224,1.9638888888888888,17.846134453252983,0
2023-10-15 11:00:00,14.231295752671295,2.138224,2.0727777777777776,18.812297521473365,0
2023-10-15 12:00:00,14.980348776967238,2.138224,2.283333333333333,19.861759102161304,0
2023-10-15 13:00:00,13.77035790284983,2.138224,2.222777777777778,18.266401386309507,0
2023-10-15 14:00:00,17.25133123385252,2.138224,2.2194444444444446,18.97748154921633,1
2023-10-15 15:00:00,15.773038947457342,2.138224,2.1894444444444443,18.70490626952674,0
2023-10-15 16:00:00,14.9832315666587,2.138224,2.1300000000000003,18.941425974665982,0
2023-10-15 17:00:00,15.110688337056297,2.138224,2.2061111111111114,18.61892086209413,0
2023-10-15 18:00:00,14.272521598849224,2.138224,1.9988888888888887,18.963877374040184,0
2023-10-15 19:00:00,14.18367984433516,2.138224,1.8633333333333333,19.660658589855938,0
2023-10-15 20:00:00,14.73659334845454,2.138224,1.7594444444444444,19.926177360641418,0
2023-10-15 21:00:00,14.840400664845324,2.138224,1.7627777777777778,18.72604966500109,0
2023-10-15 22:00:00,15.305912454018,2.138224,1.5222222222222221,18.58578917640862,0
2023-10-15 23:00:00,17.02256469736332,2.138224,1.4333333333333333,19.50586034009949,0
2023-10-16 00:00:00,15.991815137984233,2.138224,1.4653333333333334,19.3049137482319,0
2023-10-16 01:00:00,15.849116192425951,2.138224,1.4577777777777776,19.860381504581564,0
2023-10-16 02:00:00,14.089897736304357,2.138224,1.5072222222222222,18.447369986180444,0
2023-10-16 03:00:00,15.993519999247864,2.138224,1.4294444444444443,19.421418108637933,0
2023-10-16 04:00:00,15.621092812306268,2.138224,1.5338888888888889,18.694016604333232,0
2023-10-16 05:00:00,12.819756278246286,2.138224,1.5344444444444445,19.43133431214927,0
2023-10-16 06:00:00,14.732960162899898,2.138224,1.545,18.711271186662326,0
2023-10-16 07:00:00,14.658271814045046,2.138224,1.4544444444444444,18.951703413714544,0
2023-10-16 08:00:00,15.745197203406477,2.138224,1.441111111111111,16.752676218004677,0
2023-10-16 09:00:00,14.51634591671361,2.138224,1.3733333333333333,18.99999614832343,0
2023-10-16 10:00:00,12.955557038215346,2.138224,1.3244444444444445,18.499017639035696,0
2023-10-16 11:00:00,14.501677212708728,2.138224,1.3433333333333335,18.190912044881056,0
2023-10-16 12:00:00,15.021414968913604,2.138224,1.2894444444444444,19.171342080037842,0
2023-10-16 13:00:00,13.754026571030046,2.138224,1.1622222222222223,19.13580987126997,0
2023-10-16 14:00:00,15.244776344067455,2.138224,1.0555555555555556,18.844821966165778,0
2023-10-16 15:00:00,14.626402247921062,2.138224,0.9905555555555555,18.063545723585126,0
2023-10-16 16:00:00,14.269764407197224,2.138224,0.951111111111111,19.752969279629713,0
2023-10-16 17:00:00,15.674936757020907,2.138224,0.8333333333333334,19.137017675482806,0
2023-10-16 18:00:00,15.317948822085846,2.138224,0.7833333333333333,18.102999511525482,0
2023-10-16 19:00:00,14.17522011696991,2.138224,0.7483333333333334,18.499060132954593,0
2023-10-16 20:00:00,14.688087117803653,2.138224,0.7088888888888888,18.84223695899298,0
2023-10-16 21:00:00,16.128678180937282,2.138224,0.7455555555555556,19.23568082117512,0
2023-10-16 22:00:00,15.277705122330987,2.138224,0.7205555555555555,18.930982491190836,0
2023-10-16 23:00:00,15.95117995739883,2.138224,0.6872222222222222,17.187216606601407,0
2023-10-17 00:00:00,12.724140155410426,2.138224,0.638888888888889,19.494728915707373,0
2023-10-17 01:00:00,14.245347851171976,2.138224,0.69,18.6907770596597,0
2023-10-17 02:00:00,13.972086018145466,2.138224,0.8061111111111111,18.61861663188078,0
2023-10-17 03:00:00,14.236677362475936,2.138224,0.8161111111111111,18.548987592118067,0
2023-10-17 04:00:00,16.394760982437106,2.138224,0.7433333333333333,18.502655389979747,0
2023-10-17 05:00:00,15.944402163446943,2.138224,0.6766666666666667,19.404258691874258,0
2023-10-17 06:00:00,15.18863350820704,2.138224,0.6994444444444444,18.94472470512618,0
2023-10-17 07:00:00,13.812601305251453,2.138224,0.7805555555555556,19.10207256835752,0
2023-10-17 08:00:00,14.347641105560534,2.138224,0.7755555555555556,19.32077917118753,0
2023-10-17 09:00:00,14.916393011090053,2.138224,0.7805555555555556,19.63393768133093,0
2023-10-17 10:00:00,13.746371973982262,2.138224,0.7783333333333333,19.141853716692477,0
2023-10-17 11:00:00,13.504784809488791,2.138224,0.6933333333333334,19.8541241895115,0
2023-10-17 12:00:00,12.95949766953585,2.138224,0.6805555555555555,19.365052879538357,0
2023-10-17 13:00:00,13.080178128358448,2.138224,0.68,18.934579580712235,0
2023-10-17 14:00:00,15.169592818050985,2.138224,0.685,18.52488842368099,0
2023-10-17 15:00:00,14.854503394055095,2.138224,0.6872222222222222,18.289388034341933,0
2023-10-17 16:00:00,18.18194030653604,2.138224,0.6577777777777778,19.07543675257641,0
2023-10-17 17:00:00,14.853975265458073,2.138224,0.6544444444444445,19.40780780458712,0
2023-10-17 18:00:00,13.117865912946002,2.138224,0.62,19.432075863229457,0
2023-10-17 19:00:00,11.383193611938806,2.138224,0.5755555555555555,17.76576462963135,0
2023-10-17 20:00:00,16.339773039399912,2.138224,0.5472222222222223,19.34496584202526,0
2023-10-17 21:00:00,16.0725547605153,2.138224,0.5344444444444445,19.19927043181972,0
2023-10-17 22:00:00,13.427410975742925,2.138224,0.5372222222222223,19.83024211136495,0
2023-10-17 23:00:00,15.040453757539252,2.138224,0.545,19.008541379575323,0
2023-10-18 00:00:00,17.230605384886086,2.138224,0.5277777777777778,18.865760287521613,0
2023-10-18 01:00:00,17.722061139281937,2.138224,0.5477777777777778,18.758403486160084,0
2023-10-18 02:00:00,14.520752276310775,2.138224,0.5599999999999999,18.2750927333882,0
2023-10-18 03:00:00,14.942613371336952,2.138224,0.5488888888888889,19.15816150927621,0
2023-10-18 04:00:00,16.034867725069397,2.138224,0.5116666666666667,19.484380482296864,0
2023-10-18 05:00:00,13.338199457261915,2.138224,0.5455555555555556,19.470414191313782,0
2023-10-18 06:00:00,15.961035877807092,2.138224,0.5483333333333333,19.47890578930104,0
2023-10-18 07:00:00,12.720163648191777,2.138224,0.5483333333333333,18.355143312008224,0
2023-10-18 08:00:00,15.56507229609808,2.138224,0.5755555555555555,18.910220240822515,0
2023-10-18 09:00:00,15.999362499372673,2.138224,0.5705555555555556,19.1482528006818,0
2023-10-18 10:00:00,16.624059363346632,2.138224,0.5399999999999999,18.954271456689238,0
2023-10-18 11:00:00,18.834059537576294,2.138224,0.5322222222222223,18.484281364338724,0
2023-10-18 12:00:00,14.843876160693169,2.138224,0.5105555555555555,19.504977824403905,0
2023-10-18 13:00:00,13.698194074578945,2.138224,0.49166666666666664,19.16955925147875,0
2023-10-18 14:00:00,13.776870517499328,2.138224,0.4977777777777778,18.575631740300263,0
2023-10-18 15:00:00,16.00874996189299,2.138224,0.4894444444444444,18.14830297367339,0
2023-10-18 16:00:00,13.8811373723395,2.138224,0.4811111111111111,19.069797119379047,0
2023-10-18 17:00:00,15.664661838932991,2.138224,0.48,18.66498658656882,0
2023-10-18 18:00:00,14.238768555476462,2.138224,0.47444444444444445,19.11275256436452,0
2023-10-18 19:00:00,17.381448698580797,2.138224,0.48388888888888887,18.520801567694836,0
2023-10-18 20:00:00,16.635743707623522,2.138224,0.45166666666666666,19.395151893674456,0
2023-10-18 21:00:00,13.827803806910682,2.138224,0.49222222222222217,18.61076890240203,0
2023-10-18 22:00:00,14.2155650755061,2.138224,0.48888888888888893,18.509198061755793,0
2023-10-18 23:00:00,14.210339820931319,2.138224,0.4777777777777778,18.31708617571529,0
2023-10-19 00:00:00,15.993392424290429,2.138224,0.47833333333333333,17.79303949813939,0
2023-10-19 01:00:00,15.989795521188958,2.138224,0.4938888888888889,19.379152838515406,0
2023-10-19 02:00:00,13.93053500748338,2.138224,0.47333333333333333,19.0817522255978,0
2023-10-19 03:00:00,16.02359894395665,2.138224,0.4794444444444445,19.82895905067093,0
2023-10-19 04:00:00,15.678720234562917,2.138224,0.47222222222222227,18.913622523995816,0
2023-10-19 05:00:00,15.607494085964134,2.138224,0.47222222222222215,19.620115848937925,0
2023-10-19 06:00:00,14.248863321819075,2.138224,0.4688888888888889,19.108040540602314,0
2023-10-19 07:00:00,12.139156121814066,2.138224,0.49333333333333335,19.084222003150465,0
2023-10-19 08:00:00,15.884337751761727,2.138224,0.48166666666666663,17.910687079902953,0
2023-10-19 09:00:00,15.99088217667377,2.138224,0.5088888888888888,18.24230864386499,0
2023-10-19 10:00:00,13.713545648723576,2.138224,0.5038888888888889,19.00142102548443,0
2023-10-19 11:00:00,13.941121665131893,2.138224,0.5544444444444444,19.003746028071244,0
2023-10-19 12:00:00,15.003708014485227,2.138224,0.5377777777777778,19.602419448618733,0
2023-10-19 13:00:00,14.513652364359535,2.138224,0.5838888888888888,18.820611601942023,0
2023-10-19 14:00:00,14.796525678536979,2.138224,0.6161111111111112,18.780431450855684,0
2023-10-19 15:00:00,16.295768855263375,2.138224,0.6394444444444445,18.885984217784863,0
2023-10-19 16:00:00,12.515290931113697,2.138224,0.6622222222222223,18.39770915751866,0
2023-10-19 17:00:00,16.006134681055137,2.138224,0.6705555555555556,18.958496059365686,0
2023-10-19 18:00:00,16.112686300211713,2.138224,0.6627777777777778,19.377182324361936,0
2023-10-19 19:00:00,12.7758527546724,2.138224,0.6205555555555555,18.681587549422584,0
2023-10-19 20:00:00,14.31831563188083,2.138224,0.6227777777777778,18.932826159312146,0
2023-10-19 21:00:00,16.283425002581886,2.138224,0.648888888888889,19.341184564979812,0
2023-10-19 22:00:00,15.571180723762147,2.138224,0.7066666666666667,18.61834564802467,0
2023-10-19 23:00:00,17.949446043501315,2.138224,0.721111111111111,19.486460715875488,0
2023-10-20 00:00:00,14.918949001706194,2.138224,0.7711111111111112,19.413239008042854,0
2023-10-20 01:00:00,14.773270899525697,2.138224,0.8033333333333333,19.494110202364443,0
2023-10-20 02:00:00,14.56959214240851,2.138224,0.8733333333333334,19.92201509289192,0
2023-10-20 03:00:00,14.441239535524238,2.138224,0.8850000000000001,18.782210899335436,0
2023-10-20 04:00:00,15.730976259157897,2.138224,0.8850000000000001,18.53411400013393,0
2023-10-20 05:00:00,14.788226878153381,2.138224,0.8938888888888888,19.080423937442898,0
2023-10-20 06:00:00,14.669320559633432,2.138224,0.9277777777777777,18.86855834881842,0
2023-10-20 07:00:00,14.527204229110504,2.138224,0.91,19.775700916095484,0
2023-10-20 08:00:00,15.438094799764954,2.138224,0.9166666666666666,19.030419997844707,0
2023-10-20 09:00:00,15.372180841213188,2.138224,0.9822222222222222,18.833505142670464,0
2023-10-20 10:00:00,13.431194460897723,2.138224,1.0372222222222223,19.555239329904687,0
2023-10-20 11:00:00,14.065783129534497,2.138224,1.135,19.2713486904296,0
2023-10-20 12:00:00,12.630820497600725,2.138224,1.1738888888888888,18.289352895841667,0
2023-10-20 13:00:00,15.607014630825466,2.138224,1.3455555555555556,19.04619013574616,0
2023-10-20 14:00:00,15.471447833118896,2.138224,1.4672222222222222,17.796075904604194,0
2023-10-20 15:00:00,14.89582219067809,2.138224,1.4666666666666668,18.685537270511507,0
2023-10-20 16:00:00,15.739887024143014,2.138224,1.3194444444444444,18.906579166772865,0
2023-10-20 17:00:00,13.888529984106745,2.138224,1.2338888888888888,17.936075700890246,0
2023-10-20 18:00:00,13.726779836679057,2.138224,1.113888888888889,18.973061263888344,0
2023-10-20 19:00:00,14.26048141720026,2.138224,1.0883333333333334,19.03274008959695,0
2023-10-20 20:00:00,11.60850458534484,2.138224,1.0050000000000001,19.47136338256233,0
2023-10-20 21:00:00,13.936784122850787,2.138224,1.0372222222222223,18.677364571717238,0
2023-10-20 22:00:00,14.904631606452606,2.138224,1.0533333333333335,19.251195842026032,0
2023-10-20 23:00:00,16.758439061929597,2.138224,1.0822222222222224,18.73186210575407,0
2023-10-21 00:00:00,15.739726267476634,2.138224,1.2694444444444444,19.345453827341977,0
2023-10-21 01:00:00,13.818586910685097,2.138224,1.4561111111111111,19.376888298459736,0
2023-10-21 02:00:00,17.191766996861688,2.138224,1.5644444444444445,18.876496984799093,0
2023-10-21 03:00:00,14.839697339043083,2.138224,1.8755555555555556,19.313499484593116,0
2023-10-21 04:00:00,12.93652997716674,2.138224,2.002222222222222,19.72702283760166,0
2023-10-21 05:00:00,13.624725867169184,2.138224,1.9555555555555555,19.41330110118756,0
2023-10-21 06:00:00,14.778115564553353,2.138224,1.9077777777777778,19.036201717520036,0
2023-10-21 07:00:00,14.43864303691238,2.138224,2.0283333333333333,19.08040792006547,0
2023-10-21 08:00:00,15.528538461262814,2.138224,2.0155555555555553,19.450024338989397,0
2023-10-21 09:00:00,15.686401469889551,2.138224,1.863888888888889,19.092622318676973,0
2023-10-21 10:00:00,16.679032683183625,2.138224,1.8116666666666665,18.857117612725332,0
2023-10-21 11:00:00,15.966150743183789,2.138224,1.7811111111111113,19.269807907810982,0
2023-10-21 12:00:00,15.047600770736466,2.138224,1.6433333333333333,18.25219805899549,0
2023-10-21 13:00:00,15.971953029119561,2.138224,1.6155555555555556,18.124257309193027,0
2023-10-21 14:00:00,16.05839744677226,2.138224,1.4833333333333334,18.91504377834987,0
2023-10-21 15:00:00,16.44753902998267,2.138224,1.5833333333333333,18.68064353040137,0
2023-10-21 16:00:00,13.393071897315458,2.138224,1.711111111111111,18.95255478457643,0
2023-10-21 17:00:00,13.132047585509028,2.138224,1.8166666666666667,19.74008289506386,0
2023-10-21 18:00:00,15.334284622650292,2.138224,1.9038888888888887,18.830515248088265,0
2023-10-21 19:00:00,14.729603548343436,2.138224,2.042777777777778,18.405024894933817,0
2023-10-21 20:00:00,13.652054598025286,2.138224,2.0272222222222225,18.188439835111538,0
2023-10-21 21:00:00,13.912027060716765,2.138224,1.903888888888889,18.710478968109033,0
2023-10-21 22:00:00,12.022821626990748,2.138224,2.029444444444444,19.011560904500758,1
2023-10-21 23:00:00,14.102541905874098,2.138224,2.2416666666666667,18.786653582065252,0
2023-10-22 00:00:00,15.696557655044211,2.138224,2.2488888888888887,18.504152299077578,0
2023-10-22 01:00:00,12.358921362624406,2.138224,2.153888888888889,19.5429452773572,0
2023-10-22 02:00:00,13.26629994038485,2.138224,2.4116666666666666,19.59633615524634,0
2023-10-22 03:00:00,16.20523615361635,2.138224,2.62,18.544345031035192,0
2023-10-22 04:00:00,14.070501596496944,2.138224,2.6505555555555556,18.486483834383204,0
2023-10-22 05:00:00,16.712048554529627,2.138224,2.758888888888889,18.943315382771996,1
2023-10-22 06:00:00,12.687520010394701,2.138224,2.5272222222222225,19.333753516140415,0
2023-10-22 07:00:00,13.1786818423664,2.138224,2.381666666666667,19.74100716698372,0
2023-10-22 08:00:00,16.12119632143081,2.138224,2.3994444444444443,18.83601130510613,0
2023-10-22 09:00:00,15.93724532512266,2.138224,2.342222222222222,16.817903281028766,0
2023-10-22 10:00:00,15.049496254594835,2.138224,2.263333333333333,19.075743067618365,0
2023-10-22 11:00:00,14.557165003441641,2.138224,2.1683333333333334,18.41574033636317,0
2023-10-22 12:00:00,15.538190676469947,2.138224,2.0438888888888886,19.337070821661513,0
2023-10-22 13:00:00,15.737023322126923,2.138224,2.041111111111111,19.31813843715675,1
2023-10-22 14:00:00,14.22219426534531,2.138224,2.023888888888889,19.619479790046572,0
2023-10-22 15:00:00,14.182018401851073,2.138224,2.0288888888888885,18.22347905420585,0
2023-10-22 16:00:00,16.238445306622978,2.138224,1.8788888888888888,19.395705760842286,0
2023-10-22 17:00:00,15.201519863502861,2.138224,1.7722222222222221,19.52657550522507,0
2023-10-22 18:00:00,15.299023669455062,2.138224,1.6872222222222222,19.237539631431797,0
2023-10-22 19:00:00,15.11748290273639,2.138224,1.6166666666666665,19.194533902344258,0
2023-10-22 20:00:00,14.017644287236186,2.138224,1.6405555555555555,19.56137856946708,0
2023-10-22 21:00:00,12.762556019483297,2.138224,1.6272222222222223,19.208298258727307,0
2023-10-22 22:00:00,14.723795223571768,2.138224,1.5866666666666667,19.32927574930234,0
2023-10-22 23:00:00,16.0608238633218,2.138224,1.7205555555555556,19.45824392887006,0
2023-10-23 00:00:00,14.448461167388421,2.138224,1.8052777777777778,19.373973893961253,0
2023-10-23 01:00:00,15.212432690520211,2.138224,1.8073333333333335,18.590241093820737,0
2023-10-23 02:00:00,13.529835166716884,2.138224,1.817222222222222,19.20169754020923,0
2023-10-23 03:00:00,15.343358289380609,2.138224,1.9222222222222223,19.680606055173627,0
2023-10-23 04:00:00,13.650489235965859,2.138224,1.8716666666666668,18.672341790833855,0
2023-10-23 05:00:00,16.20475825508886,2.138224,1.7561111111111112,18.890904344627838,0
2023-10-23 06:00:00,16.323729665502878,2.138224,1.7066666666666668,19.935887936968307,0
2023-10-23 07:00:00,12.596045342221174,2.138224,1.6194444444444445,18.115080951778193,0
2023-10-23 08:00:00,16.567355722459613,2.138224,1.5011111111111113,18.80404090115219,0
2023-10-23 09:00:00,15.04419558483039,2.138224,1.385,19.483088076927597,0
2023-10-23 10:00:00,14.557857419832084,2.138224,1.2927777777777778,18.980300017249977,0
2023-10-23 11:00:00,14.9844023204732,2.138224,1.3433333333333335,18.93375338383021,0
2023-10-23 12:00:00,14.4019332043096,2.138224,1.2861111111111112,19.068545276375993,0
2023-10-23 13:00:00,14.260366409206005,2.138224,1.263888888888889,18.275464125964533,0
2023-10-23 14:00:00,14.23812215502713,2.138224,1.1622222222222223,17.95668227775263,0
2023-10-23 15:00:00,14.242608479722087,2.138224,1.0655555555555556,18.736720227337944,0
2023-10-23 16:00:00,13.464972711871745,2.138224,1.097777777777778,18.98864982664573,0
2023-10-23 17:00:00,15.664002186063867,2.138224,0.9194444444444444,18.286717870075503,0
2023-10-23 18:00:00,17.360975632524603,2.138224,0.7966666666666667,19.466741813740757,0
2023-10-23 19:00:00,14.323666036615352,2.138224,0.7105555555555556,19.775775016580756,0
2023-10-23 20:00:00,16.385644834955695,2.138224,0.6477777777777778,18.771117754253165,0
2023-10-23 21:00:00,14.866488245628458,2.138224,0.6016666666666667,19.622175551490997,0
2023-10-23 22:00:00,14.883732155060533,2.138224,0.5638888888888889,18.839523062949578,0
2023-10-23 23:00:00,12.392837996366895,2.138224,0.5188888888888888,19.039714069228953,0
2023-10-24 00:00:00,15.741368747391306,2.138224,0.5383333333333334,19.038161736668997,0
2023-10-24 01:00:00,16.09158459468699,2.138224,0.5055555555555555,18.536529430207874,0
2023-10-24 02:00:00,15.915496768388913,2.138224,0.5111111111111112,19.105001659636827,0
2023-10-24 03:00:00,15.616395657756115,2.138224,0.5155555555555555,19.50026347860049,0
2023-10-24 04:00:00,15.121169378136278,2.138224,0.5027777777777778,19.218989373551235,0
2023-10-24 05:00:00,14.358874268378651,2.138224,0.5166666666666667,18.280557310851997,0
2023-10-24 06:00:00,14.660243849098771,2.138224,0.5544444444444445,18.84814130142955,0
2023-10-24 07:00:00,14.9184403590464,2.138224,0.5638888888888889,18.922533351676595,0
2023-10-24 08:00:00,15.13405652487137,2.138224,0.5488888888888889,19.56813585020957,0
2023-10-24 09:00:00,14.854059372540446,2.138224,0.5394444444444445,18.793615058244352,0
2023-10-24 10:00:00,13.685358022647485,2.138224,0.5366666666666667,19.704918398205706,0
2023-10-24 11:00:00,14.114055663122548,2.138224,0.5366666666666667,18.519756102685868,0
2023-10-24 12:00:00,15.211839488898384,2.138224,0.5638888888888889,18.625013371934234,0
2023-10-24 13:00:00,16.16153515368153,2.138224,0.5927777777777777,19.69969410662855,0
2023-10-24 14:00:00,13.756450462641746,2.138224,0.6172222222222222,18.823498501235672,0
2023-10-24 15:00:00,13.614707855017874,2.138224,0.6005555555555555,18.158949460734224,0
2023-10-24 16:00:00,14.63262147302288,2.138224,0.6016666666666667,18.71471517135314,0
2023-10-24 17:00:00,14.267892984488567,2.138224,0.6761111111111111,18.39071052966006,0
2023-10-24 18:00:00,13.342743061414474,2.138224,0.7005555555555555,18.767166614839486,0
2023-10-24 19:00:00,15.54299657543117,2.138224,0.685,19.48650695585201,0
2023-10-24 20:00:00,15.020166594781935,2.138224,0.68,19.72662579119489,0
2023-10-24 21:00:00,16.261207982307194,2.138224,0.6822222222222223,18.836037984067524,0
2023-10-24 22:00:00,15.486258209529602,2.138224,0.6961111111111111,18.472952370208343,0
2023-10-24 23:00:00,14.180382911027257,2.138224,0.7772222222222224,19.593103699648214,0
2023-10-25 00:00:00,13.846050391262517,2.138224,0.8172222222222222,18.744992574996893,0
2023-10-25 01:00:00,15.909936892254441,2.138224,0.8566666666666666,19.72654431442369,0
2023-10-25 02:00:00,15.270388569887723,2.138224,0.8755555555555555,19.451772445731915,0
2023-10-25 03:00:00,12.96014272889984,2.138224,0.9516666666666667,17.852819225530855,0
2023-10-25 04:00:00,15.689003828427156,2.138224,1.0044444444444445,19.215813603065705,0
2023-10-25 05:00:00,13.97676262594193,2.138224,1.1161111111111113,18.153647865329976,0
2023-10-25 06:00:00,14.58513410386381,2.138224,1.068888888888889,18.70950070180925,0
2023-10-25 07:00:00,15.428767719284647,2.138224,1.0966666666666667,19.607663600612018,0
2023-10-25 08:00:00,15.271810402015523,2.138224,1.098888888888889,17.647518691578615,0
2023-10-25 09:00:00,13.249570078383622,2.138224,1.0946666666666665,18.244916529687004,0
2023-10-25 10:00:00,12.133513605149792,2.138224,1.1194444444444445,18.78373737932377,0
2023-10-25 11:00:00,16.333232706745125,2.138224,1.083888888888889,18.022782437146613,0
2023-10-25 12:00:00,16.955083458863836,2.138224,1.067777777777778,19.057042967507048,0
2023-10-25 13:00:00,13.892033347269717,2.138224,1.1022222222222224,18.846263234800187,0
2023-10-25 14:00:00,13.87117154526778,2.138224,1.0461111111111112,19.501365978181507,0
2023-10-25 15:00:00,15.921065569822355,2.138224,1.0666666666666667,18.43664673129155,0
2023-10-25 16:00:00,15.197497953974192,2.138224,1.1116666666666666,19.076360983729415,0
2023-10-25 17:00:00,16.13534194320926,2.138224,1.0972222222222223,19.701067024311055,0
2023-10-25 18:00:00,15.449845144201605,2.138224,1.0811111111111111,18.577640217881484,0
2023-10-25 19:00:00,15.908864023645071,2.138224,1.0322222222222222,19.028651447818866,0
2023-10-25 20:00:00,14.262564986522058,2.138224,1.0872222222222223,19.866202030412676,0
2023-10-25 21:00:00,16.291784017358353,2.138224,1.1199999999999999,19.014713181373207,0
2023-10-25 22:00:00,16.1940720235365,2.138224,1.1388888888888888,18.059689059664226,0
2023-10-25 23:00:00,15.376199334482044,2.138224,1.1227777777777779,18.74951571197698,0
2023-10-26 00:00:00,15.330943737486459,2.138224,1.1738888888888888,18.983401435353574,0
2023-10-26 01:00:00,15.381527037693841,2.138224,1.2005555555555556,18.8547394974994,0
2023-10-26 02:00:00,13.159791591970105,2.138224,1.1844444444444444,19.091406723578114,0
2023-10-26 03:00:00,15.594334741602763,2.138224,1.1583333333333332,18.70158382933621,0
2023-10-26 04:00:00,15.46069939785731,2.138224,1.106111111111111,19.514997316106335,0
2023-10-26 05:00:00,15.413653385689344,2.138224,1.0494444444444444,18.846734816773164,0
2023-10-26 06:00:00,15.951741363433454,2.138224,0.9855555555555555,18.89093811165033,0
2023-10-26 07:00:00,12.768112313852447,2.138224,1.0266666666666666,20.0,0
2023-10-26 08:00:00,16.637883299708722,2.138224,0.9766666666666666,18.812375419919288,0
2023-10-26 09:00:00,16.4296067090777,2.138224,0.9461111111111111,20.0,0
2023-10-26 10:00:00,14.242079000202141,2.138224,0.9388888888888888,19.19229531103318,0
2023-10-26 11:00:00,14.679658162968792,2.138224,0.94,19.138548560063196,0
2023-10-26 12:00:00,15.575700679247683,2.138224,0.9683333333333333,19.786628253026645,0
2023-10-26 13:00:00,16.87571177422762,2.138224,0.9477777777777777,19.668818737147472,0
2023-10-26 14:00:00,12.780292379393236,2.138224,0.9655555555555555,19.419262989277073,0
2023-10-26 15:00:00,13.105781302894718,2.138224,0.915,18.753385796787637,0
2023-10-26 16:00:00,14.025571266081775,2.138224,0.9116666666666667,18.938849188724156,0
2023-10-26 17:00:00,15.122034025031427,2.138224,0.8854444444444445,19.6385826395132,0
2023-10-26 18:00:00,15.423069460086136,2.138224,0.8521333333333333,17.80557357797638,0
2023-10-26 19:00:00,15.15627650453736,2.138224,0.8783333333333333,19.428501551997325,0
2023-10-26 20:00:00,16.76219457837234,2.138224,0.7872222222222222,18.610784091699927,0
2023-10-26 21:00:00,16.708486684687205,2.138224,0.7488888888888888,18.239995051374724,0
2023-10-26 22:00:00,12.73751538167204,2.138224,0.7611111111111111,19.14642238708097,0
2023-10-26 23:00:00,14.454978142772994,2.138224,0.7433333333333333,18.186269643685097,0
2023-10-27 00:00:00,15.747323440074327,2.138224,0.7266666666666666,19.62092613948434,0
2023-10-27 01:00:00,17.535113280227456,2.138224,0.7111111111111111,19.189724161961177,0
2023-10-27 02:00:00,13.874568994527067,2.138224,0.735,19.33079879423183,0
2023-10-27 03:00:00,14.894386541688773,2.138224,0.7766666666666667,18.53145885046602,0
2023-10-27 04:00:00,16.35697246357851,2.138224,0.7816666666666667,18.912960856700835,0
2023-10-27 05:00:00,13.132860336190676,2.138224,0.8061111111111111,18.12707463136204,0
2023-10-27 06:00:00,15.567789608761595,2.138224,0.8283333333333333,19.11542266253675,0
2023-10-27 07:00:00,15.81205118928534,2.138224,0.8438888888888889,19.43246363668903,0
2023-10-27 08:00:00,15.184133279212984,2.138224,0.8172222222222222,18.940357252619226,0
2023-10-27 09:00:00,16.33479815638063,2.138224,0.8588888888888889,18.665803286902076,0
2023-10-27 10:00:00,17.362453264851215,2.138224,0.8583333333333334,18.656153467050697,0
2023-10-27 11:00:00,15.887736648317286,2.138224,0.8438888888888889,18.78813083659117,0
2023-10-27 12:00:00,17.23005085981666,2.138224,0.8372222222222222,19.274178865152326,0
2023-10-27 13:00:00,15.24213101216,2.138224,0.8572222222222222,17.88467404752009,0
2023-10-27 14:00:00,14.00877338341749,2.138224,0.8594444444444443,19.537718942354868,0
2023-10-27 15:00:00,16.22194590727066,2.138224,0.8611111111111112,18.363861754579293,0
2023-10-27 16:00:00,15.143452959701158,2.138224,0.8283333333333333,18.24939150800545,0
2023-10-27 17:00:00,12.34905810070268,2.138224,0.8272222222222222,19.45951151544128,0
2023-10-27 18:00:00,13.922127684212759,2.138224,0.8566666666666666,19.605904906570178,0
2023-10-27 19:00:00,13.571536295994363,2.138224,0.7794444444444445,18.88652570374579,0
2023-10-27 20:00:00,16.564170479313415,2.138224,0.79,19.070229007923924,0
2023-10-27 21:00:00,11.93313047900955,2.138224,0.8005555555555556,19.57266766078285,0
2023-10-27 22:00:00,15.501143359599387,2.138224,0.8316666666666667,18.71179025459549,0
2023-10-27 23:00:00,16.78851289039198,2.138224,0.8855555555555555,19.07699768915893,0
2023-10-28 00:00:00,13.633595634298592,2.138224,0.9083333333333333,18.430597339356233,0
2023-10-28 01:00:00,16.011550354644235,2.138224,0.9533333333333333,18.269209056920108,0
2023-10-28 02:00:00,13.696223166428622,2.138224,1.038888888888889,18.959573175428623,0
2023-10-28 03:00:00,15.78552472461079,2.138224,1.0544444444444445,19.00398566880268,0
2023-10-28 04:00:00,16.24233765398066,2.138224,1.123888888888889,18.67975738868695,0
2023-10-28 05:00:00,15.078062562154836,2.138224,1.07,18.852152843081793,0
2023-10-28 06:00:00,14.262914984160489,2.138224,1.2283333333333333,19.071496816402846,0
2023-10-28 07:00:00,14.993071488266288,2.138224,1.218888888888889,18.496929195425025,0
2023-10-28 08:00:00,15.580819677751968,2.138224,1.133888888888889,18.924121958905744,0
2023-10-28 09:00:00,15.12457829372214,2.138224,1.1794444444444445,19.058983059718386,0
2023-10-28 10:00:00,13.639289302487372,2.138224,1.2833333333333334,19.236769244896504,0
2023-10-28 11:00:00,15.56262096449617,2.138224,1.2950000000000002,18.833290851828277,0
2023-10-28 12:00:00,14.900766277887996,2.138224,1.326111111111111,19.442547652649196,0
2023-10-28 13:00:00,15.890883766541242,2.138224,1.4866666666666666,19.604150656189997,0
2023-10-28 14:00:00,14.739010351182268,2.138224,1.3755555555555556,18.14474611405672,0
2023-10-28 15:00:00,16.850491685505506,2.138224,1.36,18.691664960598327,0
2023-10-28 16:00:00,14.479641464357156,2.138224,1.2555555555555555,19.1708506201231,0
2023-10-28 17:00:00,15.710651946874153,2.138224,1.3627777777777776,19.413262727360593,0
2023-10-28 18:00:00,13.125710967268994,2.138224,1.3216666666666665,19.0129693575764,0
2023-10-28 19:00:00,16.164852438389218,2.138224,1.238888888888889,18.611242646162225,0
2023-10-28 20:00:00,14.690137346438219,2.138224,1.2055555555555555,19.50455669813904,0
2023-10-28 21:00:00,16.973749512223005,2.138224,1.2233333333333334,19.584792003832604,0
2023-10-28 22:00:00,12.73462403307549,2.138224,1.1788888888888889,18.589702940328532,0
2023-10-28 23:00:00,15.431401160020314,2.138224,1.1983333333333335,19.10423585748295,0
2023-10-29 00:00:00,15.887523577157822,2.138224,1.155,19.59883109646857,0
2023-10-29 01:00:00,13.874083829694051,2.138224,1.1922222222222223,19.464590922886774,0
2023-10-29 02:00:00,17.713033255750194,2.138224,1.1316666666666666,19.265896190691254,0
2023-10-29 03:00:00,17.827394412888726,2.138224,1.143888888888889,18.942469242557184,0
2023-10-29 04:00:00,12.954079161963632,2.138224,1.1705555555555556,19.193381478683484,0
2023-10-29 05:00:00,15.675372513925367,2.138224,1.02,18.961463653094373,0
2023-10-29 06:00:00,14.831757396743434,2.138224,1.0505555555555557,19.34206695569978,0
2023-10-29 07:00:00,14.624102948024758,2.138224,1.1683333333333332,18.579734878058847,0
2023-10-29 08:00:00,15.94735926613418,2.138224,1.2005555555555556,18.497147906765523,0
2023-10-29 09:00:00,14.806858899898863,2.138224,1.2361111111111112,18.13110231497633,0
2023-10-29 10:00:00,17.863664213205663,2.138224,1.192222222222222,19.11555738690156,0
2023-10-29 11:00:00,14.09408653928697,2.138224,1.1638888888888888,19.608544573726956,0
2023-10-29 12:00:00,16.654854756307422,2.138224,1.1477777777777778,19.22621249889983,0
2023-10-29 13:00:00,14.031928178802689,2.138224,1.2061111111111111,19.63869109460255,0
2023-10-29 14:00:00,16.33220795583038,2.138224,1.2405555555555556,18.710633805829918,0
2023-10-29 15:00:00,13.548161117511135,2.138224,1.1194444444444445,19.408797094118334,0
2023-10-29 16:00:00,16.042568014961095,2.138224,1.1688888888888889,19.08070442708826,0
2023-10-29 17:00:00,12.992086744961147,2.138224,1.2383333333333333,19.34411814932518,0
2023-10-29 18:00:00,16.122799182076427,2.138224,1.3366666666666667,19.19200299121926,0
2023-10-29 19:00:00,13.656609455322112,2.138224,1.5433333333333332,18.52174934399757,0
2023-10-29 20:00:00,20.17767098484185,2.138224,1.7122222222222223,18.93750756075439,0
2023-10-29 21:00:00,16.23180948265645,2.138224,1.7133333333333332,19.08197644631757,0
2023-10-29 22:00:00,12.653896245407518,2.138224,1.6877777777777778,19.11921285255556,0
2023-10-29 23:00:00,12.484553617407792,2.138224,1.6861111111111111,17.596940974733297,0
2023-10-30 00:00:00,13.578505706756912,2.138224,1.64,19.941271034043556,0
2023-10-30 01:00:00,14.207471452193671,2.138224,1.6927777777777777,18.62520271446829,0
2023-10-30 02:00:00,16.00352687892643,2.138224,1.6127777777777776,19.62810967425952,0
2023-10-30 03:00:00,16.07277235983016,2.138224,1.6372222222222224,19.12027558526678,0
2023-10-30 04:00:00,15.929962914340875,2.138224,1.6205555555555555,18.931626447004067,0
2023-10-30 05:00:00,16.212834045222063,2.138224,1.63,17.627400448644934,0
2023-10-30 06:00:00,15.465927090461804,2.138224,1.568888888888889,19.020313597833944,0
2023-10-30 07:00:00,14.614134459279091,2.138224,1.5816666666666668,19.175867460540037,0
2023-10-30 08:00:00,12.786110378139348,2.138224,1.5005555555555556,18.65909821594806,0
2023-10-30 09:00:00,13.319379267787138,2.138224,1.48,19.273664868902472,0
2023-10-30 10:00:00,12.848807333210848,2.138224,1.3333333333333333,18.228121158511772,0
2023-10-30 11:00:00,14.732236830552978,2.138224,1.318888888888889,19.04692785737571,0
2023-10-30 12:00:00,15.637387031362998,2.138224,1.2727777777777778,18.710173557664024,0
2023-10-30 13:00:00,14.625763804084977,2.138224,1.11,19.247988793108675,0
2023-10-30 14:00:00,14.543230466975979,2.138224,1.0816666666666668,18.66949868776269,0
2023-10-30 15:00:00,16.79720149802199,2.138224,0.9972222222222222,19.49305496529018,0
2023-10-30 16:00:00,16.852996179461382,2.138224,0.9866666666666667,18.55586524785836,0
2023-10-30 17:00:00,14.518114124463624,2.138224,0.9444444444444443,18.129034429955382,0
2023-10-30 18:00:00,17.33681076757185,2.138224,0.9155555555555556,19.397138579795918,0
2023-10-30 19:00:00,12.584146826718907,2.138224,0.89,19.915022286088668,0
2023-10-30 20:00:00,15.823246379747053,2.138224,0.883888888888889,19.38171408496574,0
2023-10-30 21:00:00,15.746512873638599,2.138224,1.0577777777777777,19.805141141298026,0
2023-10-30 22:00:00,17.224390836004407,2.138224,1.2333333333333334,18.608763688838476,0
2023-10-30 23:00:00,15.121105475278666,2.138224,1.3105555555555555,18.881741790087673,0
2023-10-31 00:00:00,13.65040023128502,2.138224,1.3355555555555556,18.503260194623135,0
2023-10-31 01:00:00,15.228344387054662,2.138224,1.4016666666666666,19.616216972335398,0
2023-10-31 02:00:00,14.413968619308699,2.138224,1.4472222222222222,19.673495668649196,0
2023-10-31 03:00:00,15.638891305381657,2.138224,1.360277777777778,17.974105270923065,0
2023-10-31 04:00:00,14.079393185655684,2.138224,1.2933333333333334,20.0,0
2023-10-31 05:00:00,16.16881143849744,2.138224,1.2127777777777777,19.752338049076968,0
2023-10-31 06:00:00,14.345356206979796,2.138224,1.1522222222222223,18.193289180815388,0
2023-10-31 07:00:00,16.391819251989087,2.138224,1.095,17.804434551911694,0
2023-10-31 08:00:00,15.649017300800255,2.138224,1.0816666666666668,19.042053171570696,0
2023-10-31 09:00:00,15.01683723206345,2.138224,1.1116666666666666,19.398967504768937,0
2023-10-31 10:00:00,14.172334655483832,2.138224,1.0883333333333334,18.39291596830244,0
2023-10-31 11:00:00,16.35876046707811,2.138224,1.15,18.832451639262292,0
2023-10-31 12:00:00,14.182792211459569,2.138224,1.0272222222222223,19.207497653357432,0
2023-10-31 13:00:00,16.274035387464153,2.138224,0.9288888888888889,19.261391248358525,0
2023-10-31 14:00:00,14.577330732231017,2.138224,0.875,19.33095304327819,0
2023-10-31 15:00:00,16.546702230013196,2.138224,0.8955555555555555,18.889612943880078,0
2023-10-31 16:00:00,15.665578430611475,2.138224,0.9173333333333333,18.273992759046486,0
2023-10-31 17:00:00,13.015281971991987,2.138224,0.9122222222222223,19.74274294075852,0
2023-10-31 18:00:00,17.054604173688983,2.138224,0.8455555555555555,19.152864328254626,0
2023-10-31 19:00:00,16.770425183906784,2.138224,0.8044444444444445,19.11253417227331,0
2023-10-31 20:00:00,15.387769924656151,2.138224,0.853,20.0,0
2023-10-31 21:00:00,14.660154151142416,2.138224,0.87,19.25098631583568,0
2023-10-31 22:00:00,14.927520959521615,2.138224,0.8938888888888888,18.889105237075853,0
2023-10-31 23:00:00,13.794996873667515,2.138224,0.9311111111111111,17.98711988281462,0
2023-11-01 00:00:00,9.579562636350031,2.138224,0.9894444444444445,19.55425696015541,0
2023-11-01 01:00:00,8.765079074005415,2.138224,1.0161111111111112,19.111766801551585,0
2023-11-01 02:00:00,10.899677385917832,2.138224,1.0483333333333333,19.779622735931934,0
2023-11-01 03:00:00,10.59317762388516,2.138224,1.0716666666666668,18.41878596012137,0
2023-11-01 04:00:00,8.672342069771853,2.138224,1.0616666666666668,19.799587277337306,0
2023-11-01 05:00:00,9.888048646136054,2.138224,1.1538888888888887,18.922288076643,0
2023-11-01 06:00:00,8.891914775661222,2.138224,1.2461111111111112,18.01262546171589,0
2023-11-01 07:00:00,11.306288532560123,2.138224,1.3983333333333334,19.508558369948734,0
2023-11-01 08:00:00,11.989185001903659,2.138224,1.6033333333333333,19.538773761353056,0
2023-11-01 09:00:00,8.860879777629806,2.138224,1.7227777777777777,18.870842532808243,1
2023-11-01 10:00:00,10.621299115569808,2.138224,1.7961111111111112,19.201026589861744,0
2023-11-01 11:00:00,11.478949434355293,2.138224,1.723888888888889,19.151687906703597,0
2023-11-01 12:00:00,10.58373043436525,2.138224,1.9194444444444443,18.91199831546211,0
2023-11-01 13:00:00,12.863866697775535,2.138224,2.198888888888889,19.8440003100313,0
2023-11-01 14:00:00,11.618681972678615,2.138224,2.2433333333333336,19.26307937994832,0
2023-11-01 15:00:00,9.45783740002002,2.138224,2.0683333333333334,19.134602474784106,0
2023-11-01 16:00:00,9.04291364505278,2.138224,1.898888888888889,17.960600551416828,0
2023-11-01 17:00:00,10.114520785624306,2.138224,1.6377777777777778,19.068434837088944,0
2023-11-01 18:00:00,9.424301348662736,2.138224,1.644722222222222,18.945867075016796,0
2023-11-01 19:00:00,9.363934932805872,2.138224,1.597,18.44512813889167,0
2023-11-01 20:00:00,11.122800333913526,2.138224,1.4233333333333333,19.356527808003214,0
2023-11-01 21:00:00,9.582067496192389,2.138224,1.4383333333333332,17.54120637879039,0
2023-11-01 22:00:00,11.142917271073875,2.138224,1.5405555555555557,17.750489125511585,0
2023-11-01 23:00:00,10.68771377844096,2.138224,1.6944444444444444,19.388972152326673,0
2023-11-02 00:00:00,12.716992633128882,2.138224,1.4933333333333332,18.196453370276576,0
2023-11-02 01:00:00,9.148891335450196,2.138224,1.545,19.7675080853887,0
2023-11-02 02:00:00,9.420028623124026,2.138224,1.5305555555555557,18.648905362399876,0
2023-11-02 03:00:00,11.739048667136553,2.138224,1.462777777777778,19.672661548292886,0
2023-11-02 04:00:00,10.610737379090924,2.138224,1.3156666666666665,18.10755963799006,0
2023-11-02 05:00:00,11.077719972593163,2.138224,1.305,19.080831821617064,0
2023-11-02 06:00:00,10.067025607673232,2.138224,1.2177777777777778,18.32096604626332,0
2023-11-02 07:00:00,10.205416043003307,2.138224,1.1703333333333332,17.87853714367955,0
2023-11-02 08:00:00,9.986116421921245,2.138224,1.1255555555555556,18.315940488330494,0
2023-11-02 09:00:00,10.606590077022908,2.138224,1.1888888888888889,19.380804677386255,0
2023-11-02 10:00:00,12.089618381041715,2.138224,1.2266666666666666,18.860905646015627,0
2023-11-02 11:00:00,9.351603797158676,2.138224,1.1966666666666668,18.8582929469203,0
2023-11-02 12:00:00,9.618661003181389,2.138224,1.0822222222222224,19.430105718822798,0
2023-11-02 13:00:00,10.8267765564734,2.138224,1.0880555555555558,17.984741292367357,0
2023-11-02 14:00:00,9.676620899908908,2.138224,0.9453333333333334,19.6818341601398,0
2023-11-02 15:00:00,10.678491027682803,2.138224,0.9211111111111111,19.228748730983217,0
2023-11-02 16:00:00,11.403411987583128,2.138224,0.9111111111111111,18.400313289406682,0
2023-11-02 17:00:00,11.467123369112032,2.138224,0.8927777777777778,19.62105533259949,0
2023-11-02 18:00:00,7.968977060500652,2.138224,0.9005555555555556,18.512887766324855,0
2023-11-02 19:00:00,9.32773687902291,2.138224,0.9644444444444443,18.64958566498127,0
2023-11-02 20:00:00,11.733629563835569,2.138224,0.9344444444444444,18.376280718172843,0
2023-11-02 21:00:00,9.911568172951338,2.138224,0.8738888888888888,18.981366061587604,0
2023-11-02 22:00:00,10.695954223059404,2.138224,0.8116666666666666,18.15926752063899,0
2023-11-02 23:00:00,10.84251792255204,2.138224,0.7238888888888888,18.716341238213417,0
2023-11-03 00:00:00,9.228226187340603,2.138224,0.7888888888888889,19.41095339151602,0
2023-11-03 01:00:00,9.785320341461684,2.138224,0.7755555555555556,19.518344833850993,0
2023-11-03 02:00:00,12.681635375258507,2.138224,0.7427777777777779,19.56025203146854,0
2023-11-03 03:00:00,10.230317118976245,2.138224,0.745,19.762171794522285,0
2023-11-03 04:00:00,12.08558393435361,2.138224,0.8266666666666667,18.659815424499897,0
2023-11-03 05:00:00,11.649695086631096,2.138224,0.8477777777777779,18.902413625547602,0
2023-11-03 06:00:00,9.8621705698863,2.138224,0.8188888888888889,19.044553104445846,0
2023-11-03 07:00:00,9.86712571443873,2.138224,0.8655555555555555,19.530134705018053,0
2023-11-03 08:00:00,9.911390530222471,2.138224,0.855,18.367781829307045,0
2023-11-03 09:00:00,9.875782355665809,2.138224,0.8544444444444445,19.62797950911261,0
2023-11-03 10:00:00,9.722531070678297,2.138224,0.8305555555555556,19.500033000267567,0
2023-11-03 11:00:00,10.394982356087338,2.138224,0.81,18.880238361510248,0
2023-11-03 12:00:00,12.347465049280219,2.138224,0.8144444444444444,18.44083178580115,0
2023-11-03 13:00:00,11.614659195276667,2.138224,0.7205555555555555,18.96533273674825,0
2023-11-03 14:00:00,11.3235655941418,2.138224,0.6911111111111111,19.228425314500278,0
2023-11-03 15:00:00,10.919483619981568,2.138224,0.6794444444444444,18.557498227214285,0
2023-11-03 16:00:00,12.50691329379273,2.138224,0.6755555555555556,19.06061595728543,0
2023-11-03 17:00:00,9.308713422326408,2.138224,0.6772222222222223,17.94945682601228,0
2023-11-03 18:00:00,11.296145804653811,2.138224,0.6883333333333334,18.335511266436814,0
2023-11-03 19:00:00,10.36685219532115,2.138224,0.7622222222222222,18.974307829960015,0
2023-11-03 20:00:00,9.083722982312283,2.138224,0.7961111111111111,18.69811785970469,0
2023-11-03 21:00:00,11.852856873642308,2.138224,0.8016666666666666,19.02688811756479,0
2023-11-03 22:00:00,10.319420136714564,2.138224,0.8516666666666666,19.45370916891593,0
2023-11-03 23:00:00,10.502869157543625,2.138224,0.91,18.898716185489032,0
2023-11-04 00:00:00,9.392643228528502,2.138224,0.9777777777777777,19.991827922915974,0
2023-11-04 01:00:00,8.350350949647632,2.138224,1.0683333333333334,19.373120185536635,0
2023-11-04 02:00:00,10.360466606881849,2.138224,1.1094444444444445,19.120735734113747,0
2023-11-04 03:00:00,11.725671097310464,2.138224,1.0693333333333332,19.870838399136545,0
2023-11-04 04:00:00,8.12572913877413,2.138224,1.0383333333333333,18.80479088658894,0
2023-11-04 05:00:00,9.055235791315969,2.138224,0.9627777777777777,19.169749980374103,0
2023-11-04 06:00:00,10.38642922351978,2.138224,0.9249999999999999,19.826501907514672,0
2023-11-04 07:00:00,10.909683061853954,2.138224,0.9138888888888889,18.269746559283252,0
2023-11-04 08:00:00,8.249897499419115,2.138224,0.8877777777777777,19.1644645001565,0
2023-11-04 09:00:00,9.72103654208388,2.138224,0.8944444444444445,18.711780638803408,0
2023-11-04 10:00:00,10.699814182779432,2.138224,0.8783333333333333,18.986067943460366,0
2023-11-04 11:00:00,10.414499271019087,2.138224,0.835,19.104286220311284,0
2023-11-04 12:00:00,10.01405514653689,2.138224,0.8422222222222223,18.207754989752036,0
2023-11-04 13:00:00,10.756120200752443,2.138224,0.8233333333333333,19.6051095757908,0
2023-11-04 14:00:00,8.146590600795529,2.138224,0.8205555555555556,18.54228927620343,0
2023-11-04 15:00:00,11.90048039107347,2.138224,0.8244444444444444,18.868531569427578,0
2023-11-04 16:00:00,9.207837952152508,2.138224,0.835,19.400594409089454,0
2023-11-04 17:00:00,11.641809562148952,2.138224,0.8477777777777779,19.358383656148774,0
2023-11-04 18:00:00,9.154944578370326,2.138224,0.8022222222222223,19.4192237625299,0
2023-11-04 19:00:00,10.77625889015488,2.138224,0.8377777777777777,19.09744317864337,0
2023-11-04 20:00:00,10.127550231257826,2.138224,0.8205555555555556,18.644007185132267,0
2023-11-04 21:00:00,10.312712802509683,2.138224,0.8683333333333333,17.8809164342,0
2023-11-04 22:00:00,11.573960680420116,2.138224,0.8572222222222222,19.100960877907738,0
2023-11-04 23:00:00,10.212469615060384,2.138224,0.9316666666666666,19.550323025916942,0
2023-11-05 00:00:00,10.28715148415054,2.138224,0.9972222222222222,18.408018619747484,0
2023-11-05 01:00:00,9.32199007569913,2.138224,0.9566666666666667,19.559987021524403,0
2023-11-05 02:00:00,9.142857899308476,2.138224,0.9605555555555555,17.929095679566895,0
2023-11-05 03:00:00,10.59623585536764,2.138224,0.9683333333333334,19.435343316155794,0
2023-11-05 04:00:00,9.240045804202738,2.138224,0.9344444444444444,19.327095785914583,0
2023-11-05 05:00:00,9.767230272113679,2.138224,0.8922222222222222,18.97682216493676,0
2023-11-05 06:00:00,8.395498434511003,2.138224,0.9383333333333334,19.345929616055333,0
2023-11-05 07:00:00,9.774955251949317,2.138224,0.9272222222222223,19.528366463551514,0
2023-11-05 08:00:00,7.748745672262856,2.138224,0.898888888888889,18.259097704465905,0
2023-11-05 09:00:00,10.053543916609858,2.138224,0.9466666666666667,18.993198334897418,0
2023-11-05 10:00:00,8.528662922969536,2.138224,0.9411111111111111,19.035188865899226,0
2023-11-05 11:00:00,10.184844659724334,2.138224,0.9172222222222222,18.600688319149594,0
2023-11-05 12:00:00,10.880892081879004,2.138224,0.9494444444444444,19.74522574536483,0
2023-11-05 13:00:00,9.376896264005085,2.138224,0.9672222222222223,18.683241110828018,0
2023-11-05 14:00:00,9.215880650231968,2.138224,0.9777777777777777,18.94721081766708,0
2023-11-05 15:00:00,9.45723095239533,2.138224,0.9344444444444444,19.38574135128906,0
2023-11-05 16:00:00,8.876629814690121,2.138224,0.9705555555555555,19.57661085886934,0
2023-11-05 17:00:00,10.002357248496905,2.138224,0.9027777777777778,19.271123112426952,0
2023-11-05 18:00:00,8.146952221507421,2.138224,0.8861111111111111,18.98828300203177,0
2023-11-05 19:00:00,10.208730219019614,2.138224,0.8039999999999999,19.198223007969798,0
2023-11-05 20:00:00,11.6373978843056,2.138224,0.8211111111111111,18.470486399491488,0
2023-11-05 21:00:00,10.148910481332255,2.138224,0.7838888888888889,18.601607354518766,0
2023-11-05 22:00:00,10.186394759469461,2.138224,0.7494444444444445,18.804156242719998,0
2023-11-05 23:00:00,10.31803712058791,2.138224,0.7672222222222222,19.010371407941125,0
2023-11-06 00:00:00,9.3852603690564,2.138224,0.7394444444444445,18.532366254600696,0
2023-11-06 01:00:00,11.13745482216162,2.138224,0.75,19.235938109746844,0
2023-11-06 02:00:00,11.006919806518423,2.138224,0.8872222222222222,18.955645843837907,0
2023-11-06 03:00:00,11.384738885650322,2.138224,0.8944444444444445,18.875883488376935,0
2023-11-06 04:00:00,9.483417147019297,2.138224,0.9127777777777778,18.40161266547526,0
2023-11-06 05:00:00,9.443189488477136,2.138224,0.9844444444444443,17.946325401410903,0
2023-11-06 06:00:00,10.472759006895934,2.138224,1.0066666666666666,18.725739364994705,0
2023-11-06 07:00:00,8.702993148171716,2.138224,1.0305555555555557,19.609475454918524,0
2023-11-06 08:00:00,9.54676734746687,2.138224,0.9716666666666667,19.032455198259616,0
2023-11-06 09:00:00,11.271573085931166,2.138224,0.9988888888888888,19.417659113823877,0
2023-11-06 10:00:00,6.978832968034992,2.138224,1.0461111111111112,18.495730446914525,0
2023-11-06 11:00:00,8.751422064520648,2.138224,1.0127777777777778,17.90138521213478,0
2023-11-06 12:00:00,9.829587561778968,2.138224,0.9933333333333333,19.785908130337052,1
2023-11-06 13:00:00,8.777016133574449,2.138224,0.9822222222222222,18.71104698480856,0
2023-11-06 14:00:00,10.669396405023448,2.138224,0.9305555555555555,18.199255645086996,0
2023-11-06 15:00:00,9.795846725628339,2.138224,0.8744444444444444,18.02760827092192,0
2023-11-06 16:00:00,10.959051155770814,2.138224,0.8166666666666668,19.015722057633766,0
2023-11-06 17:00:00,8.365401699276761,2.138224,0.8211111111111111,18.12656834775601,0
2023-11-06 18:00:00,8.586608394730355,2.138224,0.8077777777777778,18.773410996290696,0
2023-11-06 19:00:00,9.280826108704572,2.138224,0.8305555555555556,19.38923313459028,0
2023-11-06 20:00:00,11.344738439457489,2.138224,0.8694444444444445,19.275878601400613,0
2023-11-06 21:00:00,11.24698062216723,2.138224,0.7905555555555556,18.199669743340397,0
2023-11-06 22:00:00,8.284585989285073,2.138224,0.8616666666666667,19.343620498919922,0
2023-11-06 23:00:00,10.885776824898599,2.138224,0.8377777777777777,19.210719017788133,0
2023-11-07 00:00:00,9.41163273096211,2.138224,0.8305555555555556,19.659256823508112,0
2023-11-07 01:00:00,10.879734197464074,2.138224,0.8516666666666666,19.428377972279854,0
2023-11-07 02:00:00,8.6484444487224,2.138224,0.9061111111111111,17.526737896503004,0
2023-11-07 03:00:00,9.964903125118491,2.138224,0.94,18.271229886611952,0
2023-11-07 04:00:00,10.394133553397163,2.138224,0.9972222222222222,19.617621072331808,0
2023-11-07 05:00:00,10.649109310454142,2.138224,1.083888888888889,19.365525936744746,0
2023-11-07 06:00:00,7.1994286277832416,2.138224,1.1733333333333333,19.24237248905441,0
2023-11-07 07:00:00,10.735490983139497,2.138224,1.21,19.58880818259346,0
2023-11-07 08:00:00,10.911771913594654,2.138224,1.23,18.6647539216149,0
2023-11-07 09:00:00,9.581601975379519,2.138224,1.3083333333333333,19.692458972309296,0
2023-11-07 10:00:00,9.131316188576195,2.138224,1.36,19.197697333860763,0
2023-11-07 11:00:00,9.014834189275524,2.138224,1.57,18.90991156423944,0
2023-11-07 12:00:00,12.0587738459678,2.138224,1.5233333333333334,18.870447594804116,0
2023-11-07 13:00:00,7.918396609044372,2.138224,1.4427777777777777,18.980309462036132,0
2023-11-07 14:00:00,10.73304761080054,2.138224,1.4272222222222222,19.913116031777417,0
2023-11-07 15:00:00,10.715080966632492,2.138224,1.5333333333333332,18.06186280447535,0
2023-11-07 16:00:00,10.239144531751721,2.138224,1.5361111111111112,19.37705167981334,0
2023-11-07 17:00:00,11.144762629366985,2.138224,1.4349999999999998,18.775461183239663,0
2023-11-07 18:00:00,8.925287487050495,2.138224,1.4344444444444442,19.384896438456476,0
2023-11-07 19:00:00,9.815603653096323,2.138224,1.3738888888888887,18.31506972293301,0
2023-11-07 20:00:00,9.955273969529307,2.138224,1.2744444444444445,19.0327806949557,0
2023-11-07 21:00:00,10.231430378871162,2.138224,1.3344444444444445,18.773313675683266,0
2023-11-07 22:00:00,10.432418819292371,2.138224,1.308888888888889,18.465587916592483,0
2023-11-07 23:00:00,11.306165449258964,2.138224,1.2372222222222222,19.330343132642263,0
2023-11-08 00:00:00,9.038825425085117,2.138224,1.1727777777777777,18.8997786394098,0
2023-11-08 01:00:00,11.876175626903416,2.138224,1.1888888888888889,18.868363713722427,0
2023-11-08 02:00:00,10.949653107487592,2.138224,1.202222222222222,19.175985475112736,0
2023-11-08 03:00:00,8.463362183551512,2.138224,1.297777777777778,19.113300047863618,0
2023-11-08 04:00:00,9.833606182272476,2.138224,1.3826666666666667,18.545387021033626,0
2023-11-08 05:00:00,9.583904130544537,2.138224,1.4622222222222223,18.897822537004224,0
2023-11-08 06:00:00,9.638230064755241,2.138224,1.68,18.09487454171309,0
2023-11-08 07:00:00,11.53808934601881,2.138224,1.6344444444444444,19.084595970864076,0
2023-11-08 08:00:00,9.51832243475405,2.138224,1.4872222222222222,18.909318729366152,0
2023-11-08 09:00:00,10.779010117214376,2.138224,1.3055555555555556,18.51464668056374,0
2023-11-08 10:00:00,10.987479455274302,2.138224,1.271111111111111,19.359036551093496,0
2023-11-08 11:00:00,10.253079477835506,2.138224,1.3438888888888887,19.502738989693615,0
2023-11-08 12:00:00,9.037851339376942,2.138224,1.3022222222222222,17.920489209205805,0
2023-11-08 13:00:00,9.956551823971743,2.138224,1.1477777777777778,19.138946474365795,0
2023-11-08 14:00:00,6.7349475315113,2.138224,1.0255555555555556,18.63097144178317,0
2023-11-08 15:00:00,10.371642359408398,2.138224,1.0027777777777778,18.88909750171563,0
2023-11-08 16:00:00,10.238566040457226,2.138224,0.9811111111111112,19.232381545531975,0
2023-11-08 17:00:00,9.593595583097752,2.138224,0.9049999999999999,19.318415391880382,0
2023-11-08 18:00:00,10.16699509505586,2.138224,0.8094444444444444,19.244296277696574,0
2023-11-08 19:00:00,13.356961299501855,2.138224,0.7983333333333333,19.033007582596206,0
2023-11-08 20:00:00,9.579639656216214,2.138224,0.7666666666666667,19.62613896124104,0
2023-11-08 21:00:00,10.459103392911315,2.138224,0.6483333333333333,19.58085120972515,0
2023-11-08 22:00:00,12.152221905185497,2.138224,0.6061111111111112,19.19879014462362,0
2023-11-08 23:00:00,13.572623353512691,2.138224,0.5966666666666667,19.022542905968866,0
2023-11-09 00:00:00,10.773894621087464,2.138224,0.6027777777777777,18.967045163921416,0
2023-11-09 01:00:00,11.65366379887918,2.138224,0.5955555555555555,19.105247635268626,0
2023-11-09 02:00:00,9.485274900827653,2.138224,0.5827777777777777,18.2728764881759,0
2023-11-09 03:00:00,9.11565919136031,2.138224,0.6055555555555555,19.34519722784732,0
2023-11-09 04:00:00,11.464784276580508,2.138224,0.5694444444444445,19.346826142250865,0
2023-11-09 05:00:00,8.768938349203973,2.138224,0.4938888888888889,19.138228851379193,0
2023-11-09 06:00:00,9.266956394762941,2.138224,0.4683333333333333,19.548933196048477,0
2023-11-09 07:00:00,8.270541683786101,2.138224,0.4405555555555556,19.010629631443564,0
2023-11-09 08:00:00,10.25277404302113,2.138224,0.4561111111111111,19.55718364093097,0
2023-11-09 09:00:00,11.512324752273367,2.138224,0.5222222222222223,19.177733928221926,0
2023-11-09 10:00:00,9.148720476014324,2.138224,0.6283333333333333,17.83278189769308,0
2023-11-09 11:00:00,9.169707298407076,2.138224,0.7305555555555555,19.00358608917801,0
2023-11-09 12:00:00,9.006131424328016,2.138224,0.8566666666666666,18.642342228524633,0
2023-11-09 13:00:00,11.432022283871824,2.138224,0.9716666666666667,18.707445887881075,0
2023-11-09 14:00:00,9.977424265652575,2.138224,0.9894444444444445,18.214068187667234,0
2023-11-09 15:00:00,10.83771472701227,2.138224,0.98,19.33768103265151,0
2023-11-09 16:00:00,10.130456596948703,2.138224,0.98,19.906991131862572,0
2023-11-09 17:00:00,8.614707128805712,2.138224,0.9455555555555556,18.488068632268497,0
2023-11-09 18:00:00,11.684258357699498,2.138224,0.855,18.70114256386937,0
2023-11-09 19:00:00,8.923596653190051,2.138224,0.7933333333333333,19.057328053586584,0
2023-11-09 20:00:00,11.48326412020433,2.138224,0.7777777777777778,19.881653787715468,0
2023-11-09 21:00:00,9.215237288849627,2.138224,0.8088888888888889,18.23102380609015,0
2023-11-09 22:00:00,9.139478766579183,2.138224,0.9111111111111111,18.498047479344173,0
2023-11-09 23:00:00,10.373950849691282,2.138224,0.9355555555555556,18.585887475440888,0
2023-11-10 00:00:00,7.843387191789193,2.138224,0.9672222222222221,19.81779078980013,0
2023-11-10 01:00:00,11.474254814234397,2.138224,1.053888888888889,18.962370670852494,0
2023-11-10 02:00:00,9.181035095401826,2.138224,1.011111111111111,19.89008610657382,0
2023-11-10 03:00:00,9.053691017444931,2.138224,0.9694444444444444,19.649965801323706,0
2023-11-10 04:00:00,11.366022619028085,2.138224,0.895,19.612106019276045,0
2023-11-10 05:00:00,10.585802276475299,2.138224,0.9249999999999999,19.236849615609007,0
2023-11-10 06:00:00,11.611939493498419,2.138224,0.94,19.480359540448006,0
2023-11-10 07:00:00,10.675321992414354,2.138224,0.9888888888888889,18.917723515850067,0
2023-11-10 08:00:00,9.918962598679562,2.138224,0.9355555555555556,18.935249063717254,0
2023-11-10 09:00:00,9.216444214466533,2.138224,0.8927777777777778,19.30498606564961,0
2023-11-10 10:00:00,10.438684109411927,2.138224,0.87,19.179524433251043,0
2023-11-10 11:00:00,10.68192935579269,2.138224,0.8305555555555556,17.683096690172693,0
2023-11-10 12:00:00,8.766240200621183,2.138224,0.7772222222222221,19.02402821984242,0
2023-11-10 13:00:00,11.475541199102842,2.138224,0.8422222222222221,19.787963754200984,0
2023-11-10 14:00:00,10.415357846721541,2.138224,0.831111111111111,17.59225264146717,0
2023-11-10 15:00:00,10.008689710705626,2.138224,0.7638888888888888,18.90484083928587,0
2023-11-10 16:00:00,9.808270200013846,2.138224,0.8105555555555556,18.31745721319176,0
2023-11-10 17:00:00,12.804836642395832,2.138224,0.9172222222222222,19.3210297386487,0
2023-11-10 18:00:00,10.860111571082044,2.138224,1.02,19.524061929538302,0
2023-11-10 19:00:00,12.483098135839349,2.138224,0.9472222222222221,18.15031218207214,0
2023-11-10 20:00:00,8.459033305917549,2.138224,0.8788888888888889,18.241158778071096,0
2023-11-10 21:00:00,8.551839848324416,2.138224,0.8827777777777778,18.697914479436722,0
2023-11-10 22:00:00,10.27880864166379,2.138224,0.9516666666666667,18.767345781047954,0
2023-11-10 23:00:00,13.944275352026068,2.138224,1.0072222222222222,19.585562633351334,0
2023-11-11 00:00:00,10.886878585385828,2.138224,1.051111111111111,18.868013289019952,0
2023-11-11 01:00:00,8.746269902290507,2.138224,1.0955555555555556,18.61156141587014,0
2023-11-11 02:00:00,9.98158537909706,2.138224,1.1183333333333334,19.533724906500908,0
2023-11-11 03:00:00,11.31049662354698,2.138224,1.1366666666666667,19.183427782315146,0
2023-11-11 04:00:00,11.366787848873342,2.138224,1.3133333333333332,19.629876073558012,0
2023-11-11 05:00:00,10.853414248413486,2.138224,1.386111111111111,19.74229180782937,0
2023-11-11 06:00:00,9.543433443073793,2.138224,1.3577777777777778,19.436580498847665,0
2023-11-11 07:00:00,8.134255891294144,2.138224,1.3466666666666667,19.404155775790688,0
2023-11-11 08:00:00,8.484662753656151,2.138224,1.285,18.298319535905694,0
2023-11-11 09:00:00,10.952836477895056,2.138224,1.1722222222222223,19.22194661233624,0
2023-11-11 10:00:00,10.615640520044485,2.138224,1.0766666666666667,18.3788120097144,0
2023-11-11 11:00:00,10.465183825501521,2.138224,0.9388888888888888,19.786239556196456,0
2023-11-11 12:00:00,10.285361587200365,2.138224,0.903888888888889,19.28412086328186,0
2023-11-11 13:00:00,11.08650659291803,2.138224,0.8788888888888889,18.94264368421345,0
2023-11-11 14:00:00,8.782384802832757,2.138224,0.93,18.53282599942092,0
2023-11-11 15:00:00,10.877902378007905,2.138224,0.9461111111111111,17.752470195391883,0
2023-11-11 16:00:00,7.9337347359516075,2.138224,0.8777777777777778,19.26174566899479,0
2023-11-11 17:00:00,10.077164133009186,2.138224,0.773888888888889,18.664020685866436,0
2023-11-11 18:00:00,10.524251440166443,2.138224,0.6661111111111112,19.96072786245688,0
2023-11-11 19:00:00,9.968676688546925,2.138224,0.6038888888888888,18.864516719337974,0
2023-11-11 20:00:00,9.49052349067298,2.138224,0.5283333333333333,19.57491207452765,0
2023-11-11 21:00:00,8.337976031607056,2.138224,0.5127777777777778,19.124981036866043,0
2023-11-11 22:00:00,8.888216241057934,2.138224,0.5588888888888889,18.18309214192918,0
2023-11-11 23:00:00,7.716813614212211,2.138224,0.5983333333333333,19.45587413429187,0
2023-11-12 00:00:00,8.321154470726905,2.138224,0.6261111111111112,19.36901507841314,0
2023-11-12 01:00:00,10.98444875369322,2.138224,0.7477777777777778,19.219010326632993,0
2023-11-12 02:00:00,8.776417832870722,2.138224,0.8044444444444444,18.75809591531094,0
2023-11-12 03:00:00,10.820378161212277,2.138224,0.7572222222222221,18.590798929667553,0
2023-11-12 04:00:00,9.834971794394455,2.138224,0.7666666666666666,18.101357712355853,0
2023-11-12 05:00:00,8.948063808718333,2.138224,0.8905555555555557,19.130631048663094,0
2023-11-12 06:00:00,9.729659180244612,2.138224,0.8155555555555556,19.020195091123977,0
2023-11-12 07:00:00,9.516073877735009,2.138224,0.7303333333333333,19.22121489982361,0
2023-11-12 08:00:00,10.608644717920521,2.138224,0.7011111111111111,19.312631899485524,0
2023-11-12 09:00:00,12.726207102895264,2.138224,0.7005555555555555,18.668256174535017,0
2023-11-12 10:00:00,7.99711193405074,2.138224,0.6866666666666666,19.801191631825773,0
2023-11-12 11:00:00,12.574320619935724,2.138224,0.685,18.922106149240108,0
2023-11-12 12:00:00,12.28335300776935,2.138224,0.7861111111111111,17.958115314604136,0
2023-11-12 13:00:00,10.078758350114233,2.138224,0.9433333333333334,19.327635172500706,0
2023-11-12 14:00:00,9.581987011385586,2.138224,1.0033333333333334,18.214699998426866,0
2023-11-12 15:00:00,10.048418366183855,2.138224,1.0888888888888888,17.998092356658187,0
2023-11-12 16:00:00,12.04540709944289,2.138224,1.1016666666666666,18.333431865810525,0
2023-11-12 17:00:00,8.067926151353381,2.138224,0.9833333333333333,19.18681040581041,0
2023-11-12 18:00:00,7.935026998470441,2.138224,0.9077777777777777,18.939905588221787,0
2023-11-12 19:00:00,7.922645474292929,2.138224,0.8283333333333333,19.568549486549397,0
2023-11-12 20:00:00,8.890790838474215,2.138224,0.7422222222222222,19.053676173795434,0
2023-11-12 21:00:00,8.9153585672501,2.138224,0.7027777777777778,19.404347290505125,0
2023-11-12 22:00:00,9.54212591989842,2.138224,0.6372222222222222,19.055344419080782,0
2023-11-12 23:00:00,8.850265828369551,2.138224,0.6094444444444445,17.079976731123477,0
2023-11-13 00:00:00,11.67928267354804,2.138224,0.5716666666666667,19.415701541687408,0
2023-11-13 01:00:00,9.479785684768386,2.138224,0.5544444444444444,18.754255864301715,0
2023-11-13 02:00:00,9.291546077886556,2.138224,0.52,19.7819007023644,0
2023-11-13 03:00:00,9.885090124594063,2.138224,0.5123333333333333,18.71035612873174,0
2023-11-13 04:00:00,10.27370846244475,2.138224,0.4861111111111111,18.28379993123983,0
2023-11-13 05:00:00,7.332905758060583,2.138224,0.4588888888888889,19.622199689365228,0
2023-11-13 06:00:00,11.240582923309647,2.138224,0.43944444444444447,19.131067990794225,0
2023-11-13 07:00:00,9.963234345729232,2.138224,0.4077777777777778,18.783086886396912,0
2023-11-13 08:00:00,11.539722828908666,2.138224,0.40944444444444444,18.77002583066614,0
2023-11-13 09:00:00,10.434011035813201,2.138224,0.43,18.02022580822584,0
2023-11-13 10:00:00,10.440029988164714,2.138224,0.4405555555555556,18.50476358119874,0
2023-11-13 11:00:00,10.039199789773173,2.138224,0.4583333333333333,18.450950376432083,0
2023-11-13 12:00:00,9.824297421583658,2.138224,0.46,19.515055773159215,0
2023-11-13 13:00:00,10.931938930719651,2.138224,0.445,18.75691081835428,0
2023-11-13 14:00:00,9.382785277079643,2.138224,0.42444444444444446,19.572963492658804,0
2023-11-13 15:00:00,9.473483370988466,2.138224,0.41111111111111115,18.72738249730816,0
2023-11-13 16:00:00,8.947966687859706,2.138224,0.42,18.11495208067976,0
2023-11-13 17:00:00,11.415233568427752,2.138224,0.4116666666666667,19.2507648037218,0
2023-11-13 18:00:00,10.053102337875021,2.138224,0.41888888888888887,18.795547810576917,0
2023-11-13 19:00:00,9.484476121836623,2.138224,0.42111111111111105,18.542733340748224,0
2023-11-13 20:00:00,9.965163816902153,2.138224,0.4288888888888889,19.121685936756393,0
2023-11-13 21:00:00,11.92755939113117,2.138224,0.41055555555555556,18.569009548068774,0
2023-11-13 22:00:00,9.099380322668678,2.138224,0.44277777777777777,19.817185000368326,0
2023-11-13 23:00:00,10.634380474473874,2.138224,0.48055555555555557,19.710442455999836,0
2023-11-14 00:00:00,9.894678259562136,2.138224,0.5405555555555556,18.993519027036587,0
2023-11-14 01:00:00,13.268454417818795,2.138224,0.5977777777777777,17.666582370650882,0
2023-11-14 02:00:00,10.496699503077453,2.138224,0.6672222222222223,18.82185770892485,0
2023-11-14 03:00:00,10.736480970220528,2.138224,0.7422222222222222,19.954289699826887,0
2023-11-14 04:00:00,11.672420194058638,2.138224,0.8083333333333332,18.373290668534032,0
2023-11-14 05:00:00,11.728721571098617,2.138224,0.945,18.455853812884722,0
2023-11-14 06:00:00,11.78726585197944,2.138224,1.0333333333333334,16.62673605145817,0
2023-11-14 07:00:00,11.543202210966076,2.138224,1.1026666666666667,18.7740571372885,0
2023-11-14 08:00:00,10.853788251034887,2.138224,1.1344444444444444,18.535694795913987,0
2023-11-14 09:00:00,12.286512063547333,2.138224,1.1927777777777777,19.112671900707948,0
2023-11-14 10:00:00,9.106830462800067,2.138224,1.3066666666666666,18.972167083429554,0
2023-11-14 11:00:00,11.090469605800465,2.138224,1.3788888888888888,19.077821409017428,0
2023-11-14 12:00:00,11.000640639689143,2.138224,1.3655555555555556,19.12777234516476,0
2023-11-14 13:00:00,11.118562857566582,2.138224,1.4277777777777778,18.785632454386803,0
2023-11-14 14:00:00,9.22848126045863,2.138224,1.3827777777777779,19.358578059872475,0
2023-11-14 15:00:00,9.086352604544986,2.138224,1.3005555555555555,18.016899111388028,0
2023-11-14 16:00:00,9.112701560339788,2.138224,1.235,19.506357957644205,0
2023-11-14 17:00:00,8.081348524376182,2.138224,1.1861111111111111,18.398474149760577,0
2023-11-14 18:00:00,8.320082766728747,2.138224,1.2477777777777777,19.408580298069207,0
2023-11-14 19:00:00,8.877802929672933,2.138224,1.3150000000000002,19.486717366812236,0
2023-11-14 20:00:00,8.570748275557333,2.138224,1.2622222222222221,19.485338583774123,0
2023-11-14 21:00:00,9.767698105533993,2.138224,1.1827777777777777,19.43095181792023,0
2023-11-14 22:00:00,8.515191994453835,2.138224,1.1161111111111113,19.361606667964093,0
2023-11-14 23:00:00,9.421643607511948,2.138224,1.0505555555555557,19.24712072351375,0
2023-11-15 00:00:00,10.620944488496038,2.138224,1.0672222222222223,18.880502930196652,0
2023-11-15 01:00:00,10.33599196120643,2.138224,1.1044444444444446,18.71850787381737,0
2023-11-15 02:00:00,11.313277304041796,2.138224,1.0533333333333335,19.176609916340126,0
2023-11-15 03:00:00,10.493957041424371,2.138224,1.0438888888888889,19.130015254310027,0
2023-11-15 04:00:00,8.912666635094698,2.138224,1.098888888888889,19.23256207026708,0
2023-11-15 05:00:00,9.322431572568329,2.138224,1.0016666666666667,19.15111829460886,0
2023-11-15 06:00:00,9.895320793391038,2.138224,0.8816666666666667,18.64312737392057,0
2023-11-15 07:00:00,9.501532161724306,2.138224,0.8272222222222222,18.907940140065893,0
2023-11-15 08:00:00,12.09269144656169,2.138224,0.7366666666666667,18.624365216768975,0
2023-11-15 09:00:00,13.013821848738074,2.138224,0.6461111111111112,17.25704042354295,0
2023-11-15 10:00:00,8.982695539263865,2.138224,0.6027777777777777,19.125103760073472,0
2023-11-15 11:00:00,9.728639545799576,2.138224,0.5227777777777778,17.342941496887708,0
2023-11-15 12:00:00,11.805627609411355,2.138224,0.4916666666666667,19.381844648473763,0
2023-11-15 13:00:00,11.706286828694006,2.138224,0.5044444444444445,19.635299572311876,0
2023-11-15 14:00:00,7.549834802737987,2.138224,0.5027777777777778,19.277406216253073,0
2023-11-15 15:00:00,10.460354774737196,2.138224,0.4811111111111111,19.912227426122556,0
2023-11-15 16:00:00,9.705183435275968,2.138224,0.4855555555555555,18.640225678199076,0
2023-11-15 17:00:00,7.728526725371719,2.138224,0.4888888888888889,19.34139306354116,0
2023-11-15 18:00:00,9.760932445559074,2.138224,0.455,19.071734616494556,0
2023-11-15 19:00:00,8.950723478186843,2.138224,0.43111111111111106,18.586571424243008,0
2023-11-15 20:00:00,9.830123082934808,2.138224,0.4444444444444444,19.432774864544246,0
2023-11-15 21:00:00,10.049319441324037,2.138224,0.46388888888888885,19.657989859267975,0
2023-11-15 22:00:00,11.855411930081198,2.138224,0.5477777777777778,19.062055419839425,0
2023-11-15 23:00:00,11.500585881086238,2.138224,0.6955555555555556,19.216216409570134,0
2023-11-16 00:00:00,10.046440904255649,2.138224,0.8649999999999999,19.5569520810286,0
2023-11-16 01:00:00,9.225932696201378,2.138224,0.9883333333333334,19.243135914693216,0
2023-11-16 02:00:00,7.656675065186398,2.138224,1.1283333333333332,18.40927000667061,0
2023-11-16 03:00:00,9.105961026959804,2.138224,1.3006666666666669,19.271851365599634,0
2023-11-16 04:00:00,9.565294487297345,2.138224,1.3155555555555556,19.190705169520694,0
2023-11-16 05:00:00,11.363584861576065,2.138224,1.3527777777777779,18.621599851179944,0
2023-11-16 06:00:00,9.235532099532675,2.138224,1.4072222222222222,17.618104249122563,0
2023-11-16 07:00:00,9.542238913089605,2.138224,1.3716666666666668,19.04751834643231,0
2023-11-16 08:00:00,9.23957961080316,2.138224,1.3477777777777777,18.913706775297523,0
2023-11-16 09:00:00,9.257391813816982,2.138224,1.232222222222222,19.06502370017078,0
2023-11-16 10:00:00,7.7155128292538455,2.138224,1.2444444444444445,18.861657240358934,0
2023-11-16 11:00:00,10.632266679738025,2.138224,1.1944444444444444,19.145524582863256,0
2023-11-16 12:00:00,10.77507192229576,2.138224,1.1566666666666665,19.06949545400702,0
2023-11-16 13:00:00,12.83727646720726,2.138224,1.0850000000000002,18.301941047138293,0
2023-11-16 14:00:00,10.96721087110887,2.138224,1.0283333333333333,18.6909258366242,0
2023-11-16 15:00:00,12.290288451251758,2.138224,0.9693333333333334,19.093590761608407,0
2023-11-16 16:00:00,9.983442698554262,2.138224,0.9566666666666667,19.275950215415453,0
2023-11-16 17:00:00,9.193406780603086,2.138224,0.9261111111111111,18.916188370968474,0
2023-11-16 18:00:00,9.114753336691658,2.138224,0.9313333333333335,19.324555471307793,1
2023-11-16 19:00:00,10.681703055396898,2.138224,0.95,19.820461033756846,0
2023-11-16 20:00:00,8.19692361276759,2.138224,0.9225,18.838663040706177,0
2023-11-16 21:00:00,8.194905434690913,2.138224,0.9808333333333333,19.690421389979008,0
2023-11-16 22:00:00,9.8209477632666,2.138224,1.0152777777777777,19.3744512151177,0
2023-11-16 23:00:00,8.613872798731549,2.138224,1.0393333333333334,19.914375701289742,0
2023-11-17 00:00:00,10.523764182989328,2.138224,1.0523333333333333,18.34866039717596,0
2023-11-17 01:00:00,10.63349068886745,2.138224,1.05,18.98984168539673,0
2023-11-17 02:00:00,11.342261341769523,2.138224,1.0676666666666665,18.802045009920484,0
2023-11-17 03:00:00,11.449048055232259,2.138224,1.1233333333333333,19.058115729260315,0
2023-11-17 04:00:00,9.143072287514789,2.138224,1.1416666666666666,18.478620598698217,0
2023-11-17 05:00:00,8.589061908196792,2.138224,1.1677777777777776,19.0632240736563,0
2023-11-17 06:00:00,8.324654764991347,2.138224,1.1723333333333332,18.469111578049002,0
2023-11-17 07:00:00,8.777041217308218,2.138224,1.1646666666666667,19.619998605720646,0
2023-11-17 08:00:00,9.983504517400329,2.138224,1.152777777777778,19.060583848633357,0
2023-11-17 09:00:00,10.659892032756408,2.138224,1.16,19.22369462835365,0
2023-11-17 10:00:00,9.025275575432861,2.138224,1.19,19.359395111815918,0
2023-11-17 11:00:00,9.884241057434842,2.138224,1.2127777777777777,17.752303333550987,0
2023-11-17 12:00:00,9.129937755831508,2.138224,1.1772222222222222,19.207269462323854,0
2023-11-17 13:00:00,10.730345134495918,2.138224,1.1916666666666667,19.218545952623458,0
2023-11-17 14:00:00,12.28668698091222,2.138224,1.1383333333333334,19.021091704649816,0
2023-11-17 15:00:00,10.88188664057291,2.138224,1.0777777777777777,19.294158653203702,0
2023-11-17 16:00:00,9.913024467437012,2.138224,1.106111111111111,18.693801743955408,0
2023-11-17 17:00:00,8.17197637874221,2.138224,1.0296666666666667,18.6232258775683,0
2023-11-17 18:00:00,8.653092358077643,2.138224,1.0294444444444444,18.877611538778723,0
2023-11-17 19:00:00,10.431562632833364,2.138224,1.0205555555555554,19.99479685611438,0
2023-11-17 20:00:00,10.411790496901782,2.138224,1.1122222222222222,18.437633973166516,0
2023-11-17 21:00:00,10.519389626844829,2.138224,1.1161111111111113,19.05121970631154,0
2023-11-17 22:00:00,11.816240458639877,2.138224,1.0505555555555555,18.60425239546031,0
2023-11-17 23:00:00,8.044273506691235,2.138224,1.0999999999999999,18.75227034960338,0
2023-11-18 00:00:00,9.522491369415725,2.138224,1.0944444444444443,18.559129522546584,0
2023-11-18 01:00:00,8.722482283430418,2.138224,1.0355555555555556,18.81741409958612,0
2023-11-18 02:00:00,10.092169291142207,2.138224,0.9983333333333334,19.179781760792483,0
2023-11-18 03:00:00,10.882223479294359,2.138224,1.0227777777777778,19.306358411266977,0
2023-11-18 04:00:00,10.840991320548115,2.138224,1.1133333333333333,18.70580684624809,0
2023-11-18 05:00:00,11.294448142068232,2.138224,1.16,18.699865403073005,0
2023-11-18 06:00:00,8.974222566439042,2.138224,1.106111111111111,19.798235557333076,0
2023-11-18 07:00:00,10.785431218001449,2.138224,1.1933333333333334,19.547708677439854,0
2023-11-18 08:00:00,8.992921290205627,2.138224,1.1844444444444444,19.309529874759416,0
2023-11-18 09:00:00,9.574870259411071,2.138224,1.3255555555555556,19.65579425538177,0
2023-11-18 10:00:00,8.897715020279943,2.138224,1.271111111111111,19.760436882316963,0
2023-11-18 11:00:00,8.774357782153116,2.138224,1.326111111111111,19.000641730670605,0
2023-11-18 12:00:00,9.563389245814276,2.138224,1.3627777777777776,18.666858696784633,0
2023-11-18 13:00:00,10.134106327753665,2.138224,1.3616666666666666,18.572996153217392,0
2023-11-18 14:00:00,10.751573964933327,2.138224,1.2938888888888889,19.241937806031512,0
2023-11-18 15:00:00,9.315592921241413,2.138224,1.3280555555555555,19.376583719062907,0
2023-11-18 16:00:00,12.967268489353396,2.138224,1.5453333333333332,18.26424161761073,0
2023-11-18 17:00:00,9.469666743292914,2.138224,1.7405555555555556,19.443734983490305,0
2023-11-18 18:00:00,9.181703820477326,2.138224,1.7172222222222222,17.825364195922333,0
2023-11-18 19:00:00,8.510070484468972,2.138224,1.78,19.676559484212657,0
2023-11-18 20:00:00,9.887062902362079,2.138224,1.672777777777778,18.92288825530145,0
2023-11-18 21:00:00,10.211062234338453,2.138224,1.5105555555555554,19.068103333646736,0
2023-11-18 22:00:00,10.506145383615442,2.138224,1.4438888888888888,18.98511468710664,0
2023-11-18 23:00:00,7.863017219445449,2.138224,1.5272222222222223,19.52781865792048,0
2023-11-19 00:00:00,9.401313114085234,2.138224,1.5594444444444446,19.140730875622907,0
2023-11-19 01:00:00,9.512976933160887,2.138224,1.578888888888889,18.68053902203272,0
2023-11-19 02:00:00,9.215264896606884,2.138224,1.5383333333333333,17.910427250222003,0
2023-11-19 03:00:00,7.998332693151748,2.138224,1.5201851851851853,19.930348220114407,0
2023-11-19 04:00:00,10.907664402332683,2.138224,1.3570370370370373,19.239393305124707,0
2023-11-19 05:00:00,9.358138479676192,2.138224,1.2905555555555555,18.34251747228416,0
2023-11-19 06:00:00,6.888334736726727,2.138224,1.2405555555555556,18.112025207939045,0
2023-11-19 07:00:00,9.293342796349805,2.138224,1.1422222222222222,19.68172450398423,0
2023-11-19 08:00:00,7.32953207896285,2.138224,1.2855555555555556,19.441130130375395,0
2023-11-19 09:00:00,11.546933214097516,2.138224,1.4211111111111112,19.501723136486223,0
2023-11-19 10:00:00,12.059044001530083,2.138224,1.5433333333333332,18.82494677499745,0
2023-11-19 11:00:00,7.050209379913639,2.138224,1.5905555555555555,19.300558626584444,0
2023-11-19 12:00:00,8.925662663078663,2.138224,1.5822222222222224,18.70390530106556,0
2023-11-19 13:00:00,9.001395833158218,2.138224,1.7822222222222222,19.617850584394358,0
2023-11-19 14:00:00,11.388138927261423,2.138224,1.9561111111111111,18.9427150342541,0
2023-11-19 15:00:00,8.571969088038584,2.138224,1.92,18.801800858848186,0
2023-11-19 16:00:00,10.09770645938326,2.138224,1.912222222222222,19.669554063789523,0
2023-11-19 17:00:00,9.160709242287448,2.138224,1.8361111111111112,19.20722784019939,0
2023-11-19 18:00:00,12.370678779286218,2.138224,1.7694444444444446,19.042684206274057,0
2023-11-19 19:00:00,8.99426157915821,2.138224,1.695,19.43446068870625,1
2023-11-19 20:00:00,9.388204473913603,2.138224,1.7188888888888887,19.505953613625454,0
2023-11-19 21:00:00,12.070060701927366,2.138224,1.8155555555555554,19.207998301056676,0
2023-11-19 22:00:00,9.637678658636084,2.138224,1.7544444444444445,18.65521601971101,0
2023-11-19 23:00:00,6.65876176873103,2.138224,1.8083333333333333,18.57986646333076,0
2023-11-20 00:00:00,7.9465968137882115,2.138224,1.7966666666666669,19.375155773211983,0
2023-11-20 01:00:00,12.431030502009305,2.138224,1.7672222222222222,19.23284286172787,0
2023-11-20 02:00:00,8.364486714899153,2.138224,1.8411111111111111,18.624307452279677,0
2023-11-20 03:00:00,9.28520292521758,2.138224,1.7122222222222223,18.157671664813993,0
2023-11-20 04:00:00,9.655963538026493,2.138224,1.7233333333333334,19.458666922917633,0
2023-11-20 05:00:00,12.051958223398636,2.138224,1.785,18.67738143225436,0
2023-11-20 06:00:00,8.310957169166336,2.138224,1.8727777777777777,19.135150919893906,0
2023-11-20 07:00:00,10.779893944349807,2.138224,1.773888888888889,19.958866960967985,0
2023-11-20 08:00:00,11.91180349544183,2.138224,1.646111111111111,18.13184771794009,0
2023-11-20 09:00:00,9.917538403715596,2.138224,1.5266666666666666,19.462648862635298,0
2023-11-20 10:00:00,12.009039962840186,2.138224,1.615,19.277256181120674,0
2023-11-20 11:00:00,10.983401235132431,2.138224,1.5199999999999998,19.233604448936187,0
2023-11-20 12:00:00,11.016490677394563,2.138224,1.4649999999999999,17.78520649460518,0
2023-11-20 13:00:00,10.900079529296674,2.138224,1.3783333333333334,18.107303098292377,0
2023-11-20 14:00:00,9.840270132469511,2.138224,1.3544444444444446,18.417193145662768,0
2023-11-20 15:00:00,11.049065199548878,2.138224,1.406666666666667,19.501550115976574,0
2023-11-20 16:00:00,10.22884466226991,2.138224,1.3305555555555555,19.081057892513954,0
2023-11-20 17:00:00,9.73133849898135,2.138224,1.2783333333333333,18.19052681477964,0
2023-11-20 18:00:00,12.419849635102176,2.138224,1.2727777777777778,19.765098002232694,0
2023-11-20 19:00:00,12.314648738196722,2.138224,1.198888888888889,18.43850755609907,0
2023-11-20 20:00:00,10.51534225550906,2.138224,1.1227777777777777,19.877920375657045,0
2023-11-20 21:00:00,9.71867683257175,2.138224,1.1849999999999998,18.678532046672103,0
2023-11-20 22:00:00,12.458163289329761,2.138224,1.1994444444444443,19.54105765005684,0
2023-11-20 23:00:00,10.179567512342311,2.138224,1.18,19.29698419596328,0
2023-11-21 00:00:00,9.544427671540468,2.138224,1.1883333333333335,19.52236308020673,0
2023-11-21 01:00:00,11.946547661408495,2.138224,1.1366666666666667,18.457799577109842,0
2023-11-21 02:00:00,9.317728983673469,2.138224,1.105,19.17196851728431,0
2023-11-21 03:00:00,11.36032353246211,2.138224,1.215,19.15375455837248,0
2023-11-21 04:00:00,9.117839814771576,2.138224,1.2550000000000001,19.45713981116576,0
2023-11-21 05:00:00,11.914216817055193,2.138224,1.2166666666666666,18.827381117476666,0
2023-11-21 06:00:00,10.252103553874385,2.138224,1.4144444444444444,18.9792998299014,0
2023-11-21 07:00:00,10.656547460181839,2.138224,1.392777777777778,19.007059536351722,0
2023-11-21 08:00:00,10.021784361423638,2.138224,1.2961111111111112,19.6625514548102,0
2023-11-21 09:00:00,9.600024654896492,2.138224,1.2916666666666667,18.90673537222028,0
2023-11-21 10:00:00,9.420966622946612,2.138224,1.3694444444444445,19.38243486040159,0
2023-11-21 11:00:00,11.280553866314676,2.138224,1.271111111111111,19.022000245409913,0
2023-11-21 12:00:00,8.241183854500983,2.138224,1.291111111111111,19.818895711055614,0
2023-11-21 13:00:00,9.963475005656994,2.138224,1.291111111111111,19.29849564063682,0
2023-11-21 14:00:00,9.094665644932629,2.138224,1.387,19.158100331454904,0
2023-11-21 15:00:00,9.31066166471567,2.138224,1.325,18.925298405579014,0
2023-11-21 16:00:00,8.916939885151914,2.138224,1.3150000000000002,17.25005581578451,0
2023-11-21 17:00:00,9.788764838408314,2.138224,1.5327777777777778,18.79566063996403,0
2023-11-21 18:00:00,9.605181299438263,2.138224,1.601111111111111,19.50196485496174,0
2023-11-21 19:00:00,10.279931861401364,2.138224,1.651111111111111,18.929434647515464,0
2023-11-21 20:00:00,11.153499686728823,2.138224,1.788888888888889,19.862244686342393,0
2023-11-21 21:00:00,11.043679958028918,2.138224,1.7830555555555556,19.228853810045685,0
2023-11-21 22:00:00,9.774175252204298,2.138224,1.9405555555555558,18.946665377860377,0
2023-11-21 23:00:00,7.621197661391045,2.138224,2.151111111111111,18.71079658593197,0
2023-11-22 00:00:00,8.344269444425425,2.138224,2.4394444444444443,18.769037712416758,0
2023-11-22 01:00:00,8.796392536423806,2.138224,2.6633333333333336,19.079832428467217,0
2023-11-22 02:00:00,9.652926859103562,2.138224,2.8000000000000003,18.900049458286784,0
2023-11-22 03:00:00,11.201734662204531,2.138224,3.0594444444444444,18.191233505306332,0
2023-11-22 04:00:00,11.02995775774908,2.138224,3.2972222222222225,19.87715620716506,0
2023-11-22 05:00:00,12.540584057065933,2.138224,3.4488888888888893,18.279320201583136,0
2023-11-22 06:00:00,9.282437948658393,2.138224,3.798888888888889,18.93760431837063,0
2023-11-22 07:00:00,8.918284667636263,2.138224,3.8016666666666663,18.842213404031863,0
2023-11-22 08:00:00,9.422040128323255,2.138224,3.8011111111111107,18.414378364186152,0
2023-11-22 09:00:00,10.483513008779456,2.138224,3.761944444444444,18.335537201628927,0
2023-11-22 10:00:00,8.422587709538552,2.138224,3.428666666666667,18.252701393210415,0
2023-11-22 11:00:00,6.955273387525416,2.138224,3.244444444444445,18.66453559501178,0
2023-11-22 12:00:00,11.401846935777469,2.138224,3.3744444444444444,18.91154109501534,0
2023-11-22 13:00:00,9.75999621959138,2.138224,3.8744444444444444,18.8097202343086,0
2023-11-22 14:00:00,8.042922970037766,2.138224,3.7816666666666663,18.23022850315679,0
2023-11-22 15:00:00,12.073683556841365,2.138224,4.231111111111111,18.830638243481115,1
2023-11-22 16:00:00,9.120553775863645,2.138224,4.128333333333333,18.50873764674219,0
2023-11-22 17:00:00,10.37875107666882,2.138224,3.684444444444445,19.45105218242188,0
2023-11-22 18:00:00,8.241799041638382,2.138224,3.1538888888888885,18.71826230148835,0
2023-11-22 19:00:00,11.324172811607026,2.138224,3.0933333333333337,19.047924516513593,0
2023-11-22 20:00:00,9.98587831166265,2.138224,3.0877777777777777,19.677749633748594,0
2023-11-22 21:00:00,10.409434656181217,2.138224,2.8038888888888884,18.529485809683326,0
2023-11-22 22:00:00,10.92510307101904,2.138224,2.606666666666667,18.552060285669814,0
2023-11-22 23:00:00,10.526960739023314,2.138224,2.4766666666666666,18.842026494150197,0
2023-11-23 00:00:00,8.624420868997367,2.138224,2.5527777777777776,19.11788940033036,0
2023-11-23 01:00:00,10.873983378110717,2.138224,2.3427777777777776,19.32273525939934,0
2023-11-23 02:00:00,9.758309139757854,2.138224,2.266111111111111,18.640322851012602,0
2023-11-23 03:00:00,9.326717464660861,2.138224,2.1755555555555555,18.48044623640085,0
2023-11-23 04:00:00,10.494777386453487,2.138224,2.022222222222222,19.110264926002117,0
2023-11-23 05:00:00,11.91844554112651,2.138224,1.9549999999999998,19.432258361345337,0
2023-11-23 06:00:00,11.344155157972017,2.138224,1.818888888888889,19.310603563551254,0
2023-11-23 07:00:00,7.12545391523368,2.138224,1.7316666666666667,18.565030673250327,0
2023-11-23 08:00:00,8.468205690783494,2.138224,1.6983333333333333,18.05123675184809,0
2023-11-23 09:00:00,8.95883290792715,2.138224,1.7666666666666666,18.3330659127538,1
2023-11-23 10:00:00,11.62536662835894,2.138224,1.7755555555555558,18.673822643760435,0
2023-11-23 11:00:00,11.209257680458478,2.138224,1.676111111111111,18.815090163982273,0
2023-11-23 12:00:00,8.522031953865154,2.138224,1.6966666666666665,19.73228006093368,0
2023-11-23 13:00:00,8.539578499393137,2.138224,1.7038888888888888,19.299031975581162,0
2023-11-23 14:00:00,9.427140454389743,2.138224,1.6455555555555554,19.251848038059734,0
2023-11-23 15:00:00,10.001710498905611,2.138224,1.6105555555555557,18.84839490294249,0
2023-11-23 16:00:00,10.93687801333985,2.138224,1.4644444444444444,18.368816765977652,0
2023-11-23 17:00:00,10.538057821953503,2.138224,1.4480555555555554,19.33094580087771,1
2023-11-23 18:00:00,10.993636704726159,2.138224,1.3653333333333333,19.15993478352044,0
2023-11-23 19:00:00,12.693067062724921,2.138224,1.2811111111111113,17.923701029088466,0
2023-11-23 20:00:00,11.051254435428092,2.138224,1.3027777777777778,17.895781751552803,0
2023-11-23 21:00:00,7.476525429184751,2.138224,1.1833333333333331,19.307461120243737,0
2023-11-23 22:00:00,8.511347090180227,2.138224,1.1460000000000001,19.31871414190806,0
2023-11-23 23:00:00,7.050325854406775,2.138224,1.1011111111111112,19.17604754633423,0
2023-11-24 00:00:00,8.843375936600205,2.138224,1.1133333333333335,18.829423132534973,0
2023-11-24 01:00:00,7.066089358816406,2.138224,1.1311111111111112,19.190134187754797,0
2023-11-24 02:00:00,8.581766960712132,2.138224,1.1300000000000001,18.7012636917597,0
2023-11-24 03:00:00,7.0919641172964125,2.138224,0.9888888888888889,18.361827815830846,0
2023-11-24 04:00:00,11.110207209200086,2.138224,0.9249999999999999,19.192624777129748,0
2023-11-24 05:00:00,9.372830794066148,2.138224,0.9383333333333334,19.185726739899497,0
2023-11-24 06:00:00,10.079910299032566,2.138224,1.0316666666666667,18.478358510462517,0
2023-11-24 07:00:00,10.459768521606152,2.138224,1.075,18.050094778561558,0
2023-11-24 08:00:00,9.545951251766034,2.138224,0.9477777777777777,19.134173278370042,0
2023-11-24 09:00:00,11.127899543619144,2.138224,0.956111111111111,19.497152515218065,0
2023-11-24 10:00:00,8.993169400674015,2.138224,0.9505555555555555,18.798527912282708,1
2023-11-24 11:00:00,9.708487587671682,2.138224,0.8677777777777779,18.03973608762817,0
2023-11-24 12:00:00,10.844591008748672,2.138224,0.8655555555555555,18.5520378794736,0
2023-11-24 13:00:00,9.251204787354242,2.138224,0.89,19.53471784830738,0
2023-11-24 14:00:00,9.115749342050332,2.138224,0.8922222222222222,19.128339369869746,0
2023-11-24 15:00:00,9.780927797916604,2.138224,0.9316666666666666,18.634709690486407,0
2023-11-24 16:00:00,11.838329100805565,2.138224,0.8411111111111111,19.07449489985535,0
2023-11-24 17:00:00,10.737786276828492,2.138224,0.8155555555555556,18.709805855805225,0
2023-11-24 18:00:00,8.729012010235365,2.138224,0.8577777777777778,19.29333177141396,0
2023-11-24 19:00:00,10.770234416420784,2.138224,0.8588888888888889,19.447582853278927,0
2023-11-24 20:00:00,10.72420014505093,2.138224,0.9405555555555556,19.306630251501485,0
2023-11-24 21:00:00,9.442911018579265,2.138224,1.0777777777777777,18.798656053724848,0
2023-11-24 22:00:00,9.359073216214545,2.138224,1.1427777777777777,19.32114672265337,0
2023-11-24 23:00:00,10.935471479862306,2.138224,1.2133333333333332,17.531573572238205,0
2023-11-25 00:00:00,10.157332988210086,2.138224,1.3777777777777775,19.63535044614429,0
2023-11-25 01:00:00,8.901154532292695,2.138224,1.603888888888889,18.967344503046256,0
2023-11-25 02:00:00,7.936978102929657,2.138224,1.8066666666666666,18.00780287782941,0
2023-11-25 03:00:00,8.711272143887845,2.138224,1.6655555555555557,17.31113661632252,0
2023-11-25 04:00:00,9.918187489483245,2.138224,1.5133333333333334,18.513777923861934,0
2023-11-25 05:00:00,8.16015175751138,2.138224,1.5516666666666665,19.913266464891734,0
2023-11-25 06:00:00,9.170491233754356,2.138224,1.5755555555555556,19.26126948717226,0
2023-11-25 07:00:00,9.090469104883697,2.138224,1.3727777777777777,18.970212705248297,0
2023-11-25 08:00:00,10.44778792224096,2.138224,1.4466666666666665,18.94236817716188,0
2023-11-25 09:00:00,9.852100801553869,2.138224,1.34,18.553293784256827,0
2023-11-25 10:00:00,11.274350547995006,2.138224,1.3705555555555555,17.867461109517162,0
2023-11-25 11:00:00,9.752059613498206,2.138224,1.317777777777778,19.787212102688446,0
2023-11-25 12:00:00,11.760610746544963,2.138224,1.2016666666666667,19.380217001200705,0
2023-11-25 13:00:00,9.031697505943708,2.138224,1.1172222222222221,19.32164524817574,0
2023-11-25 14:00:00,9.833916586906874,2.138224,1.075,18.892849958462623,0
2023-11-25 15:00:00,9.099313560352266,2.138224,1.0694444444444444,18.940586250406927,0
2023-11-25 16:00:00,9.416913680774831,2.138224,1.0472222222222223,18.570316665139217,0
2023-11-25 17:00:00,8.59769487931015,2.138224,0.9838888888888889,19.394616411386938,0
2023-11-25 18:00:00,10.83248323848391,2.138224,0.8772222222222222,18.98283569823558,0
2023-11-25 19:00:00,10.514797013507662,2.138224,0.7944444444444444,18.257020260949258,0
2023-11-25 20:00:00,10.40191524620944,2.138224,0.7233333333333333,19.097386794080986,0
2023-11-25 21:00:00,9.5232457840454,2.138224,0.7116666666666666,18.936238177717097,0
2023-11-25 22:00:00,10.47386115658259,2.138224,0.6483333333333333,19.00315768256562,0
2023-11-25 23:00:00,9.523695309684834,2.138224,0.6305555555555555,18.285139319022537,0
2023-11-26 00:00:00,10.884657454820433,2.138224,0.6333333333333333,18.937574397929744,0
2023-11-26 01:00:00,9.121509323092175,2.138224,0.6088888888888889,18.697378126771564,0
2023-11-26 02:00:00,10.925494196821527,2.138224,0.5938888888888888,19.245478860923395,0
2023-11-26 03:00:00,11.20684745336298,2.138224,0.5572222222222223,19.20911752493589,0
2023-11-26 04:00:00,9.171326612179799,2.138224,0.545,19.68410624514279,0
2023-11-26 05:00:00,9.931477646069625,2.138224,0.5555555555555556,19.25915481904853,0
2023-11-26 06:00:00,9.235878671483297,2.138224,0.5494444444444445,18.934378665823342,0
2023-11-26 07:00:00,10.425614533593288,2.138224,0.5444444444444444,18.96656233049169,0
2023-11-26 08:00:00,9.6650202936989,2.138224,0.5458333333333334,19.610669077730822,0
2023-11-26 09:00:00,9.863146210372973,2.138224,0.5233333333333333,18.990316442726936,0
2023-11-26 10:00:00,10.80272189191418,2.138224,0.5283333333333333,19.310532070411494,0
2023-11-26 11:00:00,10.558191129260083,2.138224,0.5461111111111111,18.345000842497814,0
2023-11-26 12:00:00,8.307746128654033,2.138224,0.6005555555555556,19.05293501989098,0
2023-11-26 13:00:00,10.809462288851256,2.138224,0.6522222222222223,18.710762013383285,0
2023-11-26 14:00:00,8.7047070088947,2.138224,0.7372222222222221,19.639119424266834,0
2023-11-26 15:00:00,9.900052593090743,2.138224,0.8811111111111112,18.877529135801236,0
2023-11-26 16:00:00,9.161595707419684,2.138224,1.0161111111111112,18.837717313650643,0
2023-11-26 17:00:00,11.005154256152728,2.138224,1.2255555555555555,19.19854058340225,0
2023-11-26 18:00:00,12.566884857936548,2.138224,1.3772222222222223,19.20151145810833,0
2023-11-26 19:00:00,9.658097869720871,2.138224,1.662222222222222,17.78909421096972,0
2023-11-26 20:00:00,8.641957880432978,2.138224,1.8438888888888891,18.798897345466557,0
2023-11-26 21:00:00,10.82868105793858,2.138224,1.9594444444444443,18.068902356174984,0
2023-11-26 22:00:00,11.2534935796091,2.138224,2.0383333333333336,19.101848062660803,0
2023-11-26 23:00:00,9.749127573673972,2.138224,2.153888888888889,19.331335369791116,0
2023-11-27 00:00:00,8.153359898086814,2.138224,2.3944444444444444,19.313513579130458,0
2023-11-27 01:00:00,9.677254767263879,2.138224,2.658888888888889,18.688284046907295,0
2023-11-27 02:00:00,10.731184577192801,2.138224,2.8588888888888886,19.272406878095385,0
2023-11-27 03:00:00,9.849845483070483,2.138224,2.961111111111111,18.966945035195536,0
2023-11-27 04:00:00,7.531986846815592,2.138224,2.8683333333333336,20.0,0
2023-11-27 05:00:00,11.86334221634254,2.138224,2.598888888888889,19.477858125880456,0
2023-11-27 06:00:00,9.872093420719063,2.138224,2.7544444444444447,19.62719646256784,0
2023-11-27 07:00:00,10.442392320991571,2.138224,2.8177777777777777,19.333529639740437,0
2023-11-27 08:00:00,11.289634296944685,2.138224,3.156111111111111,19.11827262882807,0
2023-11-27 09:00:00,11.214315221774257,2.138224,3.148888888888889,19.349352294565723,0
2023-11-27 10:00:00,10.590822916568532,2.138224,3.2733333333333334,18.186358590329046,0
2023-11-27 11:00:00,10.961979808037404,2.138224,3.162777777777778,19.154581912758985,0
2023-11-27 12:00:00,9.645020625823216,2.138224,2.946111111111111,18.876310608045753,0
2023-11-27 13:00:00,10.238797681387117,2.138224,2.7905555555555552,19.345138518371236,0
2023-11-27 14:00:00,9.639939659872029,2.138224,2.391666666666667,19.500882949122964,0
2023-11-27 15:00:00,11.62974593984093,2.138224,2.4183333333333334,19.542212817853947,0
2023-11-27 16:00:00,7.4888630352568155,2.138224,2.2688888888888887,18.952984489862647,0
2023-11-27 17:00:00,10.898282060819023,2.138224,2.2916666666666665,19.12552404322422,0
2023-11-27 18:00:00,11.84823124716239,2.138224,2.213888888888889,19.40715030477948,0
2023-11-27 19:00:00,8.621559202574257,2.138224,2.0500000000000003,19.20038059204926,0
2023-11-27 20:00:00,10.958280351154393,2.138224,1.931111111111111,18.878283500397817,0
2023-11-27 21:00:00,9.690211996692929,2.138224,1.801111111111111,18.918603595282296,0
2023-11-27 22:00:00,11.878897289927503,2.138224,1.7577777777777779,19.99439994964638,0
2023-11-27 23:00:00,9.89588668538054,2.138224,1.8033333333333335,19.42489212232198,0
2023-11-28 00:00:00,7.463680537294386,2.138224,1.9744444444444442,18.78044341017152,0
2023-11-28 01:00:00,12.233970488737,2.138224,2.19,19.070161895347603,0
2023-11-28 02:00:00,9.77198937329817,2.138224,2.1444444444444444,18.267782263550604,0
2023-11-28 03:00:00,10.62396781108153,2.138224,2.247777777777778,18.359524819413394,0
2023-11-28 04:00:00,10.677410261665992,2.138224,2.0394444444444444,19.037286050000613,0
2023-11-28 05:00:00,11.346872391774498,2.138224,2.138888888888889,18.924366703150103,0
2023-11-28 06:00:00,8.866130134174698,2.138224,2.1038888888888887,19.080588308914244,0
2023-11-28 07:00:00,10.41508742757088,2.138224,2.2083333333333335,19.551305270385985,0
2023-11-28 08:00:00,8.803216700356579,2.138224,2.4755555555555557,19.469108255902764,0
2023-11-28 09:00:00,8.299793432483597,2.138224,2.4466666666666668,19.357958571135615,0
2023-11-28 10:00:00,11.528815486526405,2.138224,2.3766666666666665,19.706783624711758,0
2023-11-28 11:00:00,9.516538317860606,2.138224,2.292777777777778,19.390570890841264,0
2023-11-28 12:00:00,11.216548376318393,2.138224,2.14,18.889575433990633,0
2023-11-28 13:00:00,11.60718160046418,2.138224,1.9294444444444443,18.52866277393704,0
2023-11-28 14:00:00,8.4843949551703,2.138224,1.9944444444444445,18.832020822235226,0
2023-11-28 15:00:00,10.205082304809492,2.138224,1.7988888888888888,19.366509998892305,0
2023-11-28 16:00:00,9.107571714088722,2.138224,1.6616666666666664,19.635573572373076,0
2023-11-28 17:00:00,12.46093477234515,2.138224,1.606111111111111,18.796351863816696,0
2023-11-28 18:00:00,9.241424774408491,2.138224,1.711111111111111,19.635992830817006,0
2023-11-28 19:00:00,11.086456867428936,2.138224,1.7888888888888888,19.256092182027327,0
2023-11-28 20:00:00,9.777291217961908,2.138224,2.0272222222222225,18.675742083327943,0
2023-11-28 21:00:00,10.235590771826741,2.138224,2.1461111111111113,19.315776637063852,0
2023-11-28 22:00:00,11.057450597821513,2.138224,2.4527777777777775,18.72998916280473,0
2023-11-28 23:00:00,8.402213282365773,2.138224,2.4766666666666666,19.14607641743854,0
2023-11-29 00:00:00,7.952800672232787,2.138224,2.5177777777777774,18.87125739684981,0
2023-11-29 01:00:00,10.048432629207321,2.138224,2.5661111111111112,19.292330052734794,0
2023-11-29 02:00:00,9.739447245163367,2.138224,2.317222222222222,18.13240254865078,0
2023-11-29 03:00:00,12.570434392305751,2.138224,2.291111111111111,18.898605818046494,0
2023-11-29 04:00:00,11.034782026142226,2.138224,2.127222222222222,19.37556283899384,0
2023-11-29 05:00:00,10.55104628214291,2.138224,2.168888888888889,19.247057146668197,0
2023-11-29 06:00:00,7.773786683539068,2.138224,1.9255555555555557,18.99690837216828,0
2023-11-29 07:00:00,9.534384769552817,2.138224,1.8983333333333334,19.013645459266655,0
2023-11-29 08:00:00,14.67082143099528,2.138224,1.7938888888888889,19.051948632268594,0
2023-11-29 09:00:00,10.60684409088773,2.138224,1.7666666666666666,19.626560117312,0
2023-11-29 10:00:00,11.1959155524734,2.138224,1.7666666666666666,18.961401751516547,0
2023-11-29 11:00:00,10.290245880351574,2.138224,1.6672222222222224,19.14062159556854,0
2023-11-29 12:00:00,9.182684333291121,2.138224,1.5005555555555556,19.276030767624658,0
2023-11-29 13:00:00,11.325083160780574,2.138224,1.3133333333333332,18.495792435949493,0
2023-11-29 14:00:00,10.2352683225011,2.138224,1.1972222222222222,19.313832984372258,0
2023-11-29 15:00:00,9.99048483218124,2.138224,1.0255555555555556,18.901745697888625,0
2023-11-29 16:00:00,13.321676330109613,2.138224,0.9322222222222223,18.43231089615789,0
2023-11-29 17:00:00,10.761693567654993,2.138224,0.9094444444444445,18.207932334967488,0
2023-11-29 18:00:00,10.662454862088488,2.138224,0.8911111111111111,19.158598610698338,0
2023-11-29 19:00:00,11.423618766400358,2.138224,0.8583333333333334,19.52540218533752,0
2023-11-29 20:00:00,8.52255354771214,2.138224,0.9216666666666667,19.742139887673684,0
2023-11-29 21:00:00,12.415223214143557,2.138224,0.9211111111111111,19.256692302590952,0
2023-11-29 22:00:00,9.670643186970672,2.138224,0.9472222222222223,19.03709341320629,0
2023-11-29 23:00:00,12.392737002563345,2.138224,0.9972222222222222,19.850733324839936,0
2023-11-30 00:00:00,9.517615982659263,2.138224,1.0438888888888889,18.63953181682202,0
2023-11-30 01:00:00,8.686590240951022,2.138224,1.1577777777777778,19.54427829337124,0
2023-11-30 02:00:00,8.210301322849558,2.138224,1.2533333333333332,19.38419023955853,0
2023-11-30 03:00:00,10.092453896755684,2.138224,1.3511111111111112,18.53512777851814,0
2023-11-30 04:00:00,11.575258943065622,2.138224,1.4172222222222224,19.64434486837688,0
2023-11-30 05:00:00,8.607594985277288,2.138224,1.3950000000000002,18.872489176399082,0
2023-11-30 06:00:00,11.171101506179928,2.138224,1.3394444444444444,19.10077369602606,0
2023-11-30 07:00:00,9.053684356273386,2.138224,1.2938888888888889,18.237304481185788,0
2023-11-30 08:00:00,10.831355215117462,2.138224,1.3555555555555554,18.65158456048108,0
2023-11-30 09:00:00,8.360866909043068,2.138224,1.3172222222222223,18.64274221427384,0
2023-11-30 10:00:00,12.03846282854304,2.138224,1.2233333333333334,19.279612071599654,0
2023-11-30 11:00:00,8.9214564964426,2.138224,1.21,19.063065916547156,0
2023-11-30 12:00:00,7.37810954046089,2.138224,1.1627777777777777,19.48481517241023,0
2023-11-30 13:00:00,12.081159403236517,2.138224,1.1716666666666666,18.179157001188383,0
2023-11-30 14:00:00,9.395841859586996,2.138224,1.0811111111111111,17.828098485894635,0
2023-11-30 15:00:00,11.6574107342423,2.138224,1.0105555555555557,19.404945816604442,0
2023-11-30 16:00:00,11.925611869162646,2.138224,0.9105555555555557,19.036959652566935,0
2023-11-30 17:00:00,12.098164447769832,2.138224,0.846111111111111,18.715186490459164,0
2023-11-30 18:00:00,11.746444624224353,2.138224,0.87,19.32603270302248,0
2023-11-30 19:00:00,9.825670053866087,2.138224,0.9155555555555556,19.62664053385487,0
2023-11-30 20:00:00,9.854607607753456,2.138224,1.1194444444444445,19.069570308319204,0
2023-11-30 21:00:00,10.33907420149969,2.138224,1.238888888888889,19.036575403496666,0
2023-11-30 22:00:00,10.385497312133344,2.138224,1.3516666666666668,18.621668473996316,0
2023-11-30 23:00:00,8.985521849983936,2.138224,1.4916666666666665,18.583881609272627,0
2023-12-01 00:00:00,5.036695214605765,2.138224,1.555,19.20026737491186,0
2023-12-01 01:00:00,8.068117743040355,2.138224,1.6466666666666667,18.671500622128004,0
2023-12-01 02:00:00,5.636125024649384,2.138224,1.6705555555555556,18.756576531891017,0
2023-12-01 03:00:00,7.523092947488622,2.138224,1.5894444444444444,18.633177822949275,0
2023-12-01 04:00:00,6.523385758603543,2.138224,1.6316666666666666,18.971868711389643,0
2023-12-01 05:00:00,5.7885762797778595,2.138224,1.7333333333333334,19.509364264320514,0
2023-12-01 06:00:00,7.70381125577617,2.138224,1.7188888888888887,18.27058525030442,0
2023-12-01 07:00:00,6.15291639468965,2.138224,1.5538888888888887,18.172543115331447,0
2023-12-01 08:00:00,6.954379004936122,2.138224,1.4672222222222222,18.47935166368016,1
2023-12-01 09:00:00,4.758427370869502,2.138224,1.402777777777778,19.63585681661751,0
2023-12-01 10:00:00,6.1099898881813735,2.138224,1.3716666666666668,19.101136250220257,0
2023-12-01 11:00:00,4.970376586826535,2.138224,1.3055555555555556,19.491886749795018,0
2023-12-01 12:00:00,5.896131349674168,2.138224,1.2766666666666666,18.96854992222836,0
2023-12-01 13:00:00,5.529867437051098,2.138224,1.2,18.20645770658634,0
2023-12-01 14:00:00,5.921300106339568,2.138224,1.093888888888889,18.80324973773085,0
2023-12-01 15:00:00,4.935399248967358,2.138224,0.9727777777777779,18.66808405349187,0
2023-12-01 16:00:00,7.348138755820148,2.138224,0.9444444444444443,17.369739125360052,0
2023-12-01 17:00:00,4.174474726698253,2.138224,0.9033333333333333,19.508807144956503,0
2023-12-01 18:00:00,6.7660662226898785,2.138224,0.9011111111111111,18.63852809728511,0
2023-12-01 19:00:00,6.027373634835115,2.138224,0.9122222222222223,17.697055728656327,0
2023-12-01 20:00:00,5.091557372580229,2.138224,0.8811111111111112,18.839536294349216,0
2023-12-01 21:00:00,6.811020805277863,2.138224,0.9605555555555556,18.691104939695077,0
2023-12-01 22:00:00,5.290751759013183,2.138224,0.976111111111111,18.741801045001136,0
2023-12-01 23:00:00,3.6184241764711422,2.138224,1.0127777777777778,19.28565306501842,0
2023-12-02 00:00:00,7.362510142924958,2.138224,0.9872222222222223,19.27051455000061,0
2023-12-02 01:00:00,5.376575899681444,2.138224,1.0455555555555556,19.556238176297214,0
2023-12-02 02:00:00,4.398094311987143,2.138224,1.0727777777777778,18.27915918791898,0
2023-12-02 03:00:00,4.5145014724077965,2.138224,1.0577777777777777,19.53913492700148,0
2023-12-02 04:00:00,7.710827175830739,2.138224,1.0494444444444444,18.928531260957588,0
2023-12-02 05:00:00,3.7982192998125086,2.138224,1.055,18.907252613783076,0
2023-12-02 06:00:00,7.082392416081867,2.138224,1.0077777777777779,18.852593808361224,0
2023-12-02 07:00:00,6.651429426460009,2.138224,0.9438888888888889,19.21190410359594,0
2023-12-02 08:00:00,6.817011651021602,2.138224,0.9183333333333333,19.47249204286967,0
2023-12-02 09:00:00,6.378207019405969,2.138224,0.8661111111111112,18.335384211061292,0
2023-12-02 10:00:00,5.505653200166041,2.138224,0.8516666666666666,19.456366105112366,0
2023-12-02 11:00:00,7.904813665549543,2.138224,0.8866666666666667,18.971521049784194,0
2023-12-02 12:00:00,5.382962321879518,2.138224,1.0244444444444445,18.92064843478798,0
2023-12-02 13:00:00,4.0350334518936295,2.138224,1.0494444444444444,18.987352154439655,0
2023-12-02 14:00:00,6.3297161186218895,2.138224,1.17,19.230424018622855,0
2023-12-02 15:00:00,6.622094804068475,2.138224,1.3433333333333335,18.85350594850239,0
2023-12-02 16:00:00,8.579833849073562,2.138224,1.4544444444444444,18.627706545035934,0
2023-12-02 17:00:00,5.924201114419447,2.138224,1.5944444444444443,18.446091086952404,0
2023-12-02 18:00:00,6.138759763436263,2.138224,1.5705555555555557,18.85488354137787,0
2023-12-02 19:00:00,9.408156868722644,2.138224,1.601111111111111,17.985553317473574,0
2023-12-02 20:00:00,6.444156941786674,2.138224,1.5616666666666668,19.6210838050978,0
2023-12-02 21:00:00,6.933688243945562,2.138224,1.5005555555555556,18.367881828103844,0
2023-12-02 22:00:00,7.620577968023356,2.138224,1.5183333333333333,18.24564074630715,0
2023-12-02 23:00:00,6.536196212419404,2.138224,1.5633333333333335,19.260970489699332,0
2023-12-03 00:00:00,6.867303899336203,2.138224,1.5505555555555557,18.081400365595314,0
2023-12-03 01:00:00,8.643348137555778,2.138224,1.473888888888889,19.53719969084953,0
2023-12-03 02:00:00,6.5546195691628535,2.138224,1.5055555555555555,19.10724253062076,0
2023-12-03 03:00:00,5.83002905683847,2.138224,1.3972222222222221,19.089033730568804,0
2023-12-03 04:00:00,5.947002937023817,2.138224,1.3383333333333336,19.18048366000763,0
2023-12-03 05:00:00,5.96928152772039,2.138224,1.2283333333333333,18.968976560837948,0
2023-12-03 06:00:00,6.242194548678338,2.138224,1.1655555555555555,19.14289814996852,0
2023-12-03 07:00:00,5.616160078967494,2.138224,1.1205555555555555,19.52782966788796,0
2023-12-03 08:00:00,4.230352179343883,2.138224,1.0538888888888889,19.22493000744115,0
2023-12-03 09:00:00,5.937636445752037,2.138224,1.0766666666666669,18.918777424512317,0
2023-12-03 10:00:00,6.3330983818035405,2.138224,1.0955555555555556,18.58651303455328,0
2023-12-03 11:00:00,8.146685227374254,2.138224,1.2055555555555555,19.478389896500563,0
2023-12-03 12:00:00,5.7884504161125685,2.138224,1.2755555555555556,19.015325624858093,0
2023-12-03 13:00:00,4.651082939914315,2.138224,1.5750000000000002,17.419395562605505,0
2023-12-03 14:00:00,6.140119936540924,2.138224,1.8827777777777779,18.809053607424772,0
2023-12-03 15:00:00,6.804302681373408,2.138224,2.0388888888888888,19.59450137607647,0
2023-12-03 16:00:00,5.823651120350388,2.138224,2.2666666666666666,19.58539600149993,0
2023-12-03 17:00:00,7.782301451287716,2.138224,2.180555555555556,19.543377623591137,0
2023-12-03 18:00:00,6.112113177330098,2.138224,2.2383333333333333,18.98316343802213,0
2023-12-03 19:00:00,5.308820213457996,2.138224,2.187222222222222,19.387566227659786,0
2023-12-03 20:00:00,8.450273123176911,2.138224,2.0577777777777775,19.29044672001623,0
2023-12-03 21:00:00,7.457591929362546,2.138224,2.0666666666666664,18.760350002881065,0
2023-12-03 22:00:00,6.676265987852179,2.138224,1.8994444444444445,18.57797497296567,0
2023-12-03 23:00:00,5.607962487393645,2.138224,1.9493333333333331,18.509465572589654,0
2023-12-04 00:00:00,6.4714659152760206,2.138224,1.8866666666666667,19.427192088548754,0
2023-12-04 01:00:00,7.373983596173372,2.138224,1.8027777777777778,18.515499470461094,0
2023-12-04 02:00:00,4.745740513425098,2.138224,1.79,19.871610515981786,0
2023-12-04 03:00:00,6.516249360240098,2.138224,1.6994444444444443,19.347047334312673,0
2023-12-04 04:00:00,5.76784967975614,2.138224,1.6544444444444446,19.715487491265975,0
2023-12-04 05:00:00,6.7718659560121885,2.138224,1.59,19.33308784859476,0
2023-12-04 06:00:00,6.088599570778797,2.138224,1.4516666666666664,18.96990232681122,0
2023-12-04 07:00:00,4.9436129977902095,2.138224,1.3922222222222222,18.73245455177039,0
2023-12-04 08:00:00,6.991986740506806,2.138224,1.2955555555555556,19.615109465005744,0
2023-12-04 09:00:00,6.45638439147217,2.138224,1.3716666666666668,19.193327939389256,0
2023-12-04 10:00:00,5.036910559531807,2.138224,1.4666666666666668,19.52526197477867,0
2023-12-04 11:00:00,5.242344426009618,2.138224,1.5916666666666668,19.24732253302354,0
2023-12-04 12:00:00,5.879216043788495,2.138224,1.6749999999999998,19.301534642719258,0
2023-12-04 13:00:00,6.887231546416223,2.138224,1.6283333333333332,19.70126359267595,0
2023-12-04 14:00:00,9.213583009742882,2.138224,1.5366666666666668,19.10737148313738,0
2023-12-04 15:00:00,6.173467176007521,2.138224,1.5055555555555555,19.35713138127981,0
2023-12-04 16:00:00,6.69766903569753,2.138224,1.3872222222222224,19.208866735779885,0
2023-12-04 17:00:00,7.930148294550179,2.138224,1.2844444444444445,18.436114247242084,0
2023-12-04 18:00:00,5.220288407413784,2.138224,1.1966666666666665,19.322262539197865,0
2023-12-04 19:00:00,6.121657573342708,2.138224,1.166111111111111,19.704452609343914,0
2023-12-04 20:00:00,5.8350997780109495,2.138224,1.1938888888888888,19.376394467533963,0
2023-12-04 21:00:00,5.628474327069136,2.138224,1.1522222222222223,19.14922443541872,0
2023-12-04 22:00:00,5.619434979008241,2.138224,1.0994444444444447,19.09593831517571,0
2023-12-04 23:00:00,7.161731282229084,2.138224,1.153888888888889,18.88852512752913,0
2023-12-05 00:00:00,4.871884449819949,2.138224,1.3111111111111111,17.403319122510354,0
2023-12-05 01:00:00,5.9179210221329255,2.138224,1.4427777777777777,18.775195381694754,0
2023-12-05 02:00:00,8.212883219511198,2.138224,1.5438888888888889,19.567588361627628,0
2023-12-05 03:00:00,7.122287667174267,2.138224,1.5238888888888888,19.556858498699174,0
2023-12-05 04:00:00,7.433717707427202,2.138224,1.5061111111111112,19.675789923832966,0
2023-12-05 05:00:00,6.836659675970243,2.138224,1.4405555555555554,18.489351073222878,0
2023-12-05 06:00:00,5.4232831429287955,2.138224,1.4983333333333333,18.432517125046086,0
2023-12-05 07:00:00,7.987144190433433,2.138224,1.4722222222222223,18.505595680625543,0
2023-12-05 08:00:00,5.034333780804341,2.138224,1.4116666666666664,19.00054570282411,0
2023-12-05 09:00:00,9.369813905862971,2.138224,1.3605555555555557,18.68723892436272,0
2023-12-05 10:00:00,6.587202394053449,2.138224,1.2833333333333334,18.809964183008866,0
2023-12-05 11:00:00,3.5314805802130684,2.138224,1.3266666666666669,19.166484705988015,0
2023-12-05 12:00:00,7.460280732620497,2.138224,1.2083333333333333,19.524106255863718,0
2023-12-05 13:00:00,5.717738807461842,2.138224,1.055,18.620791641478437,0
2023-12-05 14:00:00,8.083218071729634,2.138224,0.9311111111111111,18.193559776922445,0
2023-12-05 15:00:00,5.76119333801729,2.138224,0.8244444444444445,19.321197455922686,0
2023-12-05 16:00:00,5.319904712225456,2.138224,0.7111111111111111,18.331613029394006,0
2023-12-05 17:00:00,6.501440857208023,2.138224,0.6816666666666666,18.55681969066573,0
2023-12-05 18:00:00,4.845809275357337,2.138224,0.6094444444444445,18.4065086550872,0
2023-12-05 19:00:00,4.711424739684809,2.138224,0.5588888888888889,18.81107389171828,0
2023-12-05 20:00:00,7.837678922414251,2.138224,0.5127777777777778,18.32068201252024,0
2023-12-05 21:00:00,7.663087945206836,2.138224,0.5316666666666667,19.92416741157186,0
2023-12-05 22:00:00,5.930353477289564,2.138224,0.5716666666666667,19.638013212214386,0
2023-12-05 23:00:00,7.6329594187765935,2.138224,0.5416666666666666,19.109393968131393,0
2023-12-06 00:00:00,4.9829999637163285,2.138224,0.5127777777777778,18.57992054374157,0
2023-12-06 01:00:00,6.123489934108225,2.138224,0.5,18.76410904996838,0
2023-12-06 02:00:00,4.967417977497397,2.138224,0.49722222222222223,18.01560602073754,0
2023-12-06 03:00:00,7.491475247857867,2.138224,0.5061111111111111,18.56489864151313,0
2023-12-06 04:00:00,7.352928066984279,2.138224,0.5388888888888889,17.733895437891075,0
2023-12-06 05:00:00,5.925692981089195,2.138224,0.6172222222222222,18.72877059364707,0
2023-12-06 06:00:00,4.943223214435108,2.138224,0.5844444444444444,18.508209211584884,0
2023-12-06 07:00:00,7.643764570582994,2.138224,0.5933333333333333,17.79448450834158,0
2023-12-06 08:00:00,5.496105064365385,2.138224,0.6,18.777974196939685,0
2023-12-06 09:00:00,6.371075566007279,2.138224,0.6088888888888889,18.837134026914043,0
2023-12-06 10:00:00,6.059357903847213,2.138224,0.7133333333333334,19.487921318617982,0
2023-12-06 11:00:00,5.991031187871801,2.138224,0.8788888888888889,18.809675416875344,0
2023-12-06 12:00:00,6.30510775422583,2.138224,0.8733333333333334,18.48750101804927,0
2023-12-06 13:00:00,5.443698542854862,2.138224,0.8122222222222222,18.486941080868338,0
2023-12-06 14:00:00,7.231517358118754,2.138224,0.8405555555555555,19.561727611913692,0
2023-12-06 15:00:00,5.863058816017365,2.138224,0.8983333333333334,18.429805687024288,0
2023-12-06 16:00:00,5.433131408895089,2.138224,0.8855555555555555,19.57954187691819,0
2023-12-06 17:00:00,5.820383464390272,2.138224,0.9027777777777778,19.616870078492656,0
2023-12-06 18:00:00,7.096191262706921,2.138224,0.9883333333333333,19.12508388065696,0
2023-12-06 19:00:00,6.357663389583933,2.138224,1.0027777777777778,19.304243724113736,0
2023-12-06 20:00:00,4.065181024826486,2.138224,1.058888888888889,19.054648731224272,0
2023-12-06 21:00:00,6.679578726800824,2.138224,1.1516666666666666,19.949604290698407,0
2023-12-06 22:00:00,6.313096743375243,2.138224,1.3005555555555557,18.758223140377705,0
2023-12-06 23:00:00,6.3697931712767115,2.138224,1.3972222222222221,18.42946252994275,0
2023-12-07 00:00:00,5.827179043887772,2.138224,1.5316666666666665,19.349794983002212,0
2023-12-07 01:00:00,7.352489544078938,2.138224,1.5083333333333335,19.328422029195163,0
2023-12-07 02:00:00,7.110430778211064,2.138224,1.4105555555555556,18.96880763353374,0
2023-12-07 03:00:00,6.782807309366767,2.138224,1.3355555555555556,17.88959916107865,0
2023-12-07 04:00:00,5.350988681439591,2.138224,1.2794444444444444,18.66254890832853,0
2023-12-07 05:00:00,8.060453407439315,2.138224,1.2766666666666666,18.4877949373932,0
2023-12-07 06:00:00,7.990497050885593,2.138224,1.2694444444444446,19.06531638098928,0
2023-12-07 07:00:00,6.36496784334933,2.138224,1.2661111111111112,18.58220735541038,0
2023-12-07 08:00:00,6.8812427231795,2.138224,1.3444444444444443,18.70519793814077,0
2023-12-07 09:00:00,4.494591856015991,2.138224,1.3605555555555557,17.898439887778462,0
2023-12-07 10:00:00,6.577282141391573,2.138224,1.1638888888888888,19.024374639491775,0
2023-12-07 11:00:00,5.564060241383737,2.138224,1.0383333333333333,19.48935158851255,0
2023-12-07 12:00:00,4.990956336405326,2.138224,0.985,19.06450688543852,0
2023-12-07 13:00:00,6.706278140067425,2.138224,0.9255555555555555,18.33596061974946,0
2023-12-07 14:00:00,7.71820516559517,2.138224,0.8677777777777779,19.44887782918242,0
2023-12-07 15:00:00,7.392394978693123,2.138224,0.8850000000000001,19.243312098588117,0
2023-12-07 16:00:00,5.337722100328619,2.138224,0.98,19.01485679284801,0
2023-12-07 17:00:00,7.861044550068584,2.138224,1.0966666666666667,19.861134859249002,0
2023-12-07 18:00:00,6.429888403296654,2.138224,1.1005555555555555,19.703702948784088,0
2023-12-07 19:00:00,6.14195400128094,2.138224,1.1394444444444445,18.03816695392973,0
2023-12-07 20:00:00,4.431058115315365,2.138224,1.2422222222222221,18.14951822556952,0
2023-12-07 21:00:00,7.7587836787336295,2.138224,1.3655555555555556,19.445214453552648,0
2023-12-07 22:00:00,5.824746927174343,2.138224,1.3333333333333333,18.537096737373812,0
2023-12-07 23:00:00,8.226567270635686,2.138224,1.271111111111111,19.28558010781022,0
2023-12-08 00:00:00,6.934875665978164,2.138224,1.3283333333333334,18.650674889041113,0
2023-12-08 01:00:00,6.720975532762022,2.138224,1.3411111111111111,18.784874173856853,0
2023-12-08 02:00:00,8.035369238426119,2.138224,1.268888888888889,18.86141062851997,0
2023-12-08 03:00:00,6.432261459764553,2.138224,1.3372222222222223,19.39119277500632,0
2023-12-08 04:00:00,9.958533497597495,2.138224,1.2605555555555557,19.733803612099425,0
2023-12-08 05:00:00,5.59198787625373,2.138224,1.2061111111111111,17.9396356463937,0
2023-12-08 06:00:00,5.678636326069211,2.138224,1.1105555555555555,19.26373021302128,0
2023-12-08 07:00:00,5.979869110540984,2.138224,1.0355555555555556,19.035842555313266,0
2023-12-08 08:00:00,7.027269724430727,2.138224,1.0611111111111111,18.65232430277124,0
2023-12-08 09:00:00,5.2124139095803015,2.138224,0.9294444444444444,18.90546931256523,0
2023-12-08 10:00:00,4.391936576061331,2.138224,0.8877777777777777,18.531797464961173,0
2023-12-08 11:00:00,6.199647232703723,2.138224,0.8613333333333333,18.892864407983815,0
2023-12-08 12:00:00,4.81643946047346,2.138224,0.8394444444444443,19.352346397443327,0
2023-12-08 13:00:00,8.981387627995469,2.138224,0.8244444444444445,19.166372375344796,0
2023-12-08 14:00:00,6.676440026696947,2.138224,0.8216666666666667,18.79055628280201,0
2023-12-08 15:00:00,6.298340798630297,2.138224,0.8688888888888888,18.617340759720033,0
2023-12-08 16:00:00,7.52552907129041,2.138224,0.861111111111111,18.73000210522062,0
2023-12-08 17:00:00,5.90294541089131,2.138224,0.8300000000000001,17.888167293157373,0
2023-12-08 18:00:00,6.132493809645464,2.138224,0.8544444444444445,19.01661099546755,0
2023-12-08 19:00:00,6.6642265026882015,2.138224,0.7772222222222221,18.839123636524146,0
2023-12-08 20:00:00,7.353374174299653,2.138224,0.765,19.32061800536989,0
2023-12-08 21:00:00,7.3280949142667255,2.138224,0.7538888888888889,19.282038137542532,0
2023-12-08 22:00:00,7.644126498348726,2.138224,0.7399999999999999,17.13393235515836,0
2023-12-08 23:00:00,6.7177406748781126,2.138224,0.7455555555555556,19.26671638328686,0
2023-12-09 00:00:00,7.8440199870144545,2.138224,0.7805555555555556,18.854260438131448,0
2023-12-09 01:00:00,6.961409320636502,2.138224,0.835,18.9549330704493,0
2023-12-09 02:00:00,7.149789014524797,2.138224,0.8866666666666667,19.597091178413034,0
2023-12-09 03:00:00,6.863964430168244,2.138224,0.9183333333333333,18.776206243737946,0
2023-12-09 04:00:00,5.265647958793491,2.138224,0.9422222222222222,19.049221265726434,0
2023-12-09 05:00:00,6.027139024113982,2.138224,0.9427777777777777,19.319390168800187,0
2023-12-09 06:00:00,5.014400266101512,2.138224,0.9527777777777778,19.85122044642711,0
2023-12-09 07:00:00,5.014729230755063,2.138224,0.9261111111111111,19.18315337355681,0
2023-12-09 08:00:00,4.963297161540173,2.138224,0.9216666666666667,19.09041696240114,0
2023-12-09 09:00:00,5.475153946395264,2.138224,0.9199999999999999,19.43045228887902,0
2023-12-09 10:00:00,7.288814362941043,2.138224,0.9105555555555557,18.801444476293494,0
2023-12-09 11:00:00,8.017998531466962,2.138224,0.955,19.16840115796333,0
2023-12-09 12:00:00,7.779634024841568,2.138224,0.9755555555555556,18.319585365629806,0
2023-12-09 13:00:00,5.276850641991426,2.138224,0.9488888888888889,19.319392599053234,0
2023-12-09 14:00:00,5.443131456108042,2.138224,0.94,19.23666161872207,0
2023-12-09 15:00:00,7.127485573393433,2.138224,0.9477777777777777,19.428210894215137,0
2023-12-09 16:00:00,7.769085979631124,2.138224,0.9305555555555555,19.084422233807082,0
2023-12-09 17:00:00,7.758815643596336,2.138224,0.9211111111111111,19.226177680591135,0
2023-12-09 18:00:00,4.066706073323605,2.138224,0.8694444444444445,19.402539540255308,0
2023-12-09 19:00:00,5.186526143845069,2.138224,0.7644444444444445,19.731748268917077,0
2023-12-09 20:00:00,7.1209978368856754,2.138224,0.7594444444444445,19.467659993696234,0
2023-12-09 21:00:00,5.816675748785799,2.138224,0.7622222222222222,18.209355733463994,0
2023-12-09 22:00:00,4.536117859377042,2.138224,0.8122222222222222,18.597360373502443,0
2023-12-09 23:00:00,7.119856851848726,2.138224,0.8172222222222222,18.610515618703992,0
2023-12-10 00:00:00,7.145502539057525,2.138224,0.7777777777777778,18.456413316874464,0
2023-12-10 01:00:00,5.3899952435218035,2.138224,0.7694444444444445,18.99017583334036,0
2023-12-10 02:00:00,4.923941968963958,2.138224,0.7827777777777779,18.506017579908026,0
2023-12-10 03:00:00,7.545982479536657,2.138224,0.7705555555555555,19.16899209310306,0
2023-12-10 04:00:00,5.5780622870434255,2.138224,0.7994444444444445,17.827037443112737,0
2023-12-10 05:00:00,5.907732846728276,2.138224,0.7905555555555556,17.811880805668167,0
2023-12-10 06:00:00,6.0661938456689635,2.138224,0.7766666666666667,18.824246806993003,0
2023-12-10 07:00:00,3.6082326285960598,2.138224,0.741111111111111,19.271168603538474,0
2023-12-10 08:00:00,6.867190208701239,2.138224,0.7472222222222222,19.25900514429625,0
2023-12-10 09:00:00,6.5345318635704155,2.138224,0.7394444444444445,18.714784979855242,0
2023-12-10 10:00:00,6.772454460972138,2.138224,0.7744444444444444,19.276741266845374,0
2023-12-10 11:00:00,6.587977720847647,2.138224,0.785,19.401004684299668,0
2023-12-10 12:00:00,6.032630128948114,2.138224,0.8011111111111111,19.014248853812038,0
2023-12-10 13:00:00,7.200733234661734,2.138224,0.8283333333333333,18.878100448080986,0
2023-12-10 14:00:00,5.481252937720563,2.138224,0.846111111111111,18.94026517804949,0
2023-12-10 15:00:00,5.41781883259802,2.138224,0.9527777777777778,19.41894160685784,0
2023-12-10 16:00:00,6.279574997887447,2.138224,1.065,18.4046021713216,0
2023-12-10 17:00:00,5.579487379257208,2.138224,1.133888888888889,18.57805032189792,0
2023-12-10 18:00:00,4.425682378885597,2.138224,1.2827777777777778,18.838882832285094,0
2023-12-10 19:00:00,5.989928699832608,2.138224,1.4422222222222223,18.88638603719226,0
2023-12-10 20:00:00,7.4237181599493445,2.138224,1.5238888888888888,19.41799559186453,0
2023-12-10 21:00:00,6.7958093034912785,2.138224,1.5972222222222223,19.563579342288133,0
2023-12-10 22:00:00,8.968748794322517,2.138224,1.6611111111111112,18.775395470422612,0
2023-12-10 23:00:00,6.870295005999087,2.138224,1.8405555555555555,19.052159328871323,0
2023-12-11 00:00:00,9.168747832143742,2.138224,1.7472222222222225,19.297844665216612,0
2023-12-11 01:00:00,9.097758941420006,2.138224,1.846111111111111,18.435772658779953,1
2023-12-11 02:00:00,8.066684650264623,2.138224,2.173888888888889,19.147055364071118,0
2023-12-11 03:00:00,8.250647550752635,2.138224,2.372777777777778,19.327121251796722,0
2023-12-11 04:00:00,8.617286679602543,2.138224,2.792777777777778,19.277226655586414,0
2023-12-11 05:00:00,6.702570868784851,2.138224,3.132222222222222,19.447606688921848,0
2023-12-11 06:00:00,5.230653976148865,2.138224,2.867777777777778,18.75791326146045,0
2023-12-11 07:00:00,6.29449167433807,2.138224,2.946111111111111,19.04673609458358,0
2023-12-11 08:00:00,3.6844786171091104,2.138224,2.912777777777778,16.98329967620047,0
2023-12-11 09:00:00,6.746510276593663,2.138224,2.6750000000000003,19.538929536469848,0
2023-12-11 10:00:00,6.128323731582483,2.138224,2.4655555555555555,17.702309798669642,0
2023-12-11 11:00:00,6.713951287562427,2.138224,2.435,19.05733169733296,0
2023-12-11 12:00:00,7.8274447512168654,2.138224,2.5733333333333333,18.792482799018806,0
2023-12-11 13:00:00,7.443353722450598,2.138224,2.591666666666667,18.615379213212744,0
2023-12-11 14:00:00,4.783670508617102,2.138224,2.626666666666667,19.46830192148652,0
2023-12-11 15:00:00,6.95940815297563,2.138224,2.74,18.317824207958505,0
2023-12-11 16:00:00,5.5790830962127265,2.138224,2.8349999999999995,19.5098443278092,0
2023-12-11 17:00:00,6.468719769931614,2.138224,2.7661111111111114,18.17653673997719,0
2023-12-11 18:00:00,4.745414455558479,2.138224,2.8816666666666664,19.108420240835617,0
2023-12-11 19:00:00,7.698440736067668,2.138224,2.901666666666667,18.77519254912546,0
2023-12-11 20:00:00,7.181763278005587,2.138224,2.741111111111111,18.982270975028104,0
2023-12-11 21:00:00,5.534926468303024,2.138224,2.8066666666666666,18.004709070242434,0
2023-12-11 22:00:00,5.710085483268248,2.138224,2.6344444444444446,19.438179440280305,0
2023-12-11 23:00:00,6.116538847475563,2.138224,2.678888888888889,18.48492696415885,0
2023-12-12 00:00:00,7.260663469426362,2.138224,2.58,17.730068291908292,0
2023-12-12 01:00:00,5.348320365168732,2.138224,2.6461111111111113,19.08822877333534,0
2023-12-12 02:00:00,5.047348376723554,2.138224,2.616111111111111,19.583223137349226,0
2023-12-12 03:00:00,7.548244371944256,2.138224,2.4683333333333333,18.90875320281795,0
2023-12-12 04:00:00,6.7338354833242855,2.138224,2.3594444444444442,19.632750812032963,0
2023-12-12 05:00:00,5.623515049479132,2.138224,2.181111111111111,19.17699552899769,0
2023-12-12 06:00:00,6.093797810515436,2.138224,2.0516666666666667,18.985678743383858,0
2023-12-12 07:00:00,5.961775513220771,2.138224,1.9316666666666666,19.262432363514634,0
2023-12-12 08:00:00,8.988204020048412,2.138224,1.9027777777777777,19.393549020190314,0
2023-12-12 09:00:00,7.412687298243122,2.138224,1.6222222222222225,19.612084728214906,0
2023-12-12 10:00:00,4.5424765057155545,2.138224,1.6211111111111112,19.098237389404897,0
2023-12-12 11:00:00,5.549614496822056,2.138224,1.601111111111111,18.360976864967082,0
2023-12-12 12:00:00,6.211210888089048,2.138224,1.3972222222222221,19.048996707203802,0
2023-12-12 13:00:00,6.743957249150803,2.138224,1.3072222222222223,18.690195625521465,0
2023-12-12 14:00:00,6.185576162721444,2.138224,1.2244444444444444,19.20944321386001,0
2023-12-12 15:00:00,8.872142866729037,2.138224,1.325,18.992308577054096,0
2023-12-12 16:00:00,8.830194875308715,2.138224,1.268888888888889,19.21977483893246,0
2023-12-12 17:00:00,5.0012792348631665,2.138224,1.2722222222222221,19.141649179361785,0
2023-12-12 18:00:00,7.210469822396078,2.138224,1.3099999999999998,19.185834701521483,0
2023-12-12 19:00:00,7.788580710006012,2.138224,1.318888888888889,18.919061695430333,0
2023-12-12 20:00:00,6.651037871461244,2.138224,1.3022222222222222,18.307342848243568,0
2023-12-12 21:00:00,8.089510625803296,2.138224,1.4922222222222221,19.360740875829674,0
2023-12-12 22:00:00,8.618849861505582,2.138224,1.415,19.189279265933504,0
2023-12-12 23:00:00,7.232577661165705,2.138224,1.4427777777777777,18.329013583243423,0
2023-12-13 00:00:00,6.0018477011137845,2.138224,1.542777777777778,19.421288528250347,0
2023-12-13 01:00:00,6.69442329548247,2.138224,1.641111111111111,19.242884066901556,0
2023-12-13 02:00:00,7.724641857289581,2.138224,1.8433333333333335,19.184268063602513,0
2023-12-13 03:00:00,4.719140830248108,2.138224,1.7983333333333331,18.768031074980847,0
2023-12-13 04:00:00,7.032491527968685,2.138224,1.8877777777777778,18.616172473811357,0
2023-12-13 05:00:00,5.494358858643849,2.138224,1.8250000000000002,19.1654282027761,0
2023-12-13 06:00:00,6.513380885738894,2.138224,1.8127777777777778,18.879624530700802,0
2023-12-13 07:00:00,4.790985847252123,2.138224,1.82,17.467375465090086,0
2023-12-13 08:00:00,6.472427681093575,2.138224,1.778888888888889,19.649189962934376,0
2023-12-13 09:00:00,5.208971736107369,2.138224,1.7011111111111112,19.9171419410757,0
2023-12-13 10:00:00,5.088227572920626,2.138224,1.6716666666666666,19.71273319673528,0
2023-12-13 11:00:00,6.973166683179591,2.138224,1.635,18.783635326553924,0
2023-12-13 12:00:00,4.988793053403055,2.138224,1.573888888888889,17.767525614805983,0
2023-12-13 13:00:00,6.242046006295588,2.138224,1.5438888888888889,17.980183915789222,0
2023-12-13 14:00:00,6.0606525766160795,2.138224,1.4666666666666668,18.76627669703213,0
2023-12-13 15:00:00,7.078211309430458,2.138224,1.416111111111111,19.629745736118053,0
2023-12-13 16:00:00,7.241151901165978,2.138224,1.301111111111111,18.72208061578166,0
2023-12-13 17:00:00,6.901197741922537,2.138224,1.28,18.859561738193694,0
2023-12-13 18:00:00,6.1273319267139215,2.138224,1.248888888888889,18.850582275920207,0
2023-12-13 19:00:00,6.006179804903237,2.138224,1.2822222222222222,18.106220285252615,0
2023-12-13 20:00:00,7.244882763541379,2.138224,1.2072222222222222,18.60512949209248,0
2023-12-13 21:00:00,7.410810002277578,2.138224,1.2091666666666667,19.598342960476476,0
2023-12-13 22:00:00,6.5614167960033445,2.138224,1.278,18.393836974650313,0
2023-12-13 23:00:00,5.841095451748539,2.138224,1.4827777777777778,18.58691819531612,0
2023-12-14 00:00:00,6.717401607265903,2.138224,1.5094444444444444,18.386301288679572,0
2023-12-14 01:00:00,6.536223899188261,2.138224,1.4177777777777776,18.99434839502656,0
2023-12-14 02:00:00,6.600202930199573,2.138224,1.386111111111111,18.683564755812682,0
2023-12-14 03:00:00,6.969771979529455,2.138224,1.3855555555555554,19.308322251917055,0
2023-12-14 04:00:00,7.793666677870376,2.138224,1.39,18.929079336129547,0
2023-12-14 05:00:00,6.5086816068541795,2.138224,1.3994444444444445,17.296137767959646,0
2023-12-14 06:00:00,7.673004722376678,2.138224,1.4683333333333335,19.00887436099076,0
2023-12-14 07:00:00,7.940228416495114,2.138224,1.401111111111111,19.18634856836179,1
2023-12-14 08:00:00,6.534979447184852,2.138224,1.26,19.114864032442526,0
2023-12-14 09:00:00,7.905282039835477,2.138224,1.136111111111111,19.031696625945504,0
2023-12-14 10:00:00,5.1871539634000525,2.138224,1.0616666666666668,18.718499577129993,0
2023-12-14 11:00:00,7.713843848067879,2.138224,0.9905555555555555,19.38793851263738,0
2023-12-14 12:00:00,7.748436229776566,2.138224,0.8516666666666667,19.06116520125614,0
2023-12-14 13:00:00,5.333428810586913,2.138224,0.7655555555555557,19.821018315551758,0
2023-12-14 14:00:00,6.380561439406317,2.138224,0.726111111111111,18.41194193311968,0
2023-12-14 15:00:00,7.410528540307548,2.138224,0.638888888888889,18.924964085076045,0
2023-12-14 16:00:00,6.06655433389833,2.138224,0.635,17.81376313321425,0
2023-12-14 17:00:00,7.926971762416451,2.138224,0.6444444444444445,19.195823407786634,0
2023-12-14 18:00:00,6.418048619373839,2.138224,0.6516666666666667,19.227695563362207,0
2023-12-14 19:00:00,5.622188337754815,2.138224,0.5916666666666667,18.44903930666365,0
2023-12-14 20:00:00,5.508752241256772,2.138224,0.5211111111111112,18.238197336273625,0
2023-12-14 21:00:00,4.574738880070696,2.138224,0.4611111111111111,18.80661180604071,0
2023-12-14 22:00:00,6.225119753594715,2.138224,0.4344444444444444,19.20301517802353,0
2023-12-14 23:00:00,5.361531954744127,2.138224,0.40277777777777773,19.093264144751895,0
2023-12-15 00:00:00,5.161522100027118,2.138224,0.4283333333333333,19.168119422851284,0
2023-12-15 01:00:00,5.974457990824175,2.138224,0.5322222222222223,18.83256488701747,0
2023-12-15 02:00:00,6.698125363127176,2.138224,0.6094444444444445,19.723701505706053,0
2023-12-15 03:00:00,6.605995280313188,2.138224,0.6611111111111111,19.465692172326005,0
2023-12-15 04:00:00,5.784849263530433,2.138224,0.7716666666666666,18.705158006166208,0
2023-12-15 05:00:00,7.073676506493871,2.138224,0.9633333333333334,19.28560006237674,0
2023-12-15 06:00:00,4.946737216919347,2.138224,1.1505555555555553,18.577854775174387,0
2023-12-15 07:00:00,3.961424452039117,2.138224,1.3216666666666668,18.0392618022688,0
2023-12-15 08:00:00,7.8333227700145285,2.138224,1.4244444444444444,19.09045552221297,0
2023-12-15 09:00:00,6.4380207808477925,2.138224,1.4044444444444446,18.98093474452404,0
2023-12-15 10:00:00,7.60449377773013,2.138224,1.3427777777777778,19.140188695534476,0
2023-12-15 11:00:00,6.813032499671949,2.138224,1.3311111111111111,19.015243725249615,0
2023-12-15 12:00:00,6.0387276352241015,2.138224,1.375,19.764137303777925,0
2023-12-15 13:00:00,5.7798602700118975,2.138224,1.4677777777777778,19.001323933642617,0
2023-12-15 14:00:00,5.555587382759351,2.138224,1.4772222222222222,17.942185873085315,0
2023-12-15 15:00:00,6.3832042103105815,2.138224,1.5061111111111112,19.323862590942003,0
2023-12-15 16:00:00,6.949996020924466,2.138224,1.3677777777777778,19.180214439795794,0
2023-12-15 17:00:00,6.181762479695524,2.138224,1.4722222222222223,19.403878872891017,0
2023-12-15 18:00:00,8.234568219704606,2.138224,1.4244444444444444,18.79513125121262,0
2023-12-15 19:00:00,4.558364600001279,2.138224,1.2827777777777778,20.0,0
2023-12-15 20:00:00,7.1590471728990765,2.138224,1.133888888888889,18.856307296764143,0
2023-12-15 21:00:00,5.123945176367825,2.138224,1.08,19.040568225560026,0
2023-12-15 22:00:00,6.217464406905898,2.138224,0.9472222222222223,19.561065054937682,0
2023-12-15 23:00:00,7.934201878839308,2.138224,0.9122222222222223,19.108175088164113,0
2023-12-16 00:00:00,7.28595538386093,2.138224,0.9111111111111111,19.539956966852834,0
2023-12-16 01:00:00,5.9945176204230135,2.138224,0.846111111111111,19.83558912780534,0
2023-12-16 02:00:00,8.209894745976767,2.138224,0.7794444444444445,17.78139413864565,0
2023-12-16 03:00:00,5.722013829653016,2.138224,0.7577777777777778,18.99690221887632,0
2023-12-16 04:00:00,6.69497902556472,2.138224,0.7127777777777777,19.20970821900917,0
2023-12-16 05:00:00,8.667839789865754,2.138224,0.7622222222222222,18.387884516103757,0
2023-12-16 06:00:00,6.517343363024231,2.138224,0.758888888888889,19.60338717973522,0
2023-12-16 07:00:00,7.68785885171766,2.138224,0.7366666666666667,19.62067483319064,0
2023-12-16 08:00:00,6.891270583963542,2.138224,0.736111111111111,18.590994704690768,0
2023-12-16 09:00:00,8.865544667554632,2.138224,0.725,19.047630308108307,0
2023-12-16 10:00:00,5.583849508135341,2.138224,0.6872222222222222,18.49766451145517,0
2023-12-16 11:00:00,8.667088323630926,2.138224,0.6188888888888889,19.1849988963835,0
2023-12-16 12:00:00,6.133244285975922,2.138224,0.6127777777777778,18.350280910333108,0
2023-12-16 13:00:00,7.361324588254657,2.138224,0.5683333333333334,18.446779804498735,0
2023-12-16 14:00:00,7.238082089573861,2.138224,0.5172222222222222,18.769281237327935,0
2023-12-16 15:00:00,8.435006461248653,2.138224,0.5622222222222222,19.233514021685952,0
2023-12-16 16:00:00,6.085548862680005,2.138224,0.65,18.793314349235892,0
2023-12-16 17:00:00,5.545945322159582,2.138224,0.6738888888888889,18.99755648828453,0
2023-12-16 18:00:00,6.382121670409102,2.138224,0.6772222222222223,19.88534848144177,0
2023-12-16 19:00:00,7.030509321416219,2.138224,0.6783333333333333,19.030817780616267,0
2023-12-16 20:00:00,4.58146214541088,2.138224,0.7111111111111111,18.77080726325345,0
2023-12-16 21:00:00,6.157046582067441,2.138224,0.6661111111111112,19.494066741215715,0
2023-12-16 22:00:00,6.1583138749951205,2.138224,0.6861111111111112,19.01071341788699,0
2023-12-16 23:00:00,7.4375468321773,2.138224,0.7861111111111111,18.59377792948247,0
2023-12-17 00:00:00,6.065405113474749,2.138224,0.895,18.622688348500493,0
2023-12-17 01:00:00,6.217591301131492,2.138224,0.9722222222222222,18.707487251143636,0
2023-12-17 02:00:00,6.818204908115575,2.138224,1.0577777777777777,19.834719150129725,0
2023-12-17 03:00:00,5.858745624841507,2.138224,1.2122222222222223,17.997702800724596,0
2023-12-17 04:00:00,6.28787693216006,2.138224,1.3072222222222223,19.125258089642358,0
2023-12-17 05:00:00,7.688232596814813,2.138224,1.3633333333333333,19.431217153148246,0
2023-12-17 06:00:00,4.948945762384182,2.138224,1.4655555555555555,18.69423738835174,0
2023-12-17 07:00:00,9.186256016063536,2.138224,1.4994444444444444,18.236601250175987,0
2023-12-17 08:00:00,4.388331704000324,2.138224,1.5077777777777779,19.525434154822904,0
2023-12-17 09:00:00,7.081688175724998,2.138224,1.5705555555555557,19.669375022693277,0
2023-12-17 10:00:00,3.7916073659720078,2.138224,1.566111111111111,19.17943730662215,0
2023-12-17 11:00:00,4.928584125948467,2.138224,1.683888888888889,19.10577782136069,0
2023-12-17 12:00:00,6.1225450520604605,2.138224,1.6477777777777778,19.343551300794537,0
2023-12-17 13:00:00,5.051651526991901,2.138224,1.8433333333333335,19.11062787729693,0
2023-12-17 14:00:00,4.654378928380376,2.138224,2.0216666666666665,19.352158746822667,0
2023-12-17 15:00:00,8.403580217710445,2.138224,2.0066666666666664,18.79577241477303,0
2023-12-17 16:00:00,6.26949913599793,2.138224,1.9094444444444445,18.204304581233362,0
2023-12-17 17:00:00,7.814054982553227,2.138224,2.0566666666666666,18.366423395299552,0
2023-12-17 18:00:00,5.2628321298503025,2.138224,2.0966666666666667,18.86222034686719,0
2023-12-17 19:00:00,6.468427631995322,2.138224,2.1066666666666665,19.131438490235784,0
2023-12-17 20:00:00,5.760762542009775,2.138224,2.1044444444444443,19.133802839982135,0
2023-12-17 21:00:00,4.061912867467092,2.138224,1.985,19.001655664572286,0
2023-12-17 22:00:00,5.381673001235737,2.138224,1.7966666666666669,18.233266969695446,0
2023-12-17 23:00:00,4.149546067739494,2.138224,1.7299999999999998,19.778434351818856,0
2023-12-18 00:00:00,3.279322628037143,2.138224,1.7905555555555557,17.706026287468543,0
2023-12-18 01:00:00,7.70984914371433,2.138224,1.7827777777777778,18.575898579221086,0
2023-12-18 02:00:00,5.482854410660253,2.138224,1.8766666666666667,19.89246795755692,0
2023-12-18 03:00:00,5.930420196078717,2.138224,1.8094444444444446,18.98162093487637,0
2023-12-18 04:00:00,7.263073489354216,2.138224,1.926111111111111,18.423157445156196,0
2023-12-18 05:00:00,4.346233590993142,2.138224,2.1205555555555557,18.809778045405256,0
2023-12-18 06:00:00,5.768207958598967,2.138224,2.6444444444444444,19.328514407615934,0
2023-12-18 07:00:00,4.363340518353368,2.138224,3.5511111111111116,19.485419336879943,0
2023-12-18 08:00:00,4.295701940817688,2.138224,4.556111111111112,19.003391078649365,0
2023-12-18 09:00:00,6.117099779644028,2.138224,5.155,18.61938465568996,1
2023-12-18 10:00:00,7.302919413682113,2.138224,5.732222222222222,18.258741998041245,0
2023-12-18 11:00:00,6.190955068495923,2.138224,6.073333333333333,18.183846366015633,1
2023-12-18 12:00:00,5.819606019988534,2.138224,6.109444444444445,18.959814992264555,1
2023-12-18 13:00:00,6.2769792767801444,2.138224,6.22,18.838453398217545,0
